Stations_id;Bezugszeitraum;Datenquelle;Jan.;Feb.;März;Apr.;Mai;Jun.;Jul.;Aug.;Sept.;Okt.;Nov.;Dez.;Jahr;
         1;1981-2010;        46;       -.4;        .7;       4.7;       8.7;      13.3;      16.5;      18.5;      17.9;      13.8;       9.2;       3.7;        .7;         9;
         3;1981-2010;        51;         3;       3.2;       6.4;       9.5;      13.6;      16.2;      18.4;        18;      14.6;        11;       6.6;       3.7;      10.4;
        44;1981-2010;        51;       1.7;       1.9;       4.9;       8.7;      12.9;      15.3;      17.6;      17.2;      13.6;       9.6;       5.4;       2.3;       9.3;
        52;1981-2010;        46;       1.2;       1.5;       4.2;       8.1;      12.5;      15.1;      17.6;      17.1;      13.4;       9.3;         5;       1.9;       8.9;
        61;1981-2010;        46;      -1.4;       -.3;       4.3;       8.8;      13.9;      16.5;      18.5;        18;      13.6;       8.7;       3.4;       -.2;       8.6;
        70;1981-2010;        46;      -1.1;       -.4;         3;       6.8;      11.4;      14.5;      16.7;      16.1;      12.2;       8.1;       2.8;         0;       7.5;
        71;1981-2010;        42;      -1.1;       -.5;       2.9;       6.6;      11.1;      14.3;      16.3;      15.7;        12;         8;       2.8;         0;       7.4;
        72;1981-2010;        46;      -1.2;       -.7;       2.7;       6.2;      10.9;        14;      16.1;      15.6;      11.8;       7.8;       2.6;       -.2;       7.1;
        73;1981-2010;        51;      -1.6;       -.3;       4.2;       8.9;        14;      16.7;      18.5;      17.8;      13.6;       8.8;       3.5;       -.2;       8.7;
        78;1981-2010;        51;       1.8;         2;       4.9;       8.6;      12.9;      15.4;      17.6;      17.1;      13.6;       9.6;       5.4;       2.3;       9.3;
        91;1981-2010;        51;        .2;        .6;       4.1;       7.8;      12.4;      15.2;      17.4;      16.8;      12.9;       8.8;       4.2;       1.1;       8.5;
        93;1981-2010;        46;        .3;        .7;       4.5;       8.2;      12.7;      15.4;      17.6;      17.1;      13.2;       8.9;       4.4;       1.1;       8.7;
        96;1981-2010;        42;        .4;         1;         4;       8.7;      13.7;      16.2;      18.7;      18.1;        14;       9.4;       4.6;       1.2;       9.2;
        98;1981-2010;        46;      -1.1;       -.9;       2.1;       5.8;      10.3;      12.9;      15.1;      14.7;      11.2;         7;       2.6;       -.3;       6.6;
       116;1981-2010;        46;        .3;        .9;       4.6;       8.7;      13.5;      16.3;      18.6;      18.2;      14.1;       9.5;       4.7;       1.2;       9.2;
       125;1981-2010;        42;      -1.1;       -.5;       3.2;         7;      11.9;      14.8;        17;      16.5;      12.5;       8.5;       2.9;         0;       7.7;
       129;1981-2010;        46;        .3;        .7;       3.6;       7.9;      12.6;      15.5;        18;      17.6;      13.6;       9.1;       4.3;       1.1;       8.7;
       131;1981-2010;        42;       -.2;        .5;         4;       8.2;      13.1;      15.8;      18.1;      17.7;      13.6;       9.1;       4.1;        .7;       8.7;
       132;1981-2010;        46;      -2.6;      -1.9;       1.8;       6.4;      11.3;        14;      16.1;      15.7;      11.7;         7;       1.6;      -1.7;       6.6;
       142;1981-2010;        51;      -1.1;       -.2;       3.9;       8.1;        13;      15.9;      17.8;      17.3;      13.1;       8.6;       3.2;        .1;       8.3;
       150;1981-2010;        51;       1.2;       2.1;       6.1;       9.8;      14.4;        17;      19.3;      18.9;      14.6;       9.9;       5.2;       2.2;      10.1;
       151;1981-2010;        51;      -1.1;       -.3;         4;       8.3;      13.4;      16.5;      18.5;      17.8;      13.1;       8.3;       3.2;         0;       8.5;
       154;1981-2010;        42;      -1.3;       -.2;       3.9;       8.1;      13.1;      15.9;      17.8;      17.2;      13.2;       8.7;       3.2;       -.3;       8.3;
       161;1981-2010;        42;       2.3;       2.9;       6.6;      10.2;      14.6;      17.4;      19.5;      18.9;      14.9;      10.6;       6.1;       3.1;      10.6;
       164;1981-2010;        51;         0;        .7;       3.9;       8.5;      13.4;      16.1;      18.5;      17.9;      13.9;       9.2;       4.1;        .8;       8.9;
       167;1981-2010;        42;        .3;        .7;       3.6;       7.8;      12.5;      15.5;        18;      17.6;      13.7;       9.3;       4.4;       1.2;       8.7;
       169;1981-2010;        46;      -1.2;       -.8;       2.4;       6.8;      11.7;      14.1;      16.5;      16.2;      12.1;       7.8;         3;       -.3;       7.3;
       172;1981-2010;        46;        .1;        .4;       3.4;       7.2;      11.6;      14.1;      16.4;      16.2;      12.6;       8.6;       4.1;        .8;         8;
       174;1981-2010;        46;       1.1;       1.9;       5.6;       9.3;      13.8;      16.8;      18.9;      18.3;      14.2;       9.9;         5;       2.1;       9.7;
       175;1981-2010;        46;       -.7;        .1;         4;       8.1;      12.9;      15.8;      17.9;      17.5;      13.2;       8.7;       3.5;        .4;       8.5;
       177;1981-2010;        46;       -.6;        .1;         4;       8.2;        13;      15.9;        18;      17.5;      13.3;       8.7;       3.6;        .4;       8.5;
       183;1981-2010;        44;       1.1;       1.1;       2.9;       6.1;      10.4;      14.2;      17.1;      17.3;      14.1;        10;       5.5;       2.3;       8.5;
       184;1981-2010;        46;        .6;       1.2;       4.5;       8.8;      13.7;      16.4;      18.7;      18.2;        14;       9.4;       4.6;       1.3;       9.3;
       185;1981-2010;        46;       1.6;       1.6;       3.8;       7.4;      11.7;      14.7;      17.1;        17;      13.7;       9.7;       5.4;       2.3;       8.8;
       186;1981-2010;        46;       1.3;       1.5;       4.6;         8;      12.6;      15.2;      17.2;      16.5;      13.1;       9.2;       5.1;         2;       8.9;
       191;1981-2010;        42;        .2;        .9;       4.7;       8.8;      13.3;      16.3;      18.4;      18.1;      13.6;       9.3;       4.5;       1.3;       9.1;
       193;1981-2010;        46;        .5;        .8;       4.3;       7.9;      12.4;      15.2;      17.4;      16.9;      13.1;         9;       4.6;       1.5;       8.6;
       198;1981-2010;        51;        .2;        .8;       4.6;       8.9;      13.7;      16.4;      18.8;      18.5;      14.2;       9.4;       4.5;         1;       9.3;
       202;1981-2010;        46;       1.5;       2.2;       6.1;       9.9;      14.5;      17.4;      19.5;      18.8;      14.6;      10.1;       5.4;       2.4;      10.2;
       207;1981-2010;        46;        .9;       1.3;       4.8;       8.9;      13.7;      16.4;      18.8;      18.3;      14.2;       9.6;         5;       1.6;       9.5;
       211;1981-2010;        46;        .7;       1.3;         5;       8.8;      13.3;      16.2;      18.1;      17.5;      13.4;       9.1;       4.7;       1.6;       9.1;
       217;1981-2010;        51;       -.7;         0;       3.7;       7.6;      12.4;      15.2;      17.4;      16.9;        13;       8.9;       3.4;        .3;       8.2;
       221;1981-2010;        46;        -1;         0;       4.1;       8.3;      13.4;      16.2;      18.2;      17.6;      13.4;       8.7;       3.4;        .1;       8.5;
       222;1981-2010;        51;       -.1;        .4;       3.6;       7.6;      12.5;      15.1;      17.3;      16.8;        13;         9;       3.9;        .8;       8.3;
       231;1981-2010;        46;       -.8;        .1;       4.2;       8.2;      13.1;      16.1;      18.1;      17.5;      13.3;       8.9;       3.4;        .4;       8.5;
       232;1981-2010;        51;       -.8;        .1;       4.1;       8.1;      13.1;      16.1;        18;      17.5;      13.3;       8.8;       3.4;        .4;       8.5;
       243;1981-2010;        51;         2;         2;       4.6;       7.9;      12.1;      14.7;        17;      16.7;      13.6;       9.9;       5.5;       2.9;       9.1;
       257;1981-2010;        51;       1.7;       2.7;       6.1;       9.5;      14.1;      17.2;      19.2;      18.6;      14.5;      10.3;       5.4;       2.8;      10.2;
       259;1981-2010;        51;       1.7;       2.4;       6.3;       9.7;        14;        17;      19.4;      18.8;      14.8;      10.5;       5.5;       2.9;      10.3;
       268;1981-2010;        42;       -.2;        .4;       3.6;       7.1;      11.8;      14.8;      16.9;      16.5;      12.6;       8.7;       3.6;        .9;       8.1;
       273;1981-2010;        46;       -.3;        .5;       4.5;       8.6;      13.5;      16.7;      18.6;      17.9;      13.8;       9.3;       3.7;        .8;         9;
       282;1981-2010;        51;       -.1;        .7;       4.5;       8.8;      13.7;      16.6;      18.6;      17.9;      13.5;         9;         4;         1;         9;
       283;1981-2010;        46;       -.3;        .4;       4.3;       8.5;      13.4;      16.3;      18.3;      17.6;      13.4;       8.9;       3.9;        .7;       8.8;
       284;1981-2010;        46;       -.3;        .3;       4.2;       8.4;      13.4;      16.2;      18.3;      17.6;      13.4;       8.9;       3.8;        .7;       8.7;
       288;1981-2010;        46;        .3;        .8;       3.7;       7.9;      12.6;      15.6;      18.1;      17.7;      13.9;       9.3;       4.5;       1.2;       8.8;
       294;1981-2010;        42;       1.6;         2;       5.1;         9;      13.3;      15.9;      18.3;      17.9;      14.2;        10;       5.6;       2.2;       9.6;
       298;1981-2010;        51;        .6;       1.1;       3.2;       7.1;      11.6;      14.8;      17.3;      17.1;      13.6;       9.3;       4.7;       1.6;       8.5;
       303;1981-2010;        42;        .4;       1.2;       4.6;       9.1;      14.2;      16.8;      19.1;      18.5;      14.2;       9.5;       4.6;       1.2;       9.5;
       314;1981-2010;        51;        .2;         1;       4.4;       8.8;      13.7;      16.5;      18.8;      18.3;      14.4;       9.9;       4.7;       1.1;       9.3;
       320;1981-2010;        51;       -.6;        .2;       4.1;       8.2;      13.1;      16.1;        18;      17.3;      13.1;       8.7;       3.7;        .5;       8.6;
       326;1981-2010;        42;         2;       2.3;       5.5;       9.1;      13.5;        16;      18.2;      17.7;      14.1;      10.1;       5.8;       2.8;       9.8;
       327;1981-2010;        46;       1.6;       1.8;       4.5;       8.3;      12.5;      15.1;      17.4;      17.1;      13.7;       9.7;       5.3;       2.2;       9.1;
       330;1981-2010;        51;       -.1;        .8;       4.4;       8.3;      12.8;      15.6;      17.8;      17.5;      13.5;         9;       3.9;        .8;       8.7;
       335;1981-2010;        46;       1.6;       1.9;       4.2;       7.7;        12;      15.1;      17.7;      17.3;        14;       9.8;       5.5;       2.4;       9.1;
       342;1981-2010;        42;       1.8;       2.1;       5.2;       8.8;      13.1;      15.7;        18;      17.6;      13.9;       9.9;       5.6;       2.4;       9.5;
       348;1981-2010;        46;       2.3;       2.9;       6.6;      10.1;      14.4;      17.2;      19.3;      18.8;      14.9;      10.7;       6.2;       3.1;      10.5;
       355;1981-2010;        46;       1.9;       2.8;       6.7;      10.6;      15.1;        18;      20.1;      19.5;      15.4;      10.7;       5.8;       2.7;      10.8;
       361;1981-2010;        46;      -1.3;       -.2;       3.7;         8;        13;      15.5;      17.4;        17;      13.2;       8.8;       3.2;       -.5;       8.2;
       365;1981-2010;        46;        -1;       -.2;       3.7;         8;        13;      15.8;      17.8;      17.2;      13.1;       8.5;       3.3;        .1;       8.3;
       368;1981-2010;        42;       1.2;       1.5;       4.5;       8.5;      13.1;      15.7;        18;      17.5;      13.6;       9.4;         5;       1.9;       9.2;
       377;1981-2010;        51;       1.6;       2.6;       6.4;      10.2;      14.7;      17.6;      19.9;        19;        15;      10.6;       5.4;       2.6;      10.5;
       379;1981-2010;        46;       -.2;        .4;         4;       8.2;      12.9;      15.7;      17.9;      17.4;      13.4;       8.9;       4.1;        .7;       8.6;
       386;1981-2010;        46;       -.3;        .1;       3.3;       7.1;      11.6;      14.3;      16.5;      15.9;      12.2;         8;       3.6;        .5;       7.8;
       390;1981-2010;        42;      -1.3;       -.8;       2.4;       6.1;      10.5;      13.3;      15.5;        15;      11.4;       7.3;       2.7;       -.4;       6.8;
       395;1981-2010;        46;        .3;       1.2;       4.6;       9.2;      14.2;      17.1;      19.3;      18.7;      14.4;       9.5;       4.5;       1.2;       9.5;
       399;1981-2010;        42;         1;       1.9;       5.3;        10;      15.2;      17.7;        20;      19.5;      15.1;      10.4;       5.3;       1.8;      10.2;
       400;1981-2010;        51;        .4;       1.4;       4.5;       9.2;      14.2;      16.8;        19;      18.4;      14.1;       9.4;       4.6;       1.3;       9.5;
       402;1981-2010;        46;        .6;       1.4;       4.7;       9.4;      14.3;      16.8;      19.1;      18.3;      14.1;       9.5;       4.7;       1.4;       9.5;
       403;1981-2010;        51;        .5;       1.3;       4.7;       9.4;      14.2;      16.8;      19.1;      18.3;      14.1;       9.4;       4.6;       1.2;       9.5;
       405;1981-2010;        46;        .3;       1.2;       4.6;       9.3;      14.3;      16.9;      19.3;      18.6;      14.3;       9.4;       4.5;       1.1;       9.5;
       407;1981-2010;        42;        .7;       1.3;       4.7;       9.7;      14.3;        17;      19.3;      18.6;      14.3;       9.7;       4.7;       1.5;       9.7;
       408;1981-2010;        46;        .9;       1.7;       5.1;       9.8;      14.7;      17.5;      19.8;      19.2;      14.9;      10.1;       5.1;       1.7;        10;
       410;1981-2010;        42;        .3;       1.1;       4.5;       9.1;      14.2;      16.8;      19.2;      18.4;      14.1;       9.3;       4.4;       1.1;       9.4;
       416;1981-2010;        42;        .5;       1.3;       4.7;       9.4;      14.4;      17.1;      19.5;      18.7;      14.5;       9.6;       4.7;       1.3;       9.6;
       417;1981-2010;        46;        .6;       1.4;       4.8;       9.5;      14.4;      17.1;      19.3;      18.6;      14.3;       9.6;       4.8;       1.4;       9.7;
       420;1981-2010;        42;        .6;       1.4;       4.8;       9.5;      14.5;      17.1;      19.5;      18.8;      14.6;       9.8;       4.8;       1.4;       9.7;
       422;1981-2010;        46;        .9;       1.7;       5.1;       9.8;      14.7;      17.5;      19.8;      19.2;      14.9;      10.1;       5.1;       1.7;        10;
       424;1981-2010;        46;        .9;       1.7;       5.1;       9.9;      14.9;      17.5;      19.9;      19.3;        15;      10.1;       5.1;       1.7;      10.1;
       425;1981-2010;        42;        .3;       1.2;       4.6;       9.2;      14.3;      17.1;      19.3;      18.7;      14.4;       9.5;       4.5;       1.2;       9.5;
       427;1981-2010;        51;        .1;         1;       4.5;       9.2;      14.3;        17;      19.4;      18.8;      14.5;       9.5;       4.4;         1;       9.5;
       429;1981-2010;        46;        .6;       1.4;       4.8;       9.5;      14.4;        17;      19.4;      18.7;      14.4;       9.7;       4.8;       1.4;       9.7;
       430;1981-2010;        51;        .8;       1.6;       4.9;       9.6;      14.6;      17.2;      19.6;      18.9;      14.6;       9.9;       4.9;       1.6;       9.9;
       432;1981-2010;        46;        .7;       1.4;       4.7;       9.4;      14.4;        17;      19.3;      18.5;      14.3;       9.6;       4.8;       1.4;       9.6;
       433;1981-2010;        51;        .8;       1.6;         5;       9.7;      14.8;      17.5;      19.9;      19.3;      14.9;      10.1;         5;       1.6;      10.1;
       434;1981-2010;        46;        .7;       1.5;       4.9;       9.5;      14.5;      17.3;      19.6;      19.1;      14.7;       9.8;       4.8;       1.5;       9.8;
       435;1981-2010;        51;        .7;       1.3;       4.6;       9.3;      14.5;      16.9;      19.3;      18.5;      14.4;       9.8;       4.6;       1.7;       9.6;
       445;1981-2010;        51;        .8;       1.3;       4.9;       9.2;        14;      16.7;      19.3;      18.8;      14.6;       9.8;       4.9;       1.5;       9.7;
       450;1981-2010;        51;       2.6;       3.1;       6.8;      10.3;      14.7;      17.7;      19.8;      19.1;        15;        11;       6.4;       3.5;      10.9;
       460;1981-2010;        42;         1;       1.9;       5.6;       9.1;      13.3;      16.2;      18.6;      18.1;      14.2;       9.8;       4.9;       1.9;       9.5;
       474;1981-2010;        46;       -.9;       -.2;       3.8;       7.7;      12.5;      15.6;      17.6;        17;        13;       8.6;       3.2;        .2;       8.2;
       480;1981-2010;        51;        .2;        .4;         4;       7.6;      12.4;      15.2;      17.3;      16.6;      12.7;       8.6;         4;       1.3;       8.3;
       502;1981-2010;        44;       -.6;       -.2;       3.7;       7.5;      12.3;      15.1;      17.3;      16.9;        13;       8.5;       3.4;        .7;       8.1;
       524;1981-2010;        46;       1.2;       1.9;       5.4;       9.7;      14.5;      17.3;      19.7;      19.3;      14.9;      10.2;       5.3;       1.9;      10.1;
       526;1981-2010;        46;        .1;        .8;       4.4;       8.5;      13.2;        16;      18.2;      17.7;      13.5;         9;       4.4;         1;       8.9;
       535;1981-2010;        42;         1;        .9;       4.5;         8;      12.4;      15.2;      17.5;      17.1;      13.2;       9.4;       4.2;       1.2;       8.7;
       550;1981-2010;        46;       -.1;        .3;       3.8;       7.9;      12.7;      15.5;      17.7;      17.3;      13.3;       8.9;         4;        .6;       8.5;
       553;1981-2010;        46;       2.7;       3.1;         6;       9.4;      13.7;      16.2;      18.5;      17.8;      14.5;      10.6;       6.3;       3.3;      10.2;
       555;1981-2010;        42;       2.7;         3;       6.2;       9.6;        14;      16.5;      18.8;      18.1;      14.5;      10.7;       6.5;       3.4;      10.3;
       576;1981-2010;        46;        .1;        .9;       4.5;       8.3;      12.9;      15.9;        18;      17.3;      13.3;       9.1;         4;       1.1;       8.8;
       578;1981-2010;        46;        -1;       -.2;       3.8;         8;      12.9;      15.9;      17.8;      17.3;        13;       8.4;       3.2;        .1;       8.3;
       588;1981-2010;        46;       1.3;       1.7;       5.2;         9;      13.5;        16;      18.3;      17.7;        14;       9.7;       5.4;       2.1;       9.5;
       591;1981-2010;        51;        .8;       1.5;       4.1;       8.5;      13.1;      15.7;      18.1;      17.7;        14;       9.5;       4.8;       1.5;       9.1;
       592;1981-2010;        46;       1.3;       1.6;       4.3;       8.1;      12.4;      15.1;      17.5;      17.1;      13.6;       9.4;       5.1;         2;         9;
       596;1981-2010;        51;       1.2;       1.5;       3.9;       7.4;      11.7;      14.7;      17.4;      17.4;      14.1;       9.9;       5.3;       2.1;       8.9;
       598;1981-2010;        46;       2.7;       3.2;       6.6;      10.1;      14.4;      17.1;      19.2;      18.6;      14.9;      10.8;       6.5;       3.5;      10.6;
       599;1981-2010;        46;       2.8;       3.3;       6.7;      10.1;      14.4;      17.1;      19.3;      18.7;      14.9;      10.8;       6.5;       3.6;      10.7;
       601;1981-2010;        46;       2.2;       2.7;       6.2;       9.5;      13.8;      16.6;      18.7;      18.2;      14.4;      10.4;         6;         3;      10.1;
       603;1981-2010;        42;       2.1;       2.5;         6;       9.4;      13.7;      16.4;      18.5;        18;      14.3;      10.3;       5.9;       2.8;        10;
       606;1981-2010;        46;       -.8;        .1;       3.9;       7.9;      12.8;      15.9;        18;      17.2;      13.1;       8.8;       3.3;        .2;       8.4;
       614;1981-2010;        51;        .6;         1;       4.6;       8.4;        13;      15.6;      17.7;      17.5;      13.6;       9.5;       4.7;       1.7;         9;
       617;1981-2010;        42;       2.6;         3;       6.1;       9.6;      13.8;      16.4;      18.6;      17.9;      14.4;      10.6;       6.4;       3.3;      10.2;
       619;1981-2010;        51;       2.7;       2.7;         5;       8.2;      12.2;      14.9;      17.3;      17.8;      14.9;        11;       6.6;       3.6;       9.8;
       642;1981-2010;        46;         2;       2.3;       4.9;       8.6;      12.8;      15.4;      17.8;      17.5;      14.1;      10.1;       5.8;       2.7;       9.5;
       643;1981-2010;        46;         2;       2.3;         5;       8.6;      12.8;      15.4;      17.8;      17.4;      14.1;      10.1;       5.8;       2.7;       9.5;
       645;1981-2010;        46;       1.9;       2.2;       5.1;       8.8;      13.1;      15.6;      17.8;      17.4;      13.8;       9.9;       5.6;       2.5;       9.5;
       648;1981-2010;        51;       1.2;       1.5;         4;       7.7;      12.2;      14.8;      17.1;      16.8;      13.4;       9.4;       4.9;       2.2;       8.8;
       650;1981-2010;        46;        .7;       1.3;       4.7;       9.1;      14.1;      16.7;      19.1;      18.4;      14.2;       9.6;       4.8;       1.5;       9.5;
       652;1981-2010;        46;       -.5;        .3;       4.1;       8.2;      13.1;        16;      18.1;      17.5;      13.3;       8.7;       3.7;        .6;       8.6;
       656;1981-2010;        51;      -2.1;      -1.8;       1.1;       5.3;      10.3;      12.4;      14.8;      14.4;      10.5;       6.3;       1.9;      -1.4;         6;
       660;1981-2010;        46;       1.3;       1.7;       4.9;       9.1;      13.6;      16.1;      18.5;        18;      14.2;       9.9;       5.3;         2;       9.5;
       661;1981-2010;        46;       1.4;       1.7;         5;       9.1;      13.6;      16.2;      18.5;      18.1;      14.2;       9.9;       5.3;       2.1;       9.6;
       662;1981-2010;        51;       1.3;       1.7;       4.9;         9;      13.4;        16;      18.3;        18;      14.2;       9.9;       5.3;         2;       9.6;
       685;1981-2010;        46;      -1.1;       -.6;         3;       6.9;      11.4;      14.4;      16.5;        16;      12.2;       7.9;         3;       -.1;       7.5;
       691;1981-2010;        51;       1.8;       2.1;       4.9;       8.8;        13;      15.5;        18;      17.5;      13.9;       9.7;       5.5;       2.4;       9.5;
       699;1981-2010;        46;       1.8;       2.1;       4.9;       8.8;        13;      15.6;        18;      17.5;      13.9;       9.7;       5.5;       2.4;       9.4;
       701;1981-2010;        51;         2;       2.3;       5.1;       8.9;      13.1;      15.6;      18.1;      17.9;      14.5;      10.3;       5.9;       2.7;       9.7;
       702;1981-2010;        46;         2;       2.3;       4.9;       8.7;      12.9;      15.5;      17.9;      17.7;      14.4;      10.3;       5.9;       2.7;       9.6;
       703;1981-2010;        46;       1.7;       1.9;       4.6;       8.4;      12.8;      15.4;      17.7;      17.2;      13.7;       9.7;       5.4;       2.3;       9.2;
       704;1981-2010;        42;       1.7;       1.8;       4.5;       8.4;      12.7;      15.3;      17.6;      17.2;      13.7;       9.7;       5.3;       2.3;       9.2;
       705;1981-2010;        46;       1.7;         2;       4.6;       8.4;      12.8;      15.4;      17.7;      17.2;      13.7;       9.7;       5.4;       2.3;       9.2;
       706;1981-2010;        46;       1.9;       2.7;       6.6;      10.2;      14.8;        18;        20;      19.4;      15.2;      10.8;       5.6;       2.9;      10.7;
       710;1981-2010;        46;       1.3;         2;       5.8;       9.6;      14.1;      17.2;      19.3;      18.6;      14.5;        10;       5.2;       2.2;        10;
       717;1981-2010;        46;        .2;        .4;       3.4;         7;      11.4;        14;      16.2;      15.8;      12.3;       8.5;       4.1;         1;       7.8;
       722;1981-2010;        51;      -3.5;      -3.7;      -1.6;       2.1;       6.7;       9.1;      11.6;      11.5;         8;       4.3;         0;      -2.5;       3.5;
       727;1981-2010;        46;        .7;       1.4;       5.1;       8.9;      13.4;      16.4;      18.4;      17.9;      13.9;       9.4;       4.6;       1.6;       9.3;
       729;1981-2010;        46;      -1.6;        -1;       2.4;       6.5;      11.2;        14;      16.2;      15.7;      11.8;       7.5;       2.7;       -.6;       7.1;
       736;1981-2010;        46;        .3;        .9;       4.3;       7.8;      12.2;      15.3;      17.3;      16.6;      12.7;       8.7;       4.1;       1.2;       8.4;
       755;1981-2010;        51;       -.2;        .5;       4.2;       8.2;      12.8;      15.9;      18.1;      17.5;      13.2;       8.6;       3.8;        .9;       8.6;
       757;1981-2010;        42;         1;       1.6;       5.1;       8.7;      13.2;      16.3;      18.3;      17.8;        14;       9.9;       4.7;       2.1;       9.4;
       760;1981-2010;        46;        .9;       1.2;         4;       7.9;      12.3;      14.9;      17.3;      16.7;      13.1;         9;       4.7;       1.6;       8.6;
       766;1981-2010;        42;        .1;        .6;         4;       7.6;      11.9;      14.8;      16.9;      16.4;      12.7;       8.6;       3.8;        .9;       8.2;
       769;1981-2010;        51;       2.2;       2.4;       5.4;       9.2;      13.6;      16.2;      18.6;      18.2;      14.5;      10.3;         6;       2.9;       9.9;
       771;1981-2010;        46;       1.1;       1.8;       5.6;       9.5;      14.2;        17;      19.1;      18.3;      14.3;       9.7;       5.2;         2;       9.8;
       772;1981-2010;        46;       2.1;         3;       6.9;      10.4;      15.1;      17.9;        20;      19.5;      15.4;      10.9;       5.8;       2.9;      10.8;
       773;1981-2010;        46;        .6;       1.4;         5;       8.4;        13;      15.8;        18;      17.7;      13.7;       9.5;       4.4;       1.6;       9.1;
       793;1981-2010;        46;       -.1;        .4;       3.8;       7.3;      11.6;      14.6;      16.8;      16.1;      12.3;       8.4;       3.7;        .8;         8;
       817;1981-2010;        51;       -.1;        .3;         4;       7.7;      12.4;      15.3;      17.4;      16.8;      12.6;       8.4;         4;        .8;       8.4;
       840;1981-2010;        42;      -3.1;      -2.7;        .3;       4.5;       9.4;      12.1;      14.2;        14;      10.3;       6.1;         1;      -2.1;       5.3;
       848;1981-2010;        46;       1.4;       1.8;       4.9;       9.2;      13.9;      16.4;      18.8;      18.1;      14.1;       9.7;       5.3;       2.1;       9.6;
       850;1981-2010;        51;       1.3;       1.7;       4.9;       8.9;      14.1;      16.4;      18.8;      18.2;      14.1;       9.7;       5.4;       2.3;       9.6;
       851;1981-2010;        46;      -1.3;       -.3;       3.8;       8.3;      13.4;      16.1;      18.2;      17.5;      13.2;       8.5;       3.2;       -.2;       8.4;
       853;1981-2010;        51;       -.3;        .2;       3.6;         8;      12.8;      15.3;      17.7;      17.5;      13.5;       9.1;       3.9;        .6;       8.5;
       856;1981-2010;        42;       -.8;        .1;       3.9;       8.1;      13.2;      15.9;        18;      17.4;      13.4;       9.1;       3.5;        .1;       8.5;
       863;1981-2010;        51;      -1.4;      -1.1;       1.7;       5.9;      10.7;      13.1;      15.3;      14.9;      11.4;       7.3;       2.7;       -.5;       6.7;
       865;1981-2010;        46;       1.9;       2.1;       4.9;       8.7;      12.9;      15.5;      17.7;      17.4;      13.8;       9.8;       5.6;       2.5;       9.4;
       867;1981-2010;        51;       -.6;        .2;       4.1;       8.4;      13.3;        16;      18.1;      17.6;      13.5;       8.9;       3.7;        .5;       8.7;
       876;1981-2010;        46;         0;        .6;         4;       8.2;      13.1;      15.9;      18.3;      17.9;      13.8;       9.2;       4.2;        .8;       8.8;
       879;1981-2010;        46;        .3;       1.2;       4.7;       9.3;      14.4;      17.1;      19.4;      18.7;      14.3;       9.7;       4.6;       1.2;       9.6;
       880;1981-2010;        51;        .3;       1.1;       4.7;       9.3;      14.4;      17.1;      19.4;      18.7;      14.3;       9.7;       4.6;       1.2;       9.6;
       881;1981-2010;        46;       -.3;        .4;       4.2;       8.3;      13.2;      16.2;      18.2;      17.7;      13.4;       8.9;       3.8;        .8;       8.7;
       888;1981-2010;        46;         0;        .6;       4.2;       8.4;      13.2;        16;      18.2;      17.9;      13.7;       9.2;       4.3;        .8;       8.9;
       891;1981-2010;        51;       2.2;       2.4;       4.7;       8.3;      12.4;      15.2;      17.7;      17.7;      14.7;      10.6;       6.2;         3;       9.6;
       896;1981-2010;        42;        .4;         1;       4.7;       8.7;      13.5;      16.3;      18.6;      18.2;      13.9;       9.4;       4.8;       1.3;       9.2;
       917;1981-2010;        42;       1.4;       2.1;         6;       9.8;      14.3;      17.3;      19.5;      18.7;      14.6;        10;       5.3;       2.3;      10.1;
       918;1981-2010;        46;       1.6;       2.4;       6.3;      10.2;      14.7;      17.7;      19.8;      19.2;      14.9;      10.3;       5.5;       2.4;      10.4;
       919;1981-2010;        46;       1.5;       2.2;       6.1;       9.9;      14.5;      17.5;      19.6;      18.9;      14.7;      10.1;       5.4;       2.4;      10.2;
       931;1981-2010;        46;        -1;       -.1;       3.7;       7.4;      12.1;      15.2;      17.3;      16.9;        13;       8.6;         3;         0;         8;
       948;1981-2010;        46;        .8;       1.5;         5;       9.4;      14.2;        17;      19.4;      18.8;      14.6;       9.8;         5;       1.6;       9.7;
       953;1981-2010;        42;        .5;       1.1;       4.3;       7.7;      12.1;      14.8;      17.2;      16.8;      13.1;       9.1;       4.4;       1.4;       8.5;
       963;1981-2010;        51;       1.7;       2.1;       5.1;       8.9;      13.2;      15.8;      18.1;      17.6;      13.9;       9.7;       5.5;       2.4;       9.5;
       964;1981-2010;        46;        .3;        .8;       4.3;       7.7;      12.1;      15.1;      17.1;      16.6;      12.7;       8.8;       4.1;       1.2;       8.4;
       965;1981-2010;        46;        .7;       1.4;       4.9;       9.4;      14.3;        17;      19.3;      18.8;      14.5;       9.9;       4.9;       1.6;       9.7;
       970;1981-2010;        46;       -.7;         0;       3.9;         8;      12.8;      15.7;      17.9;      17.4;      13.1;       8.5;       3.5;        .4;       8.4;
       979;1981-2010;        51;        .3;        .8;       4.2;       7.9;      12.6;      15.5;      17.5;      16.7;      12.8;       8.6;       4.2;       1.1;       8.5;
       982;1981-2010;        51;       -.5;        .3;       4.7;       8.8;      13.8;      16.9;      18.9;      18.2;      13.7;         9;       3.5;        .8;         9;
       983;1981-2010;        42;       -.5;        .5;       4.7;       8.9;      13.8;      16.8;      18.7;        18;      13.7;         9;       3.7;        .6;         9;
       991;1981-2010;        42;       -.7;         0;       3.3;       7.6;      12.7;      15.4;      17.5;      17.1;      12.9;       8.5;       3.6;        .1;       8.2;
       998;1981-2010;        46;       -.1;        .2;       3.4;       6.8;      11.5;      14.5;      16.7;      16.4;      12.5;       8.7;       3.7;        .8;       7.9;
      1000;1981-2010;        46;       1.2;       1.4;       3.9;       7.7;      12.1;      15.2;      17.7;      17.5;      14.1;       9.8;       5.2;       2.1;         9;
      1001;1981-2010;        51;         0;        .7;       4.4;       8.7;      13.8;      16.6;      18.9;      18.3;      14.1;       9.5;       4.4;         1;       9.2;
      1003;1981-2010;        46;        .2;        .8;       4.3;       8.6;      13.5;      16.2;      18.6;      18.1;      13.9;       9.4;       4.4;         1;       9.1;
      1006;1981-2010;        46;        .9;       1.4;       4.5;       8.7;      13.4;        16;      18.4;      17.9;        14;       9.4;       4.9;       1.7;       9.3;
      1018;1981-2010;        46;      -1.3;       -.6;       3.2;       7.1;      11.8;      15.1;      17.2;      16.4;      12.4;       8.2;       2.8;       -.2;       7.7;
      1032;1981-2010;        46;       2.5;       2.8;         6;       9.4;      13.8;      16.4;      18.6;        18;      14.4;      10.5;       6.3;       3.2;      10.2;
      1047;1981-2010;        46;        .7;       1.4;         5;       9.5;      14.5;      17.1;      19.5;        19;      14.6;        10;         5;       1.6;       9.8;
      1048;1981-2010;        51;         0;        .8;       4.4;       8.9;      13.8;      16.5;      18.9;      18.4;      14.2;       9.7;       4.4;         1;       9.3;
      1050;1981-2010;        51;        .9;       1.4;       5.1;       9.3;      14.2;        17;      19.4;      18.5;      14.7;      10.2;       5.2;       1.9;       9.8;
      1051;1981-2010;        42;        .6;       1.5;       5.1;       9.4;      14.5;        17;      19.4;      18.9;      14.6;        10;         5;       1.5;       9.8;
      1052;1981-2010;        42;        .6;       1.1;       4.5;       8.9;      13.8;      16.5;      18.9;      18.2;      14.1;       9.5;       4.6;       1.3;       9.3;
      1066;1981-2010;        46;        .6;         1;       4.5;       8.4;        13;      15.6;      17.9;      17.5;      13.6;       9.1;       4.7;       1.3;       8.9;
      1072;1981-2010;        51;       1.6;       2.5;       6.7;      10.5;        15;      18.1;      20.3;      19.6;      15.1;      10.4;       5.7;       2.6;      10.8;
      1073;1981-2010;        46;       1.7;       2.6;       6.3;      10.3;      14.7;      17.7;      19.8;      19.3;      15.1;      10.3;       5.6;       2.6;      10.5;
      1074;1981-2010;        46;        .9;       1.5;       5.1;       9.3;      14.1;      16.8;      19.2;      18.8;      14.6;       9.9;       5.1;       1.6;       9.8;
      1078;1981-2010;        51;         3;       3.4;       6.7;        10;      14.2;      16.8;      19.1;      18.6;        15;      11.1;       6.8;       3.8;      10.7;
      1079;1981-2010;        46;       3.1;       3.5;       6.7;      10.2;      14.5;      17.1;      19.3;      18.6;        15;      11.1;       6.8;       3.8;      10.8;
      1084;1981-2010;        46;       3.2;       3.7;       6.9;      10.5;      14.8;      17.3;      19.5;      18.9;      15.3;      11.4;         7;         4;        11;
      1087;1981-2010;        46;       3.4;       3.9;       7.1;      10.6;        15;      17.4;      19.7;      19.2;      15.6;      11.6;       7.2;       4.1;      11.2;
      1102;1981-2010;        42;         1;       1.7;       5.6;       9.5;      14.1;      17.2;      19.3;      18.6;      14.5;        10;         5;       1.9;       9.9;
      1103;1981-2010;        51;      -1.1;       -.1;       3.9;       8.2;      13.1;      15.7;      17.6;      17.2;      13.2;       8.7;       3.1;       -.2;       8.3;
      1106;1981-2010;        46;        .3;       1.1;       4.4;         9;        14;      16.6;        19;      18.5;      14.2;       9.5;       4.5;       1.2;       9.3;
      1107;1981-2010;        51;       -.7;       -.1;       3.8;       7.8;      12.7;      15.5;      17.5;      16.9;      12.5;       8.2;       3.4;        .3;       8.2;
      1130;1981-2010;        46;       1.4;       1.5;       3.8;       7.5;      11.8;      14.6;      17.1;      16.8;      13.5;       9.5;       5.2;       2.1;       8.7;
      1146;1981-2010;        46;         0;        .8;       4.4;       8.1;      12.6;      15.8;      17.8;      17.2;      13.2;         9;       3.9;       1.1;       8.7;
      1154;1981-2010;        46;      -1.5;       -.3;       3.9;       8.4;      13.4;      16.1;      18.1;      17.6;      13.3;       8.6;       3.1;       -.3;       8.4;
      1161;1981-2010;        42;       -.8;        .1;       4.3;       8.4;      13.4;      16.4;      18.3;      17.8;      13.3;       8.7;       3.4;        .4;       8.6;
      1169;1981-2010;        46;       1.6;       2.6;       6.4;      10.1;      14.5;      17.8;      19.9;      19.2;      15.1;      10.8;       5.5;       2.6;      10.5;
      1172;1981-2010;        46;       1.1;       1.4;       4.9;         9;      13.5;      16.1;      18.4;      17.9;        14;       9.6;       5.2;       1.9;       9.4;
      1182;1981-2010;        46;        .6;       1.1;       4.7;       8.9;      13.6;      16.3;      18.7;      18.2;      14.1;       9.5;       4.7;       1.3;       9.3;
      1188;1981-2010;        46;      -1.4;       -.9;       2.3;       6.4;      11.2;        14;      16.3;      15.9;      11.9;       7.6;       2.8;       -.5;       7.1;
      1197;1981-2010;        51;       -.5;        .1;       3.8;       7.8;      12.7;      15.8;      17.9;      17.2;        13;       8.6;       3.5;        .5;       8.4;
      1200;1981-2010;        42;       1.5;       1.7;       4.2;       7.9;      12.1;      14.9;      17.3;      17.1;      13.8;       9.7;       5.4;       2.3;         9;
      1201;1981-2010;        46;       2.8;       3.2;       6.5;       9.8;        14;      16.7;      18.9;      18.4;      14.7;      10.8;       6.5;       3.6;      10.5;
      1204;1981-2010;        46;         2;       2.2;         5;       8.7;      12.9;      15.5;      17.9;      17.4;        14;        10;       5.7;       2.6;       9.5;
      1207;1981-2010;        51;      -2.2;      -1.4;       2.3;       6.5;      11.8;      14.4;      16.6;      15.7;      11.5;       7.2;       2.3;      -1.2;       6.9;
      1214;1981-2010;        42;        .7;       1.2;       4.6;       8.3;      12.8;        16;        18;      17.5;      13.6;       9.5;       4.4;       1.7;         9;
      1219;1981-2010;        46;       2.3;       2.4;         5;       8.4;      12.4;      15.1;      17.5;      17.3;      14.2;      10.3;       6.1;       2.9;       9.5;
      1221;1981-2010;        46;       2.3;       2.4;         5;       8.3;      12.3;      15.1;      17.4;      17.3;      14.2;      10.2;       6.1;       2.9;       9.5;
      1224;1981-2010;        51;       1.3;       2.1;       5.8;       9.3;      13.8;      17.3;      19.1;      18.4;      14.5;      10.1;       4.9;       2.4;       9.9;
      1229;1981-2010;        46;       1.9;       2.3;       5.9;       9.6;        14;        17;        19;      18.3;      14.3;      10.1;       5.7;       2.6;      10.1;
      1238;1981-2010;        46;         2;       2.3;       5.5;       8.9;      13.3;      16.1;        18;      17.4;      13.8;       9.9;       5.7;       2.7;       9.6;
      1239;1981-2010;        46;       -.6;        .4;       4.3;       8.3;        13;        16;      18.2;      17.5;      13.5;       8.9;       3.4;        .5;       8.6;
      1243;1981-2010;        46;        -1;       -.4;         3;       6.6;      11.2;      14.3;      16.4;      15.9;        12;       8.1;         3;        .1;       7.4;
      1246;1981-2010;        46;         2;       2.4;       5.5;       9.2;      13.5;      16.1;      18.3;      17.8;      14.1;      10.1;       5.9;       2.7;       9.8;
      1254;1981-2010;        46;       1.3;       2.1;         6;       9.8;      14.4;      17.4;      19.5;      18.9;      14.7;      10.1;       5.2;       2.2;      10.1;
      1255;1981-2010;        42;       1.1;       2.1;       5.9;       9.7;      14.3;      17.2;      19.3;      18.8;      14.6;        10;       5.1;       2.2;        10;
      1262;1981-2010;        42;        -1;        .1;       4.2;       8.5;      13.5;      16.4;      18.3;      17.8;      13.5;       8.9;       3.5;        .2;       8.7;
      1266;1981-2010;        51;       1.4;       1.6;       4.1;       7.8;        12;      14.8;      17.2;      16.9;      13.5;       9.6;       5.2;       2.1;       8.9;
      1270;1981-2010;        51;       -.3;        .2;       3.9;       8.2;      12.9;      15.5;      17.9;      17.7;      13.6;         9;       3.9;        .6;       8.6;
      1275;1981-2010;        46;      -1.3;         0;       4.3;       8.8;      13.9;      16.6;      18.5;      17.9;      13.7;         9;       3.4;       -.1;       8.7;
      1276;1981-2010;        46;        .1;        .9;       4.9;       9.1;      13.9;      17.1;      19.1;      18.3;      14.2;       9.6;       4.2;       1.2;       9.4;
      1279;1981-2010;        51;        .2;        .9;       4.8;       9.1;        14;        17;      19.2;      18.5;      13.9;       9.3;       4.3;       1.2;       9.4;
      1280;1981-2010;        46;        .1;        .9;       4.7;         9;      13.9;      16.8;      18.9;      18.2;      13.9;       9.2;       4.3;       1.1;       9.3;
      1287;1981-2010;        46;        .5;         1;       4.7;       8.5;        13;      15.8;      17.9;      17.3;      13.4;       9.1;       4.4;       1.4;       8.9;
      1292;1981-2010;        51;      -1.3;       -.5;       3.7;         8;      13.2;      15.8;      17.8;      17.5;      12.9;       8.3;       2.8;       -.2;       8.2;
      1297;1981-2010;        51;       1.1;       1.3;       4.8;       8.6;        13;      15.8;      17.9;      17.3;      13.6;       9.5;       5.1;       1.9;       9.2;
      1299;1981-2010;        46;       2.3;       2.4;       4.9;       8.3;      12.2;      14.9;      17.3;      17.1;      14.1;      10.2;         6;         3;       9.4;
      1300;1981-2010;        51;        .5;        .4;       3.7;       7.1;      11.6;      14.3;      16.5;      15.5;      12.2;       8.5;       4.3;       1.4;       8.1;
      1303;1981-2010;        51;       2.6;       2.9;       6.2;       9.6;      13.8;      16.1;      18.5;        18;      14.6;      10.7;       6.4;       3.2;      10.3;
      1327;1981-2010;        51;       2.5;       2.9;       6.3;       9.2;      13.5;      16.3;      18.6;      18.1;      14.6;      10.8;       6.3;       3.3;      10.2;
      1329;1981-2010;        46;       1.1;       1.3;       3.8;       7.6;        12;      14.8;      17.3;        17;      13.5;       9.4;         5;       1.9;       8.7;
      1332;1981-2010;        51;      -1.4;         0;       4.2;       8.7;      13.8;      16.6;      18.6;      18.2;      13.8;         9;       3.2;       -.2;       8.7;
      1339;1981-2010;        42;        .9;       1.2;       4.2;       8.3;        13;      15.6;      17.9;      17.2;      13.4;       9.1;       4.7;       1.6;       8.9;
      1345;1981-2010;        46;       -.2;        .3;       3.3;       7.7;      12.5;      15.2;      17.7;      17.3;      13.3;       8.8;       3.8;        .5;       8.3;
      1346;1981-2010;        51;      -2.6;        -3;      -1.1;       1.9;       6.4;       9.4;      11.8;      11.7;       8.3;       5.4;        .5;      -1.8;         4;
      1357;1981-2010;        51;      -2.4;      -1.7;       1.8;       6.1;        11;      13.9;      15.9;      15.3;      11.3;         7;       1.9;      -1.5;       6.6;
      1358;1981-2010;        51;      -4.2;      -4.3;      -1.8;       2.4;       7.4;       9.9;      12.3;      12.2;       8.3;       4.3;       -.3;      -3.2;       3.6;
      1374;1981-2010;        46;       -.7;       -.1;       3.7;       7.9;      12.5;      15.3;      17.4;        17;      12.8;       8.2;       3.5;        .3;       8.2;
      1378;1981-2010;        46;       1.5;       1.5;       3.6;       7.4;      11.8;      14.6;        17;      16.7;      13.4;       9.6;       5.3;       2.3;       8.7;
      1379;1981-2010;        46;       1.4;       1.5;       3.7;       7.3;      11.7;      14.5;        17;      16.8;      13.4;       9.5;       5.3;       2.2;       8.7;
      1380;1981-2010;        46;       1.6;       1.6;       3.7;       7.4;      11.8;      14.7;      17.1;      16.8;      13.6;       9.7;       5.5;       2.4;       8.8;
      1392;1981-2010;        46;      -2.6;      -1.7;         2;       6.6;      11.6;      14.3;      16.3;        16;      11.8;       7.1;       1.7;      -1.6;       6.8;
      1403;1981-2010;        46;       -.1;        .5;       4.1;       8.1;      12.5;      15.5;      17.6;        17;        13;       8.7;       3.8;        .9;       8.5;
      1410;1981-2010;        46;        .7;       1.2;       4.9;       9.1;      13.8;      16.6;      18.8;      18.3;        14;       9.4;       4.7;       1.4;       9.4;
      1411;1981-2010;        51;      -2.3;      -1.7;       1.4;       5.4;      10.3;      12.9;      15.1;      14.8;      10.7;       6.6;       1.4;      -1.6;       6.1;
      1420;1981-2010;        51;       1.6;       2.4;       6.4;      10.4;      14.8;      17.9;        20;      19.5;      15.2;      10.4;       5.6;       2.5;      10.6;
      1421;1981-2010;        46;         2;       2.8;       6.7;      10.6;      15.2;      18.2;      20.2;      19.5;      15.2;      10.5;       5.9;       2.8;      10.8;
      1424;1981-2010;        42;       1.9;       2.7;       6.7;      10.6;      15.1;      18.2;      20.2;      19.6;      15.3;      10.6;       5.9;       2.8;      10.8;
      1425;1981-2010;        46;         2;       2.9;       6.9;      10.7;      15.2;      18.3;      20.4;      19.7;      15.4;      10.7;         6;       2.9;      10.9;
      1426;1981-2010;        46;         0;        .8;       4.2;       8.8;      13.9;      16.6;      18.9;      18.4;        14;       9.3;       4.2;        .9;       9.2;
      1428;1981-2010;        46;         1;       1.8;       5.4;       9.3;      13.7;      16.7;      18.9;      18.3;      14.3;       9.8;       4.9;         2;       9.7;
      1440;1981-2010;        46;         1;       1.9;       5.5;         9;      13.6;      16.6;      18.8;      18.4;      14.4;      10.2;       4.9;       2.1;       9.7;
      1441;1981-2010;        46;       -.4;         0;       3.5;       7.7;      12.7;      15.3;      17.5;      17.1;      13.1;       8.8;       3.8;        .4;       8.3;
      1443;1981-2010;        51;       1.8;       2.9;       6.8;      10.3;      14.7;      17.8;      19.9;      19.3;      15.2;      10.8;       5.6;         3;      10.7;
      1447;1981-2010;        46;       2.4;       3.5;       7.4;      10.8;      15.4;      18.5;      20.7;      20.1;      15.9;      11.6;       6.3;       3.4;      11.3;
      1451;1981-2010;        51;       1.5;       1.8;       4.4;       8.2;      12.4;      15.1;      17.5;      17.2;      13.8;       9.7;       5.3;       2.2;       9.1;
      1468;1981-2010;        51;       -.8;       -.4;       2.4;         6;      10.7;      13.7;      15.9;      15.5;      11.9;       8.1;         3;        .2;       7.2;
      1473;1981-2010;        42;       -.9;       -.1;       3.9;       8.2;      13.2;        16;        18;      17.5;      13.2;       8.6;       3.4;        .2;       8.4;
      1488;1981-2010;        46;       -.8;       -.6;       2.6;       6.4;      11.1;        14;      16.2;      15.8;        12;       7.9;       3.2;         0;       7.3;
      1490;1981-2010;        46;        .1;       1.1;         5;       9.1;        14;      17.2;      19.1;      18.4;      14.2;       9.7;       4.2;       1.3;       9.5;
      1492;1981-2010;        46;       -.4;       -.2;       2.7;         6;      10.5;      13.6;      15.8;      15.4;      11.8;       8.2;       3.3;        .5;       7.3;
      1503;1981-2010;        51;       2.1;       2.3;       4.9;       8.4;      12.8;      14.9;      17.1;      16.6;      13.5;       9.8;       5.6;       3.1;       9.3;
      1504;1981-2010;        42;        .8;       1.3;       4.9;       8.8;      13.2;        16;      18.2;      17.6;      13.6;       9.3;       4.9;       1.7;       9.2;
      1513;1981-2010;        46;      -1.2;       -.8;       2.6;       6.2;      10.7;      13.5;      15.6;      15.2;      11.6;       7.6;       2.7;       -.3;       6.9;
      1515;1981-2010;        46;       -.8;         0;         4;       8.3;      13.2;      16.1;      18.2;      17.7;      13.4;       8.8;       3.4;        .3;       8.5;
      1522;1981-2010;        46;       -.1;        .7;       4.6;       8.8;      13.8;      16.7;      18.8;      18.1;      13.8;       9.1;       4.1;        .9;       9.1;
      1526;1981-2010;        51;        .1;        .7;       4.4;       8.1;      12.7;      15.6;      17.6;      16.9;        13;       8.7;       4.3;       1.2;       8.6;
      1544;1981-2010;        51;        .7;       1.1;       4.4;       8.5;      13.4;      16.1;      18.6;      17.8;      13.9;       9.4;       4.7;       1.4;       9.2;
      1550;1981-2010;        51;      -2.6;      -1.1;       2.8;         7;      11.9;      14.7;      16.7;      15.9;      12.3;       8.1;         2;      -1.7;       7.2;
      1552;1981-2010;        46;        .3;         1;       4.1;       8.7;      13.6;      16.3;      18.9;      18.3;      14.2;       9.4;       4.5;       1.1;       9.2;
      1568;1981-2010;        46;      -3.5;      -3.1;       -.1;         4;       8.8;      11.4;      13.7;      13.5;       9.7;       5.5;        .6;      -2.5;       4.8;
      1572;1981-2010;        42;       2.8;       3.2;       6.3;       9.6;      13.8;      16.4;      18.6;        18;      14.5;      10.8;       6.5;       3.6;      10.3;
      1580;1981-2010;        51;       1.8;       2.6;       6.5;      10.3;      14.7;      17.6;      19.7;      19.2;        15;      10.4;       5.8;       2.8;      10.6;
      1583;1981-2010;        46;      -2.9;      -2.3;        .8;       5.4;      10.4;        13;      15.4;      15.1;      10.9;       6.2;       1.2;      -2.2;       5.9;
      1584;1981-2010;        42;       -.9;       -.1;       3.5;       7.3;      11.9;      15.1;      17.1;      16.6;      12.6;       8.3;         3;        .2;       7.9;
      1586;1981-2010;        46;       -.9;         0;       3.7;       7.9;      12.9;      15.7;      17.8;      17.2;      13.4;         9;       3.4;         0;       8.3;
      1587;1981-2010;        42;      -1.2;       -.3;       3.5;       7.9;      12.7;      15.6;      17.7;      17.1;        13;       8.4;         3;       -.1;       8.1;
      1590;1981-2010;        51;       2.9;       3.3;       6.4;       9.8;        14;      16.6;      18.7;        18;      14.7;      10.8;       6.5;       3.5;      10.5;
      1593;1981-2010;        46;         1;       1.7;       5.5;       9.5;        14;      16.9;        19;      18.3;      14.2;       9.7;       5.1;       1.9;       9.7;
      1602;1981-2010;        51;       1.5;       2.3;       6.1;       9.7;      14.1;        17;      19.2;      18.4;      14.8;      10.5;       5.3;       2.6;      10.1;
      1605;1981-2010;        42;        .7;       1.2;       4.6;       8.8;      13.8;      16.5;      18.9;      18.3;      14.1;       9.4;       4.7;       1.4;       9.4;
      1612;1981-2010;        51;       -.2;        .4;         4;       8.1;      12.9;      15.7;      18.1;      17.8;      13.6;       9.1;       4.1;        .7;       8.7;
      1619;1981-2010;        51;       1.8;       2.5;       6.6;      10.2;      14.8;      17.7;      19.7;      19.5;      15.1;      10.4;       5.3;       2.8;      10.5;
      1621;1981-2010;        46;       -.9;       -.3;       3.3;       7.5;      12.1;      14.9;        17;      16.5;      12.6;       8.1;       3.2;         0;       7.8;
      1638;1981-2010;        46;         1;       1.7;       5.5;       9.4;      13.9;      16.7;      18.9;      18.3;      14.1;       9.6;         5;       1.9;       9.7;
      1639;1981-2010;        51;        .7;       1.4;       5.2;         9;      13.4;      16.4;      18.5;      17.9;      13.8;       9.2;       4.7;       1.6;       9.3;
      1645;1981-2010;        51;       -.4;         0;       3.7;       7.3;      11.7;      14.6;      16.6;        16;      12.2;       8.1;       3.7;        .6;       7.8;
      1666;1981-2010;        42;       1.5;       1.5;       3.7;       7.4;      11.8;      14.7;      17.1;      16.9;      13.6;       9.7;       5.4;       2.4;       8.8;
      1667;1981-2010;        51;       1.4;       1.6;       4.2;       7.9;      12.4;        15;      17.4;      17.2;      13.7;       9.7;       5.2;       2.4;         9;
      1684;1981-2010;        51;       -.6;        .3;       3.9;       8.6;      13.5;      16.2;      18.4;        18;      13.7;       9.3;         4;        .4;       8.8;
      1689;1981-2010;        46;       -.9;       -.1;       3.7;       7.9;      12.7;      15.4;      17.4;      16.9;      12.8;       8.5;       3.3;        .1;       8.1;
      1691;1981-2010;        51;        .9;       1.4;       4.8;       8.4;      12.8;      15.5;      17.6;      17.4;      13.7;       9.5;       5.1;       1.8;       9.1;
      1694;1981-2010;        42;        .5;        .9;       3.7;       7.9;      12.6;      15.3;      17.8;      17.4;      13.5;       9.2;       4.4;       1.2;       8.7;
      1709;1981-2010;        46;      -1.1;       -.5;       2.9;       7.3;      12.2;      14.9;      17.1;      16.6;      12.5;       8.1;         3;       -.3;       7.7;
      1721;1981-2010;        42;        -1;       -.2;       3.5;       7.8;      12.8;      15.6;      17.5;      17.1;        13;       8.4;       3.2;         0;       8.1;
      1735;1981-2010;        51;      -2.2;      -1.2;       2.5;       7.4;      12.6;      15.1;      17.1;      16.6;      12.8;       8.2;       2.6;       -.9;       7.6;
      1757;1981-2010;        51;        .6;         1;       3.7;       7.5;      12.1;      15.3;      17.8;      17.5;      13.8;       9.4;       4.7;       1.4;       8.8;
      1762;1981-2010;        51;       -.3;         0;       3.7;       7.6;      12.8;      15.7;      17.7;      17.1;      13.1;       8.8;       3.8;        .9;       8.4;
      1766;1981-2010;        42;       2.3;       2.6;       5.7;       9.3;      13.6;      16.1;      18.4;      17.8;      14.2;      10.2;         6;       2.9;       9.9;
      1792;1981-2010;        46;       2.2;       2.5;       5.3;       8.9;      13.1;      15.7;      17.9;      17.4;        14;      10.1;       5.9;       2.8;       9.6;
      1803;1981-2010;        51;        .4;        .9;       3.4;       7.5;      12.1;      14.9;      17.4;        17;      13.3;         9;       4.4;       1.3;       8.5;
      1833;1981-2010;        46;      -4.2;      -3.8;        -1;       3.2;       8.6;      11.2;        13;      12.8;       9.1;       5.3;        .1;      -3.1;       4.3;
      1834;1981-2010;        46;      -3.1;      -2.8;        .4;       4.5;       9.2;      12.1;      14.1;      13.7;      10.1;         6;        .9;      -2.2;       5.2;
      1844;1981-2010;        46;       -.8;        .1;       4.1;       8.4;      13.3;      16.1;      18.2;      17.5;      13.4;         9;       3.5;        .2;       8.6;
      1849;1981-2010;        46;      -1.1;         0;       4.1;       8.5;      13.4;      16.2;      18.3;      17.8;      13.6;       8.8;       3.3;        .1;       8.6;
      1863;1981-2010;        42;        .6;       1.2;         5;       8.9;      13.5;      16.3;      18.4;      17.6;      13.7;       9.3;       4.6;       1.5;       9.2;
      1869;1981-2010;        42;       -.2;        .4;       3.6;       8.1;      12.9;      15.7;      18.3;      17.9;      13.8;       9.1;         4;        .7;       8.7;
      1875;1981-2010;        46;       -.2;        .4;       4.1;         8;      12.9;      15.8;        18;      17.4;      13.2;       8.8;       3.8;        .7;       8.6;
      1886;1981-2010;        46;       -.4;        .4;       4.5;       8.5;      13.3;      16.3;      18.3;      17.7;      13.5;         9;       3.7;        .7;       8.8;
      1890;1981-2010;        46;        .7;       1.1;       3.9;         8;      12.6;      15.5;        18;      17.6;      13.9;       9.4;       4.7;       1.5;       8.9;
      1891;1981-2010;        46;       2.1;       2.5;       5.7;       9.4;      13.8;      16.3;      18.5;      17.9;      14.1;      10.1;       5.9;       2.8;       9.9;
      1892;1981-2010;        42;       2.1;       2.4;       5.8;       9.4;      13.7;      16.3;      18.6;      17.9;      14.2;      10.1;       5.9;       2.8;       9.9;
      1920;1981-2010;        51;       2.5;       2.6;       5.8;       9.1;      13.6;      16.6;      18.7;      18.1;      14.4;      10.6;       6.2;       3.4;      10.1;
      1957;1981-2010;        51;        .9;       1.4;         5;       9.2;      13.9;      16.6;        19;      18.5;      14.3;       9.7;       4.9;       1.7;       9.6;
      1960;1981-2010;        46;        .9;       1.4;         5;       9.2;        14;      16.7;      19.1;      18.6;      14.5;       9.8;         5;       1.6;       9.6;
      1972;1981-2010;        46;       1.5;       1.9;       4.7;       8.8;      13.3;        16;      18.4;      17.8;        14;       9.7;       5.3;       2.2;       9.4;
      1973;1981-2010;        46;       1.9;       2.2;       4.9;         9;      13.3;        16;      18.4;        18;      14.3;      10.1;       5.6;       2.5;       9.7;
      1975;1981-2010;        51;       1.5;       1.8;       4.5;       8.5;      12.9;      15.5;        18;      17.6;      13.9;       9.6;       5.3;       2.1;       9.3;
      1979;1981-2010;        46;       1.4;       1.8;       4.7;       8.8;      13.4;      16.1;      18.5;      17.9;      14.1;       9.7;       5.3;       2.2;       9.5;
      1981;1981-2010;        51;       1.7;       2.1;         5;         9;      13.5;      15.9;      18.4;      17.9;      14.2;       9.9;       5.5;       2.3;       9.6;
      1986;1981-2010;        46;       1.5;       1.9;       4.7;       8.8;      13.3;        16;      18.4;      17.9;      14.1;       9.7;       5.3;       2.2;       9.5;
      1990;1981-2010;        51;       1.6;       2.2;       4.9;       8.8;      13.5;        16;      18.4;      17.9;      13.9;       9.7;       5.3;       2.5;       9.6;
      1993;1981-2010;        51;         2;       2.2;       5.4;       9.1;      13.7;      16.1;      18.3;        18;      14.3;      10.2;       5.7;       2.9;       9.8;
      2000;1981-2010;        46;       1.7;       2.5;       6.4;      10.3;      14.9;      17.8;      19.9;      19.2;        15;      10.3;       5.6;       2.5;      10.5;
      2005;1981-2010;        46;        .8;       1.2;       4.2;       8.4;        13;      15.6;      17.9;      17.3;      13.4;       9.1;       4.7;       1.5;       8.9;
      2014;1981-2010;        51;       1.6;       1.9;         5;       8.9;      13.4;        16;      18.4;      17.9;      14.1;       9.9;       5.5;       2.3;       9.6;
      2023;1981-2010;        42;        -1;         0;       4.1;       8.3;        13;        16;        18;      17.5;      13.3;       8.6;       3.2;        .1;       8.4;
      2039;1981-2010;        51;         1;       1.3;       4.4;       8.2;      12.9;      15.5;      17.8;      17.5;      13.6;       9.3;         5;       1.6;         9;
      2044;1981-2010;        42;       -.6;       -.2;       2.9;       6.8;      11.5;      14.2;      16.5;      16.3;      12.3;       8.1;       3.6;        .1;       7.6;
      2048;1981-2010;        46;       1.6;       1.9;       4.6;       8.6;      12.9;      15.5;      17.9;      17.4;      13.8;       9.6;       5.3;       2.2;       9.3;
      2053;1981-2010;        46;       -.8;       -.5;       2.5;       6.5;      11.3;        14;      16.2;      15.8;        12;       7.7;       3.3;       -.1;       7.3;
      2069;1981-2010;        46;      -3.2;      -2.4;       1.3;       5.7;      10.8;      13.4;      15.4;      14.9;      10.9;       6.8;       1.6;      -1.8;       6.1;
      2074;1981-2010;        51;        .2;         1;       4.5;       8.1;      12.7;      15.8;      17.9;      17.4;      13.4;       9.3;         4;       1.3;       8.8;
      2078;1981-2010;        46;       1.5;       1.7;       4.1;       7.9;      12.2;      14.9;      17.3;        17;      13.7;       9.7;       5.3;       2.2;         9;
      2080;1981-2010;        51;       2.2;       3.3;       7.5;      11.2;      15.5;      18.4;      20.6;      20.1;        16;      11.4;       6.2;       3.2;      11.4;
      2081;1981-2010;        46;        .4;       1.2;       4.5;         8;      12.6;      15.4;      17.8;      17.4;      13.5;       9.6;       4.3;       1.4;       8.8;
      2083;1981-2010;        46;       2.2;       3.2;         7;      10.9;      15.3;      18.2;      20.4;        20;      15.8;      11.1;       6.2;       3.1;      11.1;
      2092;1981-2010;        46;       -.3;        .2;       3.7;       7.2;      11.7;      14.5;      16.7;      16.3;      12.6;       8.5;       3.7;        .6;       7.9;
      2095;1981-2010;        46;       1.7;       2.5;       6.4;      10.4;      14.9;      17.8;      19.8;      19.1;      14.9;      10.4;       5.6;       2.6;      10.5;
      2110;1981-2010;        51;       2.6;         3;       6.4;       9.5;      13.8;      16.5;      18.6;      18.1;      14.5;      10.7;       6.4;       3.4;      10.3;
      2120;1981-2010;        51;        .9;       1.1;       4.5;       8.7;      13.7;      16.1;      18.6;      18.2;      14.3;       9.8;       4.8;       1.9;       9.4;
      2122;1981-2010;        46;       1.4;       1.6;       4.2;       7.9;      12.1;      14.9;      17.3;        17;      13.8;       9.7;       5.3;       2.2;       8.9;
      2147;1981-2010;        51;       2.3;       2.6;       5.8;       9.5;      14.1;      16.6;      18.8;      18.4;      14.5;      10.4;       5.9;       3.2;      10.2;
      2151;1981-2010;        46;        .4;        .9;       4.5;       8.5;      13.2;      15.9;      18.1;      17.6;      13.6;       9.1;       4.6;       1.2;         9;
      2159;1981-2010;        46;        .3;         1;       4.7;       8.4;        13;        16;      18.1;      17.5;      13.5;       9.2;       4.1;       1.3;       8.9;
      2160;1981-2010;        46;       -.4;        .2;       3.7;       7.8;      12.6;      15.4;      17.6;      17.1;        13;       8.5;       3.9;        .5;       8.3;
      2166;1981-2010;        46;       -.9;       -.1;       3.4;         8;      12.9;      15.6;      17.7;      17.4;      13.2;       8.8;       3.6;        .1;       8.3;
      2167;1981-2010;        51;        .6;       1.2;       4.6;       7.9;      12.2;      15.3;      17.4;      16.8;      12.9;       8.8;       4.4;       1.5;       8.7;
      2171;1981-2010;        51;        .1;        .7;       4.3;       8.1;      12.8;      15.6;      17.7;      17.2;      13.2;       8.8;       4.2;         1;       8.6;
      2173;1981-2010;        51;       3.1;       3.3;       6.5;        10;      14.3;      16.7;      18.9;      18.1;      14.5;      10.7;       6.5;       3.9;      10.5;
      2174;1981-2010;        42;        .2;        .7;         4;       8.1;      12.9;      15.4;      17.7;      17.1;      13.2;       8.9;       4.4;         1;       8.6;
      2201;1981-2010;        42;         1;       1.1;       3.3;         7;      11.5;      14.9;      17.6;      17.6;      14.1;       9.8;       5.3;       2.1;       8.8;
      2206;1981-2010;        51;       1.9;         2;       5.2;         9;      13.7;      16.1;      18.2;        18;      14.3;      10.3;       5.8;       2.7;       9.7;
      2211;1981-2010;        51;        .9;       1.5;         5;       8.6;      12.9;      15.6;      17.7;      17.2;      13.4;       9.4;       4.8;       1.8;       9.1;
      2223;1981-2010;        46;       -.4;        .2;       4.2;       8.4;        13;      15.8;      17.9;      17.4;      13.3;       8.7;       3.9;        .7;       8.6;
      2225;1981-2010;        46;      -1.3;       -.5;         3;       7.4;      12.5;      15.1;      17.3;      16.8;      12.8;       8.4;       3.1;       -.3;       7.9;
      2226;1981-2010;        46;      -2.1;      -1.5;         2;       6.3;      11.2;      13.9;      16.1;      15.8;      11.8;       7.3;         2;      -1.2;       6.8;
      2250;1981-2010;        51;      -2.2;      -1.5;       2.4;       6.7;      12.4;      15.3;      17.1;      16.6;      12.1;       7.5;       2.2;       -.8;       7.3;
      2252;1981-2010;        42;       -.6;        .2;       3.8;       8.3;      13.2;      15.9;      18.1;      17.7;      13.5;       9.1;       3.9;        .3;       8.6;
      2260;1981-2010;        51;      -1.4;        -1;       2.8;       7.1;      12.5;      15.1;      17.3;      16.7;      12.5;       8.1;       2.9;       -.1;       7.7;
      2261;1981-2010;        51;      -1.9;      -1.2;       2.6;         7;        12;      14.6;      16.8;      16.4;      12.2;       7.6;       2.5;       -.9;       7.4;
      2264;1981-2010;        46;        .2;        .6;       4.1;       7.8;      12.3;        15;      17.1;      16.5;      12.8;       8.6;       4.4;       1.1;       8.4;
      2268;1981-2010;        51;       -.1;        .5;       4.6;       8.7;      13.6;      16.4;      18.6;      18.1;      13.8;       9.2;         4;       1.1;         9;
      2289;1981-2010;        46;        .7;       1.3;       4.5;         9;        14;      16.6;        19;      18.4;      14.3;       9.6;       4.8;       1.5;       9.5;
      2290;1981-2010;        51;       -.9;       -.7;       2.3;         6;      10.8;      13.6;      15.9;      15.6;      11.9;       8.1;       2.9;         0;       7.1;
      2302;1981-2010;        46;        .1;        .6;       4.1;       8.2;      12.8;      15.7;      17.9;      17.4;      13.4;       9.1;       4.2;        .9;       8.7;
      2303;1981-2010;        51;       1.2;       1.3;       3.7;       7.5;      11.7;      14.6;      17.1;      16.6;      13.1;       9.1;       4.8;       1.8;       8.5;
      2306;1981-2010;        51;       1.5;       1.6;       4.1;       7.5;      11.7;        15;      17.5;      17.2;      13.8;       9.8;       5.5;       2.3;         9;
      2315;1981-2010;        42;        .4;       1.2;       4.7;       9.1;      14.2;        17;      19.3;      18.6;      14.3;       9.6;       4.6;       1.2;       9.5;
      2318;1981-2010;        46;        .3;        .8;       4.2;       7.7;      12.2;      15.2;      17.3;      16.8;        13;       8.9;       4.2;       1.2;       8.5;
      2319;1981-2010;        51;      -1.2;       -.5;       3.3;       7.6;      12.6;      15.3;      17.4;      16.7;      12.6;       8.3;       2.6;       -.3;       7.9;
      2323;1981-2010;        42;       1.3;       1.7;       5.1;         9;      13.4;        16;      18.2;      17.7;      13.9;       9.7;       5.3;       2.1;       9.4;
      2324;1981-2010;        51;       -.5;       -.2;       2.7;       6.5;      11.3;      13.7;      15.8;      15.5;        12;         8;       3.3;        .4;       7.3;
      2327;1981-2010;        46;        .2;        .9;       4.6;       8.4;      12.9;      15.8;      17.9;      17.3;      13.3;       8.9;       4.3;       1.2;       8.8;
      2331;1981-2010;        46;       1.3;       1.9;       5.4;         9;      13.4;      16.5;      18.5;      17.7;      13.7;       9.6;         5;       2.2;       9.5;
      2338;1981-2010;        46;       2.3;       2.6;       5.6;       9.2;      13.5;        16;      18.2;      17.8;      14.2;      10.2;         6;       2.9;       9.9;
      2344;1981-2010;        46;      -1.9;      -1.3;       2.4;       6.7;      11.7;      14.3;      16.4;      15.9;      11.9;       7.5;       2.5;       -.9;       7.1;
      2354;1981-2010;        46;        .1;         1;       4.5;         9;      14.1;      16.7;        19;      18.5;      14.2;       9.6;       4.5;         1;       9.4;
      2360;1981-2010;        46;        -1;        .1;       4.2;       8.4;      13.4;      16.3;      18.3;      17.7;      13.5;       8.8;       3.4;        .2;       8.6;
      2362;1981-2010;        42;        .7;       1.3;       4.9;       8.5;      12.8;      15.4;      17.6;      17.2;      13.4;       9.3;       4.7;       1.6;         9;
      2374;1981-2010;        46;       1.4;       1.5;       3.9;       7.6;      11.8;      14.6;      17.1;      16.9;      13.6;       9.6;       5.3;       2.2;       8.8;
      2385;1981-2010;        42;        .5;       1.1;       4.6;         8;      12.4;      15.4;      17.6;        17;        13;         9;       4.4;       1.4;       8.7;
      2388;1981-2010;        46;       1.9;       2.9;       6.7;      10.5;        15;      18.1;      20.1;      19.3;      15.2;      10.7;       5.6;         3;      10.7;
      2396;1981-2010;        46;        .4;        .6;       3.7;       7.6;      12.3;      14.7;      17.2;      16.9;      12.9;       8.5;       4.3;       1.3;       8.4;
      2406;1981-2010;        46;        .8;       1.5;       5.4;       9.4;      14.1;      17.1;      19.2;      18.5;      14.3;       9.8;       4.9;       1.8;       9.7;
      2410;1981-2010;        42;       -.7;        .3;       4.5;       8.9;      13.8;      16.7;      18.7;      18.2;      13.8;         9;       3.6;        .5;       8.9;
      2417;1981-2010;        46;      -1.3;       -.4;       3.5;       7.7;      12.7;      15.5;      17.5;      16.9;      12.9;       8.5;       2.9;       -.3;         8;
      2422;1981-2010;        46;       1.4;       1.7;       4.9;       8.4;      12.7;      15.3;      17.4;      16.9;      13.3;       9.5;       5.2;       2.1;       9.1;
      2429;1981-2010;        42;       1.3;       1.6;       4.2;         8;      12.3;      15.1;      17.4;      17.1;      13.6;       9.5;       5.2;         2;       8.9;
      2437;1981-2010;        42;       1.3;       1.5;       3.9;       7.6;      11.9;      14.8;      17.2;      16.9;      13.5;       9.4;       5.1;         2;       8.8;
      2444;1981-2010;        51;       1.3;       1.9;       5.4;       9.4;      14.2;        17;      19.2;      18.5;      14.4;        10;       5.3;       2.1;       9.9;
      2451;1981-2010;        46;        .6;       1.3;       4.8;       9.4;      14.5;      17.2;      19.6;      18.9;      14.5;       9.7;       4.7;       1.3;       9.7;
      2464;1981-2010;        46;       1.6;         2;       4.7;       8.7;        13;      15.6;        18;      17.4;      13.8;       9.5;       5.3;       2.3;       9.3;
      2474;1981-2010;        42;       2.8;       3.1;       6.4;       9.6;      13.7;      16.1;      18.3;      17.9;      14.5;      10.7;       6.5;       3.6;      10.3;
      2475;1981-2010;        46;        .4;       1.1;       4.6;         9;      14.1;      16.8;      19.2;      18.6;      14.2;       9.5;       4.5;       1.2;       9.5;
      2477;1981-2010;        51;      -1.5;       -.9;       2.4;       5.9;      10.6;      13.7;      15.7;        15;      11.4;       7.3;       2.1;       -.4;       6.8;
      2480;1981-2010;        51;       1.6;       2.2;       6.1;        10;      14.6;      17.7;      19.8;      19.2;      14.7;      10.2;       5.5;       2.5;      10.4;
      2483;1981-2010;        51;      -2.1;        -2;        .7;       4.5;       9.1;      11.5;      13.8;      13.6;      10.1;       6.1;       1.6;      -1.2;       5.5;
      2485;1981-2010;        42;       -.2;        .4;       4.2;         8;      12.8;      15.8;        18;      17.3;      13.2;       8.8;       3.8;        .7;       8.6;
      2486;1981-2010;        42;       1.2;       1.9;       5.5;       9.1;      13.7;      16.7;      18.8;      18.2;        14;       9.7;         5;       2.1;       9.7;
      2488;1981-2010;        46;      -1.2;       -.2;       3.9;       8.1;      12.8;      15.8;      17.7;      17.4;      13.1;       8.5;         3;       -.1;       8.2;
      2494;1981-2010;        42;       2.8;       3.2;       6.3;       9.6;      13.8;      16.4;      18.6;        18;      14.6;      10.6;       6.5;       3.4;      10.3;
      2497;1981-2010;        51;        .5;        .7;       3.7;       6.9;      11.2;        14;      16.2;      15.8;      12.4;       8.7;       4.3;       1.3;         8;
      2502;1981-2010;        46;       -.5;       -.1;       3.3;       7.1;      11.6;      14.4;      16.5;      16.2;      12.4;       8.4;       3.6;        .4;       7.8;
      2503;1981-2010;        46;      -1.2;       -.7;       2.9;         7;      11.6;      14.4;      16.5;      16.1;      12.2;       7.8;         3;       -.3;       7.4;
      2506;1981-2010;        46;       -.1;        .7;       4.2;       8.7;      13.6;      16.2;      18.6;      18.1;      13.9;       9.3;       4.3;        .8;         9;
      2521;1981-2010;        46;       -.9;        .1;       4.4;       8.7;      13.7;      16.7;      18.5;      17.9;      13.5;       8.7;       3.4;        .3;       8.8;
      2522;1981-2010;        51;       2.1;       2.9;       6.9;      10.5;      15.2;      18.3;      20.6;      20.1;      15.6;      10.9;       5.6;         3;        11;
      2532;1981-2010;        51;        .5;       1.2;       4.8;       8.8;      13.2;      15.9;      18.1;      17.7;      13.7;       9.3;       4.7;       1.4;       9.1;
      2533;1981-2010;        46;        .6;       1.2;       4.8;       8.8;      13.3;      15.9;      18.2;      17.7;      13.7;       9.3;       4.9;       1.5;       9.2;
      2542;1981-2010;        51;      -1.4;       -.8;       2.9;       6.6;      11.6;      14.7;      16.8;      16.2;      12.3;       8.2;       2.5;       -.4;       7.5;
      2543;1981-2010;        51;       -.5;        .1;       4.2;       8.1;      13.1;      16.1;      18.1;      17.5;      13.3;       8.9;       3.2;        .5;       8.6;
      2546;1981-2010;        46;       2.1;       3.2;       7.1;      10.9;      15.4;      18.5;      20.6;        20;      15.8;      11.2;         6;       3.2;      11.2;
      2559;1981-2010;        51;      -1.4;       -.6;       3.4;       7.1;      12.1;      15.1;      17.2;      16.5;      12.6;       8.5;       2.9;       -.2;       7.8;
      2564;1981-2010;        42;       1.5;       1.5;         4;       7.6;      11.9;      14.8;      17.3;        17;      13.6;       9.7;       5.2;       2.2;       8.9;
      2565;1981-2010;        46;       1.5;       1.6;         4;       7.7;        12;      14.9;      17.3;        17;      13.6;       9.6;       5.3;       2.2;       8.9;
      2575;1981-2010;        42;       -.2;        .5;       4.3;       8.3;      13.1;        16;      18.2;      17.5;      13.4;       8.9;       3.9;        .8;       8.7;
      2578;1981-2010;        51;         1;       1.3;       4.1;         8;      12.5;      15.4;      18.1;      17.7;      14.2;       9.8;       5.1;       1.8;       9.1;
      2597;1981-2010;        51;         0;        .8;       4.7;       8.8;      13.3;      16.2;      18.3;      17.7;      13.5;       8.9;       4.1;        .9;         9;
      2600;1981-2010;        51;        .8;       1.5;       5.3;       9.7;      14.5;      17.5;      19.6;      19.1;      14.3;       9.7;       4.7;       1.8;       9.9;
      2601;1981-2010;        51;      -1.9;      -1.6;       1.5;       5.4;       9.9;      12.6;      14.9;      14.7;      10.9;       6.6;       1.9;        -1;       6.1;
      2609;1981-2010;        46;       1.1;       1.4;       4.1;       7.9;      12.3;      15.1;      17.5;      17.2;      13.6;       9.3;       4.9;       1.8;       8.8;
      2618;1981-2010;        51;      -2.8;      -2.2;       1.1;       5.4;        10;      12.8;      15.1;      14.8;      10.8;       6.4;       1.6;      -1.8;       5.9;
      2621;1981-2010;        46;        .6;       1.4;       4.8;       9.5;      14.4;      17.1;      19.3;      18.6;      14.4;       9.6;       4.7;       1.4;       9.6;
      2627;1981-2010;        42;        .1;        .8;       4.3;       8.8;      13.8;      16.5;      18.8;      18.2;        14;       9.4;       4.4;         1;       9.2;
      2629;1981-2010;        51;       2.7;       2.9;         6;       9.4;      13.4;        16;      18.2;      17.6;      14.3;      10.5;       6.3;       3.3;      10.1;
      2638;1981-2010;        51;      -1.2;       -.9;       2.1;       5.7;      10.2;      13.4;      15.8;      15.5;      11.7;       7.8;       2.5;       -.3;       6.8;
      2641;1981-2010;        42;        .5;       1.1;       4.8;       8.9;      13.9;      16.8;      19.1;      18.6;      14.3;       9.6;       4.8;       1.4;       9.5;
      2654;1981-2010;        46;       1.4;       2.2;         6;       9.7;      14.2;      17.3;      19.4;      18.8;      14.6;      10.1;       5.3;       2.3;      10.1;
      2657;1981-2010;        51;       2.8;       3.1;       6.7;      10.1;      14.7;      17.7;      19.7;      19.2;      15.1;      10.9;       6.2;       3.6;      10.8;
      2665;1981-2010;        46;       3.3;       3.8;       7.1;      10.6;      14.9;      17.5;      19.7;      19.1;      15.4;      11.4;         7;         4;      11.2;
      2667;1981-2010;        51;       2.6;         3;       6.4;       9.8;        14;      16.6;      18.8;      18.2;      14.5;      10.7;       6.3;       3.4;      10.4;
      2680;1981-2010;        51;       -.4;        .3;       4.2;       8.3;        13;      15.8;        18;      17.5;      13.3;       8.6;       3.8;        .6;       8.6;
      2689;1981-2010;        46;       1.4;       1.7;       4.6;       8.4;      12.9;      15.5;      17.8;      17.4;      13.7;       9.5;       5.1;         2;       9.2;
      2691;1981-2010;        46;       -.8;        .2;       4.4;       8.7;      13.8;      16.7;      18.5;      17.9;      13.4;       8.7;       3.4;        .2;       8.8;
      2700;1981-2010;        51;       -.9;        .2;       4.3;       8.8;      13.6;      16.3;      18.4;        18;      13.7;         9;       3.4;        .3;       8.8;
      2701;1981-2010;        46;        .6;       1.2;       4.8;         9;      13.6;      16.4;      18.7;      18.2;        14;       9.6;       4.8;       1.4;       9.4;
      2703;1981-2010;        46;       -.1;        .2;       3.3;       6.9;      11.4;        14;      16.2;      15.8;      12.4;       8.3;       3.8;        .7;       7.7;
      2704;1981-2010;        42;        .8;       1.4;         5;       9.3;      14.1;      16.7;      19.2;      18.6;      14.5;       9.8;       4.9;       1.5;       9.7;
      2708;1981-2010;        42;      -1.3;       -.5;       3.1;         7;      11.7;      14.6;      16.7;        16;      12.3;       8.3;       2.8;       -.4;       7.5;
      2712;1981-2010;        51;        .6;       1.5;       5.5;       9.4;      14.2;      17.4;      19.6;      18.9;      14.8;      10.1;       4.7;       1.7;       9.9;
      2717;1981-2010;        46;       -.3;        .1;       3.6;       7.3;      11.8;      14.4;      16.6;      16.3;      12.5;       8.3;       3.8;        .6;       7.9;
      2750;1981-2010;        51;       -.5;        .2;       3.9;       8.1;      13.1;      15.9;      17.9;      17.2;        13;       8.6;       3.7;        .6;       8.5;
      2761;1981-2010;        46;       -.9;       -.1;       3.8;       7.7;      12.5;      15.6;      17.5;      16.9;      12.8;       8.6;       3.2;        .2;       8.2;
      2770;1981-2010;        46;       1.1;       1.4;       4.1;       7.9;      12.3;      15.1;      17.5;      17.2;      13.5;       9.2;       4.9;       1.8;       8.9;
      2773;1981-2010;        42;      -1.2;       -.3;       3.7;       8.1;      13.2;      16.1;      18.1;      17.3;      13.2;       8.3;       3.2;       -.1;       8.3;
      2775;1981-2010;        46;        .8;       1.5;       5.4;       9.5;      14.1;        17;      19.1;      18.6;      14.3;       9.8;       4.8;       1.7;       9.7;
      2780;1981-2010;        46;       -.7;        .1;       3.9;       8.2;      13.2;      15.9;        18;      17.3;      13.2;       8.5;       3.7;        .3;       8.5;
      2783;1981-2010;        46;        -1;         0;       4.2;       8.6;      13.8;      16.6;      18.5;      17.9;      13.5;       8.9;       3.5;        .2;       8.7;
      2790;1981-2010;        46;        .8;       1.4;         5;       8.6;        13;      15.9;      18.1;      17.5;      13.5;       9.4;       4.6;       1.7;       9.1;
      2794;1981-2010;        42;        .4;       1.1;       4.3;       8.7;      13.6;      16.3;      18.7;      18.1;        14;       9.3;       4.5;       1.2;       9.2;
      2796;1981-2010;        42;        .6;         1;       3.6;       7.6;      12.2;      15.1;      17.6;      17.3;      13.6;       9.2;       4.6;       1.4;       8.7;
      2812;1981-2010;        51;       1.5;       2.8;       6.5;      10.2;      14.7;      17.8;      19.8;      19.2;      15.1;      10.9;       5.5;       2.7;      10.6;
      2814;1981-2010;        51;      -1.5;       -.8;       2.6;       6.6;      11.2;      14.3;      16.4;      16.1;        12;       7.8;       2.5;       -.5;       7.3;
      2821;1981-2010;        46;        .7;       1.2;       4.4;       8.4;      12.9;      15.5;      17.7;      17.3;      13.4;       9.2;       4.9;       1.5;       8.9;
      2829;1981-2010;        42;       -.9;       -.2;       3.7;       7.8;      12.7;      15.7;      17.8;      17.2;      13.1;       8.6;       3.2;        .1;       8.2;
      2830;1981-2010;        46;       -.9;       -.2;       3.8;       7.8;      12.7;      15.7;      17.7;      17.2;      13.1;       8.7;       3.2;        .1;       8.2;
      2831;1981-2010;        42;       -.9;        .2;       4.4;       8.9;      14.1;        17;      18.8;      18.2;      13.8;       9.1;       3.6;        .4;         9;
      2843;1981-2010;        42;       1.6;       2.4;       6.3;      10.3;      14.7;      17.7;      19.8;      19.3;      15.1;      10.4;       5.6;       2.5;      10.5;
      2856;1981-2010;        42;        .2;         1;       4.5;       8.9;        14;      16.7;      19.1;      18.5;      14.2;       9.4;       4.4;         1;       9.3;
      2857;1981-2010;        46;        .5;         1;       4.7;       8.8;      13.5;      16.2;      18.5;        18;      13.8;       9.3;       4.7;       1.3;       9.2;
      2861;1981-2010;        46;       2.4;       2.5;       4.8;       8.2;      12.1;      14.8;      17.4;      17.3;      14.4;      10.5;       6.3;       3.1;       9.5;
      2872;1981-2010;        46;       2.2;       2.4;       5.2;       8.8;        13;      15.5;      17.7;      17.3;      13.9;        10;       5.9;       2.8;       9.6;
      2878;1981-2010;        51;       1.1;       1.5;       5.1;       9.2;      14.2;      16.9;      19.4;        19;      14.7;        10;       4.8;       1.8;       9.8;
      2879;1981-2010;        46;        .7;       1.4;       5.3;       9.3;      13.9;        17;        19;      18.4;      14.1;       9.6;       4.7;       1.8;       9.6;
      2886;1981-2010;        42;       -.7;        .1;       4.1;         8;      12.8;      15.9;      17.9;      17.3;      13.2;       8.7;       3.3;        .4;       8.4;
      2905;1981-2010;        42;       -.8;       -.1;         4;       8.1;        13;        16;        18;      17.5;      13.3;       8.8;       3.4;        .2;       8.5;
      2906;1981-2010;        46;       1.4;       1.3;       3.5;       7.2;      11.4;      14.3;      16.8;      16.5;      13.3;       9.4;       5.2;       2.2;       8.5;
      2907;1981-2010;        42;         1;       1.1;       3.3;       6.4;      11.1;      14.1;      16.1;        16;      12.7;         9;       4.9;       2.4;       8.2;
      2912;1981-2010;        46;       1.4;       1.4;       3.7;       7.2;      11.5;      14.5;      16.9;      16.8;      13.5;       9.5;       5.2;       2.2;       8.7;
      2915;1981-2010;        46;      -2.4;      -1.8;       1.6;       5.9;      10.7;      13.6;      15.6;      15.2;      11.3;         7;       1.8;      -1.4;       6.4;
      2920;1981-2010;        46;      -1.6;       -.6;       4.1;       8.6;      13.7;      16.4;      18.3;      17.9;      13.5;       8.6;       3.3;       -.2;       8.5;
      2923;1981-2010;        46;      -1.1;       -.4;       3.4;       7.3;      12.2;      15.3;      17.4;      16.8;      12.8;       8.6;       2.9;       -.1;       7.9;
      2925;1981-2010;        51;       -.3;        .1;       3.6;       7.7;      12.2;      14.8;      17.1;        17;      13.1;       8.7;       3.9;        .5;       8.2;
      2928;1981-2010;        51;        .8;       1.4;         5;       9.4;      14.1;      16.9;      19.3;      18.8;      14.6;        10;       4.9;       1.5;       9.8;
      2931;1981-2010;        46;        .7;       1.4;         5;       9.2;        14;      16.8;      19.2;      18.8;      14.5;       9.9;       4.9;       1.5;       9.7;
      2932;1981-2010;        51;        .5;         1;       4.6;       8.9;      13.9;      16.6;      19.1;      18.7;      14.5;       9.8;       4.7;       1.2;       9.5;
      2947;1981-2010;        51;        .9;       1.1;       4.3;       7.7;      12.5;      15.3;      17.2;      16.5;      12.7;         9;       4.7;       1.6;       8.7;
      2949;1981-2010;        46;       -.5;        .1;       3.3;         7;      11.7;      14.5;      16.7;      16.4;      12.6;       8.5;       3.3;        .4;       7.8;
      2950;1981-2010;        51;       1.3;       1.5;       3.8;       7.4;      12.1;      15.1;      17.6;      17.3;      13.9;       9.7;       5.1;       2.4;       8.9;
      2951;1981-2010;        42;        .9;       1.3;       4.4;       8.8;      13.6;      16.2;      18.6;        18;        14;       9.4;       4.8;       1.6;       9.3;
      2953;1981-2010;        51;      -1.1;       -.6;       2.2;       5.6;      10.3;      13.5;      15.6;        15;      11.3;       7.4;       2.5;         0;       6.9;
      2963;1981-2010;        46;        .9;       1.5;       5.1;       9.4;      14.2;      16.8;      19.3;      18.8;      14.6;        10;         5;       1.6;       9.8;
      2968;1981-2010;        51;       3.4;       3.9;       7.3;      10.8;      14.9;      17.7;      19.9;      19.3;      15.6;      11.5;       7.1;       4.2;      11.3;
      2985;1981-2010;        42;       -.7;         0;       3.6;       8.1;      13.1;      15.7;      17.9;      17.5;      13.4;       8.7;       3.7;        .1;       8.4;
      2996;1981-2010;        46;        .1;        .6;       3.9;       7.5;        12;      15.1;      17.3;      16.7;      12.8;       8.8;       3.9;       1.1;       8.3;
      3001;1981-2010;        46;       1.3;       2.1;       5.9;       9.6;      14.1;      17.1;      19.1;      18.4;      14.4;      10.1;         5;       2.4;        10;
      3004;1981-2010;        46;       1.4;       1.9;       5.8;       9.4;      13.9;      16.7;      18.8;      18.2;      14.2;       9.9;       5.3;       2.2;       9.8;
      3007;1981-2010;        46;         2;       2.9;       6.8;      10.6;      15.2;      18.2;      20.3;      19.7;      15.5;      10.7;       5.8;       2.9;      10.9;
      3015;1981-2010;        51;       -.2;        .8;       4.3;       9.1;      14.2;      16.7;      19.1;      18.5;      14.3;       9.5;       4.2;        .7;       9.3;
      3016;1981-2010;        46;      -1.3;       -.6;       3.1;       6.9;      11.8;      14.8;        17;      16.4;      12.5;       8.4;       2.8;       -.2;       7.6;
      3017;1981-2010;        42;        .9;       1.8;       5.6;       9.5;      13.9;      16.8;      18.9;      18.5;      14.6;      10.1;       4.9;       1.8;       9.8;
      3018;1981-2010;        51;        .2;        .8;       4.6;       7.9;      12.4;      15.2;      17.3;      17.3;      13.3;       9.1;         4;       1.3;       8.6;
      3023;1981-2010;        51;       2.5;       2.8;       5.8;       9.4;      13.6;      16.1;      18.4;      17.8;      14.4;      10.4;       6.1;       3.1;      10.1;
      3028;1981-2010;        51;       1.6;       1.9;         5;       8.7;      13.2;      15.7;      18.1;      17.8;        14;        10;       5.7;       2.4;       9.6;
      3031;1981-2010;        51;       2.3;       2.5;       5.8;       9.1;      13.4;      16.1;      18.4;      18.1;      14.3;      10.5;       6.2;         3;        10;
      3034;1981-2010;        42;      -1.4;       -.8;       2.7;       6.9;      11.8;      14.7;      16.7;      16.2;      12.1;       7.8;       2.9;       -.4;       7.4;
      3042;1981-2010;        42;        .5;         1;       4.6;       8.4;        13;      15.8;      17.8;      17.2;      13.2;         9;       4.4;       1.3;       8.9;
      3044;1981-2010;        42;       2.2;       2.5;       5.4;         9;      13.3;      15.8;        18;      17.5;        14;        10;       5.9;       2.8;       9.7;
      3045;1981-2010;        46;       2.1;       2.4;       5.2;       8.9;      13.2;      15.7;      17.9;      17.3;      13.8;       9.9;       5.7;       2.7;       9.6;
      3062;1981-2010;        46;         2;       2.6;       6.4;        10;      14.4;      17.4;      19.4;      18.8;      14.8;      10.4;       5.9;       2.9;      10.4;
      3076;1981-2010;        46;         2;       2.9;       6.8;      10.6;      15.2;      18.2;      20.3;      19.7;      15.5;      10.7;       5.8;       2.9;      10.9;
      3082;1981-2010;        46;        .2;         1;       4.6;       9.3;      14.4;      16.9;      19.2;      18.6;      14.2;       9.5;       4.4;       1.1;       9.5;
      3083;1981-2010;        42;        .2;         1;       4.6;       9.3;      14.4;      16.9;      19.2;      18.6;      14.2;       9.5;       4.4;       1.1;       9.5;
      3085;1981-2010;        46;       1.2;       1.5;       4.2;       8.1;      12.5;      15.3;      17.8;      17.4;      13.7;       9.4;         5;       1.9;         9;
      3086;1981-2010;        42;         1;       1.3;         4;       7.9;      12.4;      15.2;      17.7;      17.2;      13.5;       9.1;       4.8;       1.7;       8.8;
      3088;1981-2010;        46;       1.2;       1.6;       4.2;       8.1;      12.5;      15.4;      17.9;      17.4;      13.8;       9.4;       5.1;         2;         9;
      3096;1981-2010;        46;        .7;       1.1;       4.1;       7.6;        12;      14.5;      16.8;      16.3;      12.8;         9;       4.6;       1.5;       8.4;
      3098;1981-2010;        42;        .8;       1.1;       4.2;       7.7;      12.1;      14.6;      16.9;      16.4;      12.9;       9.1;       4.6;       1.6;       8.5;
      3101;1981-2010;        46;       2.6;       2.8;         6;       9.5;      13.7;      16.3;      18.4;      17.8;      14.3;      10.5;       6.3;       3.2;      10.1;
      3103;1981-2010;        46;       1.4;       1.8;       4.7;       8.8;      13.4;        16;      18.4;      17.9;        14;       9.7;       5.2;       2.1;       9.5;
      3113;1981-2010;        46;        -1;       -.4;       2.9;       6.9;      11.7;      14.5;      16.8;      16.4;      12.3;       7.9;       3.2;       -.1;       7.6;
      3126;1981-2010;        51;        .9;       1.5;         5;       9.4;      14.2;      16.8;      19.2;      18.7;      14.5;       9.8;       5.1;       1.6;       9.8;
      3135;1981-2010;        46;       -.1;        .5;       4.2;         8;      12.6;      15.6;      17.7;      17.2;      13.2;       8.9;       3.9;        .9;       8.5;
      3137;1981-2010;        51;       1.4;       2.2;       6.2;      10.3;      14.7;      17.6;      19.8;      19.1;        15;      10.1;       5.4;       2.4;      10.4;
      3139;1981-2010;        46;       -.9;         0;       4.1;       8.3;      13.1;      16.1;      18.1;      17.6;      13.3;       8.8;       3.3;        .2;       8.5;
      3147;1981-2010;        46;      -1.2;       -.1;       4.3;       8.7;      13.8;      16.6;      18.6;      18.2;      13.7;       8.8;       3.4;        .1;       8.7;
      3155;1981-2010;        51;        .3;        .8;       4.1;       7.4;      11.8;      14.7;      16.8;      16.2;      12.5;       8.6;       4.1;       1.3;       8.2;
      3158;1981-2010;        42;        .1;        .8;       4.3;         9;      13.9;      16.6;      19.1;      18.5;      14.2;       9.5;       4.3;         1;       9.3;
      3160;1981-2010;        46;        .2;        .6;         4;       8.1;      12.8;      15.5;      17.9;      17.5;      13.5;         9;       4.3;        .9;       8.7;
      3164;1981-2010;        42;        .8;       1.4;       5.1;       8.8;      13.4;      16.3;      18.3;      17.7;      13.6;       9.2;       4.8;       1.7;       9.3;
      3166;1981-2010;        42;      -1.6;      -1.3;       1.9;       6.2;        11;      13.6;      15.9;      15.6;      11.7;       7.5;       2.4;       -.9;       6.8;
      3196;1981-2010;        51;        .4;       1.1;       3.9;       8.2;        13;      15.6;        18;      17.5;      13.7;       9.2;       4.4;       1.2;       8.9;
      3204;1981-2010;        51;       -.2;        .4;       3.4;       7.4;      12.4;      15.1;      17.4;      16.9;      12.7;       8.7;       3.8;        .7;       8.3;
      3211;1981-2010;        46;      -2.9;      -2.2;       1.1;       5.5;      10.7;      13.2;      15.2;      14.9;      10.9;       6.8;       1.5;      -1.7;       6.1;
      3212;1981-2010;        46;       1.5;       2.1;       5.6;       9.1;      13.5;      16.4;      18.5;      17.8;      13.9;       9.7;       5.3;       2.4;       9.6;
      3222;1981-2010;        46;       1.9;       2.3;       5.4;       9.2;      13.6;      16.1;      18.5;        18;      14.4;      10.2;       5.9;       2.6;       9.8;
      3223;1981-2010;        46;        .4;       1.4;       5.4;       9.4;      14.1;      17.3;      19.3;      18.7;      14.7;        10;       4.4;       1.5;       9.7;
      3226;1981-2010;        42;        .9;       1.4;       4.9;       8.9;      13.7;      16.4;      18.8;      18.4;      14.2;       9.6;       5.1;       1.6;       9.5;
      3228;1981-2010;        46;         0;        .5;       3.5;       7.1;      11.5;      14.1;      16.3;      15.9;      12.3;       8.4;       3.9;        .8;       7.8;
      3231;1981-2010;        51;      -1.2;       -.5;       3.3;       7.6;      12.3;        15;      17.2;      16.8;      12.8;         8;         3;       -.3;       7.9;
      3234;1981-2010;        42;        .4;       1.2;       4.8;       9.1;      14.1;      16.7;        19;      18.7;      14.3;       9.6;       4.7;       1.4;       9.5;
      3236;1981-2010;        46;       1.8;       2.1;       5.2;       8.9;      13.3;      15.9;      18.1;      17.6;      13.9;       9.8;       5.7;       2.5;       9.6;
      3244;1981-2010;        51;        -1;       -.1;       3.7;       7.6;      12.4;      15.5;      17.4;      16.7;      12.8;       8.5;       3.1;        .1;       8.1;
      3245;1981-2010;        46;        -1;       -.3;       3.6;       7.5;      12.5;      15.6;      17.7;        17;      12.8;       8.5;         3;         0;       8.1;
      3246;1981-2010;        46;       1.8;       2.4;         6;       9.5;      13.9;      16.8;        19;      18.3;      14.4;      10.1;       5.7;       2.6;        10;
      3254;1981-2010;        42;       2.3;       2.6;       5.5;       9.1;      13.3;      15.8;        18;      17.5;      14.1;      10.1;         6;       2.9;       9.8;
      3257;1981-2010;        51;        .4;       1.1;         5;       8.9;      13.5;      16.6;      18.8;      18.2;      13.9;       9.3;       4.4;       1.5;       9.3;
      3265;1981-2010;        46;       -.1;        .5;       4.1;       7.9;      12.5;      15.3;      17.5;        17;        13;       8.8;       3.9;        .8;       8.4;
      3268;1981-2010;        42;      -1.7;      -1.2;         2;       5.6;      10.2;      13.3;      15.4;        15;      11.1;       7.4;       2.1;       -.6;       6.6;
      3271;1981-2010;        51;      -1.8;       -.5;       3.9;       8.8;      13.7;      16.3;      18.1;      17.4;      13.3;       8.6;       3.3;       -.4;       8.4;
      3278;1981-2010;        42;        .7;       1.5;       5.3;       9.2;      13.7;      16.7;      18.8;      18.2;      14.1;       9.7;       4.6;       1.6;       9.5;
      3284;1981-2010;        42;        .9;       1.6;       5.3;       9.1;      13.7;      16.7;      18.8;      18.2;      14.1;       9.6;       4.8;       1.9;       9.6;
      3287;1981-2010;        42;       -.2;        .7;       4.3;         8;      12.6;      15.4;      17.6;      17.3;      13.4;       8.9;       3.8;        .7;       8.5;
      3289;1981-2010;        51;       -.2;        .1;       3.7;       7.8;      12.5;      15.1;      17.5;      16.9;      13.2;       9.1;       3.9;        .7;       8.4;
      3291;1981-2010;        46;       1.4;         2;       5.8;       9.5;      13.9;        17;      19.1;      18.4;      14.4;        10;       5.3;       2.3;       9.9;
      3300;1981-2010;        46;       1.1;       1.8;       5.5;       9.5;      14.1;      16.9;        19;      18.4;      14.2;       9.7;         5;         2;       9.8;
      3307;1981-2010;        51;      -1.7;        -1;       2.2;         6;      10.9;      13.6;      15.7;      14.9;      11.7;       8.2;       2.7;       -.7;       6.9;
      3313;1981-2010;        46;        .3;       1.1;       4.7;       8.4;      12.8;      15.7;      17.9;      17.5;      13.6;       9.3;       4.3;       1.3;       8.9;
      3317;1981-2010;        46;        .9;       1.3;       4.1;         8;      12.6;      15.3;      17.7;      17.2;      13.5;       9.1;       4.7;       1.6;       8.8;
      3319;1981-2010;        42;         1;       1.6;       5.4;       9.2;      13.7;      16.6;      18.7;      18.2;      14.1;       9.7;         5;       1.8;       9.6;
      3320;1981-2010;        46;       2.9;       3.2;       6.4;       9.8;        14;      16.6;      18.9;      18.2;      14.7;      10.9;       6.5;       3.6;      10.5;
      3340;1981-2010;        42;        .9;       1.4;         5;       8.6;      13.1;        16;      17.9;      17.2;      13.4;       9.3;       4.8;       1.7;       9.1;
      3348;1981-2010;        42;        .2;        .5;         4;       7.9;      12.4;      15.1;      17.2;      16.9;      13.1;       8.7;       4.2;       1.1;       8.4;
      3362;1981-2010;        42;       1.1;         2;       5.7;       9.4;        14;        17;      19.1;      18.6;      14.4;       9.9;         5;       2.1;       9.9;
      3366;1981-2010;        51;      -1.4;       -.2;       3.9;       8.3;      13.4;      16.5;      18.3;      17.7;      13.1;       8.5;       3.1;       -.2;       8.4;
      3370;1981-2010;        46;       -.1;        .4;       3.9;       7.9;      12.5;      15.1;      17.4;      16.9;        13;       8.7;       4.1;        .7;       8.4;
      3376;1981-2010;        51;       -.2;        .6;       3.9;       8.7;      13.8;      16.4;      18.8;      18.1;      13.9;       9.1;         4;        .7;         9;
      3382;1981-2010;        46;       -.2;        .8;       4.8;       8.9;      13.8;      16.8;      18.9;      18.4;      14.2;       9.7;       3.9;        .9;       9.2;
      3383;1981-2010;        46;       -.2;        .7;       4.8;       8.9;      13.8;      16.7;      18.8;      18.3;      14.1;       9.5;       3.9;        .8;       9.2;
      3385;1981-2010;        46;       -.3;        .6;       4.6;       8.8;      13.6;      16.5;      18.6;        18;      13.8;       9.3;       3.8;        .8;         9;
      3388;1981-2010;        46;       -.6;        .3;       4.3;       8.5;      13.4;      16.3;      18.4;      17.8;      13.7;       9.2;       3.6;        .5;       8.8;
      3390;1981-2010;        46;       -.7;        .2;       4.2;       8.5;      13.4;      16.3;      18.4;      17.9;      13.7;       9.1;       3.5;        .4;       8.7;
      3402;1981-2010;        51;      -1.7;       -.9;       2.8;       6.7;      11.4;      14.3;      16.4;      15.9;        12;       7.8;       2.4;       -.6;       7.2;
      3404;1981-2010;        46;       2.3;       2.7;       5.8;       9.4;      13.6;      16.2;      18.4;      17.8;      14.2;      10.3;       6.1;         3;        10;
      3425;1981-2010;        46;        .1;        .8;       4.4;       8.4;        13;        16;        18;      17.4;      13.4;         9;       4.1;         1;       8.8;
      3426;1981-2010;        42;       -.1;        .8;       4.3;       8.9;        14;      16.7;        19;      18.4;        14;       9.4;       4.3;        .8;       9.2;
      3432;1981-2010;        46;         0;        .6;       4.2;       7.9;      12.6;      15.7;      17.7;      17.1;      13.1;       8.9;       3.8;         1;       8.6;
      3442;1981-2010;        51;       1.2;       1.7;       5.8;       9.6;      14.2;      17.2;      19.5;      18.7;      14.6;       9.9;       5.1;       2.2;        10;
      3484;1981-2010;        42;       -.8;        .1;       4.4;       8.7;      13.7;      16.6;      18.5;        18;      13.5;       8.8;       3.4;        .3;       8.8;
      3485;1981-2010;        42;       -.6;        .1;       4.1;       8.1;      12.9;      15.9;      17.9;      17.3;      13.1;       8.8;       3.4;        .5;       8.5;
      3486;1981-2010;        46;       1.1;       1.9;       5.8;       9.8;      14.5;      17.5;      19.6;        19;      14.7;        10;       5.1;         2;      10.1;
      3490;1981-2010;        51;       2.4;       2.8;       6.2;       9.5;      13.8;      16.7;      18.8;      18.2;      14.3;      10.2;       6.2;       3.2;      10.2;
      3509;1981-2010;        46;       -.1;        .5;       3.6;       8.1;      13.1;      15.8;      18.2;      17.6;      13.6;       8.9;       4.1;        .8;       8.7;
      3513;1981-2010;        42;      -3.1;      -2.6;        .7;       4.9;       9.7;      12.6;      14.7;      14.4;      10.5;       6.2;         1;      -2.1;       5.6;
      3518;1981-2010;        46;      -1.6;       -.8;       2.8;       6.6;      11.2;      14.3;      16.5;        16;      12.1;       7.8;       2.4;       -.5;       7.2;
      3519;1981-2010;        46;      -1.2;       -.4;       3.4;       7.2;      11.9;      14.9;      17.1;      16.6;      12.6;       8.2;       2.8;       -.2;       7.7;
      3527;1981-2010;        51;      -1.1;       -.5;       3.1;       7.2;      11.7;      14.3;      16.5;      16.2;      12.3;         8;       3.1;       -.1;       7.6;
      3537;1981-2010;        51;       1.5;       1.7;       4.3;       8.1;      12.7;      15.4;      17.6;      17.2;      13.6;       9.5;         5;       2.3;         9;
      3540;1981-2010;        42;       1.7;       2.2;       5.5;         9;      13.2;      15.9;      17.9;      17.4;      13.8;        10;       5.5;       2.6;       9.6;
      3541;1981-2010;        46;       1.9;       2.4;       5.7;       9.1;      13.4;        16;        18;      17.5;      13.9;      10.1;       5.7;       2.7;       9.7;
      3545;1981-2010;        42;       1.5;       2.1;       5.7;       9.3;      13.7;      16.8;      18.7;        18;        14;       9.8;       5.2;       2.4;       9.8;
      3552;1981-2010;        51;        .4;         1;       4.1;       8.7;      13.7;      16.3;      18.7;      18.2;      14.1;       9.5;       4.7;       1.3;       9.3;
      3565;1981-2010;        46;       -.1;        .7;       4.5;       8.7;      13.6;      16.6;      18.7;      18.1;      13.7;       9.1;         4;        .9;       9.1;
      3571;1981-2010;        42;      -1.3;       -.5;       3.4;       7.9;      12.8;      15.5;      17.5;      16.9;      12.8;       8.2;         3;       -.4;         8;
      3575;1981-2010;        46;       1.8;       2.7;       6.7;      10.6;      15.1;      18.1;      20.3;      19.7;      15.5;      10.7;       5.8;       2.8;      10.8;
      3576;1981-2010;        46;       1.8;       2.8;       6.7;      10.6;      15.1;      18.2;      20.3;      19.6;      15.5;      10.6;       5.7;       2.7;      10.8;
      3577;1981-2010;        46;        .2;        .7;       3.7;       8.2;        13;      15.7;      18.2;      17.7;      13.8;       9.1;       4.3;         1;       8.8;
      3591;1981-2010;        42;       1.5;       1.8;       4.9;         8;      12.3;      15.1;      17.4;      16.8;      13.5;       9.7;       5.2;       2.3;         9;
      3595;1981-2010;        46;        .8;       1.3;       4.8;       8.5;        13;        16;      17.8;      17.1;      13.2;       9.2;       4.7;       1.7;         9;
      3603;1981-2010;        42;       -.2;        .4;       4.1;         8;      12.7;      15.8;      17.8;      17.3;      13.2;       8.8;       3.7;        .7;       8.5;
      3605;1981-2010;        46;       -.6;        .3;       4.3;       8.4;      13.2;      16.2;      18.2;      17.6;      13.3;       8.8;       3.5;        .5;       8.7;
      3612;1981-2010;        51;       1.8;       2.1;         5;         9;      13.4;        16;      18.4;      17.7;      14.1;       9.9;       5.6;       2.4;       9.7;
      3621;1981-2010;        51;       -.8;        .2;       4.3;       8.5;      13.3;      16.2;      18.2;      17.7;      13.5;       8.8;       3.6;        .5;       8.7;
      3623;1981-2010;        42;       2.8;       3.1;       6.4;       9.7;        14;      16.7;      18.8;      18.3;      14.7;      10.8;       6.4;       3.5;      10.4;
      3639;1981-2010;        42;       1.8;         2;       4.4;       8.1;      12.3;        15;      17.4;      17.2;      14.1;        10;       5.7;       2.5;       9.2;
      3640;1981-2010;        51;       2.5;       2.7;       5.7;         9;      13.5;        16;      18.2;      17.7;      14.3;      10.4;         6;       3.4;       9.9;
      3659;1981-2010;        46;       -.5;       -.1;       3.2;       6.5;      10.9;      13.7;        16;      15.6;        12;         8;       3.4;        .3;       7.4;
      3660;1981-2010;        42;        .3;        .7;         4;       7.4;      11.7;      14.5;      16.8;      16.4;      12.8;       8.6;       4.2;       1.1;       8.2;
      3666;1981-2010;        46;       -.1;        .7;       4.5;       8.8;      13.9;      16.8;      18.9;      18.2;      13.9;       9.1;       4.1;        .9;       9.1;
      3667;1981-2010;        51;       -.7;       -.1;       3.9;       7.9;      12.9;      15.7;      17.8;        17;      12.7;       8.3;       3.4;        .2;       8.2;
      3668;1981-2010;        51;        .1;        .9;       4.8;       9.1;        14;      16.9;        19;      18.4;        14;       9.3;       4.2;         1;       9.3;
      3671;1981-2010;        46;        .9;       1.8;       5.6;       9.5;        14;        17;        19;      18.5;      14.4;       9.8;       4.7;       1.7;       9.7;
      3672;1981-2010;        46;        .1;        .8;       4.5;       8.2;      12.8;      15.9;      17.9;      17.4;      13.4;       9.1;         4;       1.2;       8.8;
      3679;1981-2010;        42;      -1.4;       -.2;       3.8;       8.3;      13.2;      15.9;      17.9;      17.3;      13.5;       9.1;       3.3;       -.4;       8.4;
      3694;1981-2010;        46;        -3;      -2.5;        .4;       4.4;       9.2;      12.1;      14.1;      13.9;      10.2;       6.1;       1.1;      -2.1;       5.3;
      3702;1981-2010;        51;       -.2;        .3;       4.1;       7.1;      11.5;      14.3;      16.7;      16.1;      12.5;       8.9;         4;         1;         8;
      3705;1981-2010;        46;       -.1;        .6;         4;       7.7;      12.4;      15.6;      17.5;      16.8;      12.9;       8.9;       3.7;        .9;       8.4;
      3722;1981-2010;        46;        -1;       -.1;       4.1;       8.4;      13.3;      16.3;      18.3;      17.8;      13.4;       8.8;       3.3;        .2;       8.6;
      3730;1981-2010;        51;      -3.1;      -2.1;       1.7;       5.8;      10.9;        14;      16.1;      15.4;      11.7;       7.7;       1.6;      -1.9;       6.5;
      3734;1981-2010;        42;       1.3;       2.1;       5.9;       9.8;      14.4;      17.3;      19.5;      18.8;      14.6;      10.1;       5.2;       2.2;      10.1;
      3735;1981-2010;        46;      -1.2;         0;       4.1;       8.5;      13.6;      16.4;      18.3;      17.7;      13.5;       8.9;       3.4;         0;       8.6;
      3739;1981-2010;        51;        -2;      -1.2;       2.7;       7.3;      12.3;        15;        17;      16.6;      12.4;       7.8;       2.4;        -1;       7.5;
      3744;1981-2010;        46;        .5;        .9;       4.3;         8;      12.5;      15.1;      17.3;      16.7;      13.1;       8.9;       4.6;       1.3;       8.6;
      3751;1981-2010;        46;      -1.2;       -.4;       3.5;       7.4;      12.2;      15.3;      17.3;      16.7;      12.7;       8.4;       2.9;       -.1;       7.9;
      3752;1981-2010;        46;      -2.9;      -2.5;        .7;       4.9;       9.9;      12.7;      14.6;      14.2;      10.6;       6.4;       1.1;      -2.1;       5.6;
      3753;1981-2010;        46;       2.4;       2.7;       5.8;       9.3;      13.6;      16.1;      18.3;      17.8;      14.3;      10.3;       6.1;         3;        10;
      3761;1981-2010;        51;       1.1;       1.9;       5.7;       9.7;      14.3;      17.2;      19.3;      18.8;      14.6;      10.1;       5.1;       2.1;        10;
      3776;1981-2010;        46;         2;       2.8;       6.7;      10.6;      15.1;      18.1;      20.2;      19.6;      15.3;      10.6;       5.9;       2.8;      10.8;
      3777;1981-2010;        46;         2;         3;       6.8;      10.5;        15;      18.1;      20.2;      19.5;      15.4;        11;       5.9;       3.1;      10.9;
      3788;1981-2010;        46;        -1;       -.2;       3.4;       7.8;      12.8;      15.6;      17.6;      17.2;      13.1;       8.7;       3.6;         0;       8.2;
      3790;1981-2010;        46;         2;       2.2;         5;       8.7;        13;      15.6;      17.9;      17.4;        14;       9.9;       5.7;       2.6;       9.5;
      3791;1981-2010;        42;         2;       2.2;         5;       8.7;      12.9;      15.5;      17.8;      17.4;      13.9;        10;       5.7;       2.6;       9.5;
      3811;1981-2010;        51;        .5;       1.1;       4.6;       8.9;      13.8;      16.6;        19;      18.5;      14.3;       9.6;       4.6;       1.3;       9.4;
      3815;1981-2010;        42;         2;       2.3;       5.5;       9.1;      13.4;      15.8;      18.1;      17.8;      14.2;       9.9;       5.9;         3;       9.8;
      3818;1981-2010;        46;        .7;       1.2;       4.4;       8.6;      13.5;      16.1;      18.5;        18;        14;       9.4;       4.7;       1.5;       9.2;
      3821;1981-2010;        42;        .4;        .9;       4.4;       8.5;      13.3;        16;      18.3;        18;      13.9;       9.4;       4.5;       1.1;       9.1;
      3825;1981-2010;        46;        .8;       1.7;       5.2;         9;      13.2;      16.2;      18.3;      17.8;      13.9;       9.5;       4.8;       1.7;       9.3;
      3836;1981-2010;        42;       -.5;        .1;       3.9;       8.1;      12.9;      15.7;      17.7;      17.2;      13.1;       8.4;       3.6;        .4;       8.4;
      3856;1981-2010;        46;      -1.5;      -1.2;       1.9;       5.4;      10.2;      13.2;      15.4;        15;      11.4;       7.7;       2.3;       -.5;       6.6;
      3857;1981-2010;        42;      -1.3;       -.8;       2.5;       6.2;      11.1;      14.1;      16.3;      15.8;        12;       8.2;       2.7;       -.2;       7.2;
      3867;1981-2010;        46;       2.1;       2.3;       5.1;       8.7;      12.8;      15.4;      17.6;      17.2;      13.9;        10;       5.8;       2.7;       9.5;
      3875;1981-2010;        51;      -1.8;       -.7;       3.4;         8;      12.8;      15.5;      17.6;      17.1;      12.7;       7.9;       2.6;       -.7;       7.9;
      3878;1981-2010;        46;      -1.4;         0;       4.4;       9.3;      14.4;        17;        19;      18.4;        14;       9.1;       3.5;       -.2;         9;
      3879;1981-2010;        46;      -1.4;         0;       4.3;       9.1;      14.2;      16.9;      18.8;      18.2;      13.8;       9.1;       3.4;       -.3;       8.8;
      3883;1981-2010;        46;        -1;       -.5;         3;       7.1;        12;      14.9;        17;      16.5;      12.6;       8.2;       3.2;       -.1;       7.7;
      3897;1981-2010;        42;       1.5;       1.7;       4.2;       7.7;      12.2;      15.2;      17.7;      17.5;        14;       9.8;       5.4;       2.3;       9.1;
      3903;1981-2010;        46;       2.1;       2.8;       6.3;       9.6;      13.9;        17;      19.1;      18.4;      14.4;      10.5;       5.9;         3;      10.2;
      3904;1981-2010;        42;       2.2;       2.8;       6.3;       9.6;      13.9;        17;      19.1;      18.5;      14.5;      10.5;         6;         3;      10.3;
      3915;1981-2010;        46;         0;        .8;       4.1;       8.6;      13.6;      16.4;      18.7;        18;      13.9;       9.2;       4.2;        .8;         9;
      3922;1981-2010;        46;       -.7;        .1;         4;       8.2;        13;      15.8;      17.9;      17.5;      13.3;       8.7;       3.6;        .4;       8.5;
      3925;1981-2010;        42;         1;       1.7;       5.3;       8.9;      13.3;      16.4;      18.6;        18;      13.9;       9.7;       4.8;       1.9;       9.4;
      3927;1981-2010;        51;      -1.4;       -.7;         3;       6.8;      11.7;      14.5;      16.7;      15.9;      12.2;         8;       2.5;       -.3;       7.4;
      3929;1981-2010;        46;       1.9;         3;       6.8;      10.7;      15.3;      18.4;      20.5;      19.9;      15.5;      10.8;       5.8;       2.9;        11;
      3939;1981-2010;        46;        .4;         1;       4.2;       7.8;      12.1;      15.2;      16.9;      16.2;      12.5;       8.8;       4.2;       1.4;       8.4;
      3946;1981-2010;        42;       -.7;         0;       3.6;       7.6;      12.5;      15.2;      17.5;        17;        13;       8.5;       3.6;        .3;       8.2;
      3955;1981-2010;        46;       1.3;       1.5;       3.9;       7.7;      12.2;        15;      17.5;      17.2;      13.8;       9.7;       5.3;       2.1;       8.9;
      3974;1981-2010;        46;       -.8;        .2;       3.9;       8.2;      13.1;      15.9;      17.8;      17.3;      13.2;       8.7;       3.6;        .3;       8.5;
      3975;1981-2010;        42;      -1.4;       -.6;       3.1;       7.3;      12.1;      15.1;      16.9;      16.5;      12.5;         8;       2.8;       -.4;       7.7;
      3987;1981-2010;        51;        .2;         1;       4.5;       9.2;        14;      16.6;      18.9;      18.3;      14.1;       9.4;       4.4;         1;       9.3;
      3988;1981-2010;        46;        .3;       1.1;       4.4;       9.2;      14.1;      16.8;      19.1;      18.4;      14.1;       9.4;       4.4;         1;       9.3;
      4005;1981-2010;        46;        -1;         0;       3.9;       8.2;      13.2;        16;        18;      17.4;      13.4;         9;       3.3;         0;       8.4;
      4018;1981-2010;        46;       -.9;       -.1;         4;       8.1;        13;      15.8;        18;      17.4;      13.2;       8.7;       3.2;        .2;       8.4;
      4024;1981-2010;        42;        .6;        .8;       3.2;         7;      11.6;      14.8;      17.4;      17.3;      13.7;       9.3;       4.7;       1.5;       8.5;
      4029;1981-2010;        46;       2.2;       2.4;       5.3;         9;      13.2;      15.8;        18;      17.5;        14;        10;       5.9;       2.8;       9.7;
      4032;1981-2010;        42;         1;       1.3;       4.7;       8.7;      13.5;      16.3;      18.6;        18;      14.1;       9.6;       5.2;       1.8;       9.4;
      4036;1981-2010;        42;        .3;        .8;       4.3;       8.5;      13.2;        16;      18.3;        18;      13.9;       9.2;       4.4;       1.1;         9;
      4038;1981-2010;        46;       1.3;       1.6;       4.2;         8;      12.4;        15;      17.4;        17;      13.5;       9.4;       5.1;         2;       8.9;
      4039;1981-2010;        42;       1.3;       1.6;       4.3;       8.1;      12.4;      15.1;      17.5;        17;      13.5;       9.4;       5.1;       1.9;       8.9;
      4053;1981-2010;        46;        .3;       1.1;       5.2;       9.2;      13.9;      17.1;      19.1;      18.4;      14.4;       9.7;       4.4;       1.4;       9.5;
      4063;1981-2010;        51;       1.8;       2.1;       5.1;       8.8;      13.1;      15.8;      18.2;      17.8;      13.9;       9.9;       5.7;       2.5;       9.6;
      4066;1981-2010;        46;       -.7;         0;         4;         8;      12.9;      15.8;      17.9;      17.2;      13.2;       8.9;       3.3;        .4;       8.4;
      4077;1981-2010;        46;       2.1;         3;       6.8;      10.5;      15.1;        18;      20.1;      19.5;      15.4;      10.8;       5.9;         3;      10.8;
      4079;1981-2010;        46;        .2;        .7;       4.5;       8.7;      13.4;      16.1;      18.4;      17.9;      13.8;       9.3;       4.4;         1;         9;
      4091;1981-2010;        46;      -2.8;      -2.9;       -.7;       2.8;       7.7;      10.4;      12.8;      12.6;       9.3;       6.2;        .9;      -2.1;       4.5;
      4094;1981-2010;        51;       -.4;        .2;       4.7;       8.6;      13.5;      16.8;      18.6;      17.8;      13.6;       9.2;       3.9;        .7;         9;
      4100;1981-2010;        46;       2.6;       2.9;         6;       9.6;      13.8;      16.4;      18.5;      17.9;      14.2;      10.4;       6.3;       3.3;      10.2;
      4104;1981-2010;        51;      -1.2;         0;       4.5;       9.1;      14.1;        17;        19;      18.5;      13.8;       8.7;       3.3;       -.1;       8.9;
      4127;1981-2010;        42;       1.1;       1.4;       4.7;         8;      12.4;      15.2;      17.1;      16.9;      13.3;       9.1;       4.9;       1.8;       8.9;
      4149;1981-2010;        46;      -2.2;      -1.9;       1.2;       5.4;      10.4;        13;      15.3;        15;      11.1;         7;       1.8;      -1.4;       6.2;
      4152;1981-2010;        46;       -.8;       -.3;         3;       6.8;      11.5;      14.6;      16.8;      16.2;      12.3;       8.2;       2.9;        .2;       7.6;
      4154;1981-2010;        42;       1.2;       1.5;       4.6;         8;      12.3;      14.9;      17.1;      16.5;        13;       9.4;       4.8;       1.9;       8.8;
      4156;1981-2010;        46;       1.4;       1.6;         4;       7.7;      12.1;        15;      17.4;        17;      13.5;       9.4;       5.1;         2;       8.9;
      4160;1981-2010;        42;        .2;        .9;       4.4;       8.2;      12.7;      15.8;      17.9;      17.3;      13.3;       9.2;       4.1;       1.2;       8.8;
      4166;1981-2010;        46;        .6;       1.5;       5.4;       9.2;      13.8;      16.9;        19;      18.3;      14.2;       9.7;       4.7;       1.8;       9.6;
      4169;1981-2010;        51;       1.6;       2.5;       6.5;      10.2;      14.7;      17.7;      19.7;        19;      14.8;      10.4;       5.4;       2.7;      10.5;
      4174;1981-2010;        42;       2.4;       2.7;       5.7;       9.3;      13.6;      16.1;      18.3;      17.8;      14.3;      10.3;       6.1;         3;        10;
      4175;1981-2010;        51;       1.7;       2.7;       6.5;        10;      14.3;      17.9;      19.9;      19.1;      14.9;      10.8;       5.6;       2.7;      10.5;
      4177;1981-2010;        42;       1.9;       2.8;       6.7;      10.5;        15;      18.1;      20.3;      19.8;      15.5;      10.8;       5.7;       2.8;      10.8;
      4189;1981-2010;        46;       -.7;        .2;         4;       7.8;      12.5;      15.6;      17.7;      17.2;        13;       8.7;       3.4;        .4;       8.3;
      4222;1981-2010;        51;       -.8;       -.4;       3.3;       7.2;      12.4;      15.1;      17.1;      16.8;      12.7;       8.6;       3.3;        .3;         8;
      4233;1981-2010;        46;       -.6;       -.2;       3.4;       7.3;      11.9;      14.8;      16.9;      16.3;      12.2;       8.1;       3.4;        .4;       7.8;
      4240;1981-2010;        46;       1.1;       1.4;       4.4;       7.4;      11.6;      14.3;      16.6;      16.1;      12.9;       9.3;       4.8;       1.8;       8.5;
      4261;1981-2010;        51;       -.7;        .4;       4.7;       8.8;      13.7;      16.6;      18.5;      17.8;      13.4;         9;       3.6;        .3;       8.9;
      4271;1981-2010;        51;       1.5;       1.8;       4.2;       7.8;      12.3;      15.5;      18.1;      17.9;      14.5;      10.2;       5.6;       2.4;       9.4;
      4275;1981-2010;        51;       1.3;       1.6;       4.6;       8.6;      13.1;      15.6;      18.1;      17.1;      13.8;       9.6;         5;       2.1;       9.3;
      4278;1981-2010;        51;       -.1;        .5;       4.4;       8.7;        14;      17.1;        19;      18.3;      13.7;       8.9;       3.6;        .8;       9.1;
      4280;1981-2010;        42;       -.4;        .3;       4.1;       8.5;      13.7;      16.7;      18.8;        18;      13.5;       8.7;       3.6;        .6;       8.8;
      4287;1981-2010;        51;       -.2;        .5;       4.3;       8.4;      13.1;        16;      18.1;      17.6;      13.4;       8.9;       3.9;        .9;       8.8;
      4288;1981-2010;        46;       1.9;       2.2;       5.4;       9.1;      13.4;      15.9;      18.2;      17.6;        14;        10;       5.7;       2.6;       9.7;
      4294;1981-2010;        46;        .4;       1.2;       5.1;       8.8;      13.4;      16.6;      18.7;      18.1;      13.9;       9.6;       4.3;       1.4;       9.3;
      4300;1981-2010;        42;       -.8;       -.1;       3.5;       7.1;      11.8;      15.1;      17.2;      16.7;      12.7;       8.5;       3.3;        .3;       7.9;
      4301;1981-2010;        51;       1.7;       2.4;       6.4;      10.3;      14.8;      17.9;      19.9;      19.3;      14.9;        10;       5.5;       2.6;      10.5;
      4318;1981-2010;        51;      -2.3;      -1.6;       1.9;       5.7;      10.9;      13.7;      15.6;      15.2;      11.8;       7.8;       2.1;        -1;       6.6;
      4320;1981-2010;        46;       1.2;       1.5;         4;       7.8;      12.2;        15;      17.4;      17.1;      13.6;       9.4;       5.1;       1.9;       8.8;
      4323;1981-2010;        51;        .1;        .9;       4.6;       8.4;      12.7;      15.7;        18;      17.7;      13.7;       9.2;       4.2;         1;       8.9;
      4327;1981-2010;        46;        -3;      -2.2;       1.6;         6;      11.1;      13.7;      15.7;      15.2;      11.1;         7;       1.8;      -1.7;       6.4;
      4330;1981-2010;        46;        .5;       1.3;       5.1;       8.7;      13.2;      16.2;      18.5;      17.9;      13.9;       9.5;       4.4;       1.5;       9.2;
      4332;1981-2010;        46;         0;        .8;       4.4;       8.6;      13.5;      16.1;      18.4;      17.9;      13.6;         9;       4.3;         1;         9;
      4336;1981-2010;        51;        .8;       1.7;       5.4;       8.9;      13.1;      16.2;      18.3;      17.9;      13.9;       9.7;       4.8;       1.8;       9.4;
      4339;1981-2010;        46;       2.2;       2.9;       6.6;      10.2;      14.6;      17.6;      19.8;        19;      14.9;      10.7;         6;       3.1;      10.6;
      4347;1981-2010;        46;       -.5;       -.2;       3.1;       7.5;      12.4;      14.9;        17;      16.4;      12.5;       8.1;       3.5;        .2;       7.9;
      4349;1981-2010;        42;       1.3;       2.1;         6;       9.9;      14.4;      17.4;      19.5;      18.8;      14.7;      10.2;       5.2;       2.2;      10.1;
      4350;1981-2010;        51;        .9;       1.8;       5.5;       9.1;      13.7;      16.9;        19;      18.2;      14.2;        10;       4.3;       1.9;       9.6;
      4354;1981-2010;        51;      -2.2;       -.8;         3;       8.1;      13.3;      15.9;      17.7;      17.1;      12.7;         8;       2.5;      -1.1;       7.9;
      4364;1981-2010;        46;       1.3;       1.6;       4.9;         9;      13.6;      16.2;      18.4;        18;      14.1;       9.8;       5.3;         2;       9.5;
      4367;1981-2010;        46;       1.1;       1.5;       4.6;       8.3;      12.7;      15.3;      17.5;      17.1;      13.4;       9.4;       5.2;       1.9;         9;
      4371;1981-2010;        51;       1.7;       2.1;       5.4;       9.1;      13.4;      15.7;      18.1;      17.6;        14;        10;       5.6;       2.4;       9.6;
      4373;1981-2010;        46;         1;       1.4;       4.4;       8.6;      13.3;      15.9;      18.3;      17.7;      13.9;       9.4;       4.9;       1.7;       9.2;
      4377;1981-2010;        51;      -1.1;       -.3;       3.3;       7.7;      12.2;      14.9;      17.1;      16.8;      12.8;       8.1;       2.9;       -.2;       7.9;
      4386;1981-2010;        51;      -1.6;      -1.2;       2.2;       5.7;      10.8;      14.3;      16.4;      15.4;      11.4;       7.3;       1.9;       -.4;       6.9;
      4391;1981-2010;        46;       1.5;       1.7;       4.2;         8;      12.2;      14.9;      17.3;      17.1;      13.8;       9.7;       5.3;       2.2;         9;
      4396;1981-2010;        46;        .7;       1.4;         5;       8.6;      12.9;      15.9;      18.1;      17.5;      13.6;       9.3;       4.5;       1.5;       9.1;
      4397;1981-2010;        46;        .5;       1.2;       4.9;       8.5;      12.8;      15.7;      17.8;      17.4;      13.5;       9.3;       4.4;       1.3;       8.9;
      4401;1981-2010;        46;       2.1;       2.4;       5.8;       9.2;      13.6;      16.2;      18.5;      17.9;      14.2;      10.2;         6;       2.9;       9.9;
      4411;1981-2010;        51;       1.6;       2.1;       5.9;       9.5;        14;      17.1;      19.1;      18.6;      14.4;      10.1;       5.4;       2.4;      10.1;
      4419;1981-2010;        46;       1.9;       2.9;       6.9;      10.7;      15.3;      18.5;      20.5;      19.8;      15.6;        11;       5.7;         3;        11;
      4425;1981-2010;        46;        .2;         1;       4.4;         8;      12.3;      15.3;      17.5;      17.2;      13.2;         9;       4.1;       1.1;       8.6;
      4433;1981-2010;        46;       -.8;         0;         4;         8;      12.8;      15.9;      17.9;      17.2;      13.1;       8.7;       3.3;        .4;       8.4;
      4436;1981-2010;        46;       -.1;        .4;         4;       7.9;      12.6;      15.4;      17.5;        17;        13;       8.6;         4;        .8;       8.4;
      4438;1981-2010;        46;       -.1;        .5;       4.4;       8.8;      13.6;      16.4;      18.4;      17.9;      13.7;       9.1;         4;        .9;         9;
      4442;1981-2010;        51;       1.4;       1.7;         5;       8.6;      13.2;      15.7;      17.8;      17.4;      13.6;       9.7;       5.2;       2.4;       9.3;
      4445;1981-2010;        51;      -1.9;      -1.9;        .7;       4.3;       9.6;      12.2;      14.4;      13.9;      10.2;       6.3;       2.1;      -1.2;       5.8;
      4464;1981-2010;        42;      -1.3;       -.7;       2.9;       7.1;      11.9;      14.7;      16.8;      16.5;      12.5;       8.2;       2.9;       -.4;       7.6;
      4466;1981-2010;        51;       1.3;       1.4;       3.8;       7.5;      11.8;      14.6;        17;      16.7;      13.3;       9.3;         5;         2;       8.7;
      4468;1981-2010;        46;       1.3;       1.4;       3.8;       7.5;      11.7;      14.7;        17;      16.8;      13.4;       9.4;         5;         2;       8.7;
      4474;1981-2010;        46;       1.3;         2;       5.7;       9.5;      13.9;      16.9;      18.9;      18.4;      14.3;       9.8;       5.1;       2.2;       9.8;
      4479;1981-2010;        46;       -.3;        .1;       3.7;       7.6;      12.3;      15.2;      17.2;      16.6;      12.6;       8.4;       3.7;        .6;       8.1;
      4480;1981-2010;        42;        .4;         1;       4.7;       8.7;      13.2;      16.1;      18.2;      17.4;      13.3;         9;       4.5;       1.3;         9;
      4484;1981-2010;        46;       1.2;       1.5;       4.3;       8.1;      12.5;      15.1;      17.5;      17.1;      13.5;       9.2;       4.9;       1.8;       8.9;
      4485;1981-2010;        42;       -.3;        .4;       4.1;       8.1;      12.9;      15.7;      17.8;      17.4;      13.2;       8.6;       4.1;        .7;       8.6;
      4489;1981-2010;        46;        .9;         1;       4.3;       8.1;      12.8;      15.5;      17.9;      17.5;      13.5;       9.1;       4.9;       1.5;       8.9;
      4490;1981-2010;        46;       1.4;       2.1;       5.5;       9.1;      13.5;      16.5;      18.6;      17.8;      13.9;       9.8;       5.2;       2.3;       9.6;
      4501;1981-2010;        51;      -3.4;        -3;         0;       4.2;         9;      11.6;        14;      13.8;       9.8;       5.6;        .7;      -2.5;         5;
      4505;1981-2010;        46;      -2.1;      -1.6;       1.6;       5.8;      10.7;      13.5;      15.6;      15.2;      11.4;       7.2;       2.1;      -1.1;       6.5;
      4508;1981-2010;        51;       -.6;       -.3;       2.6;         6;      10.4;      13.1;      15.3;      14.9;      11.5;       7.5;         3;        .2;         7;
      4548;1981-2010;        42;      -2.3;      -1.6;         2;       6.4;      11.2;        14;        16;      15.6;      11.5;       7.1;       2.1;      -1.3;       6.7;
      4549;1981-2010;        51;      -1.4;      -1.4;       1.3;       4.8;       9.5;      12.6;      14.8;      14.5;      10.8;       7.3;       2.3;       -.4;       6.2;
      4557;1981-2010;        46;        .1;       1.2;         5;       8.8;      13.4;      16.6;      18.7;      17.9;      13.8;       9.5;       4.1;       1.3;       9.2;
      4559;1981-2010;        42;      -1.2;       -.4;       3.7;       8.2;      13.1;        16;      18.1;      17.3;        13;       8.4;       3.2;       -.1;       8.3;
      4560;1981-2010;        51;        .3;        .8;       4.6;       8.5;        13;      15.7;      17.8;      17.3;      13.4;       9.1;       4.4;       1.2;       8.9;
      4571;1981-2010;        46;       -.8;       -.6;       2.4;       6.3;      11.1;      13.7;      15.9;      15.5;      11.7;       7.7;       3.2;       -.1;       7.2;
      4576;1981-2010;        46;       -.3;        .4;       4.4;       8.7;      13.7;      16.6;      18.7;        18;      13.6;       8.9;       3.8;        .7;       8.9;
      4581;1981-2010;        46;        .6;       1.4;         5;       8.9;      13.6;      16.5;      18.6;      18.1;        14;       9.8;       4.6;       1.6;       9.4;
      4582;1981-2010;        46;        .4;       1.2;       4.9;       8.9;      13.4;      16.4;      18.6;        18;      13.8;       9.4;       4.4;       1.4;       9.2;
      4584;1981-2010;        46;        -1;        .1;       4.2;       8.5;      13.5;      16.4;      18.3;      17.8;      13.5;       8.9;       3.5;        .2;       8.6;
      4586;1981-2010;        46;        .4;         1;       4.6;       8.2;      12.7;      15.6;      17.7;      17.1;      13.2;         9;       4.3;       1.3;       8.8;
      4592;1981-2010;        51;      -1.2;       -.3;       4.1;       8.5;      13.7;      16.6;      18.5;      17.9;      13.4;       8.4;       3.1;       -.1;       8.6;
      4593;1981-2010;        46;         1;       1.4;       4.7;       8.8;      13.6;      16.2;      18.6;      18.1;      14.1;       9.5;         5;       1.7;       9.4;
      4597;1981-2010;        51;      -1.5;       -.8;       2.9;         7;      11.8;      14.7;      16.8;      16.2;      12.3;       8.3;       2.9;       -.3;       7.5;
      4605;1981-2010;        51;        .1;        .4;       3.9;       7.8;      12.6;      15.5;      17.5;      16.8;      12.8;       8.6;       4.1;        .9;       8.5;
      4606;1981-2010;        46;        .2;        .9;       4.5;         9;      14.1;      16.8;      19.1;      18.4;      14.1;       9.5;       4.4;       1.1;       9.3;
      4612;1981-2010;        46;       -.6;       -.1;       3.3;       7.4;      12.2;      14.9;      17.2;      16.6;      12.7;       8.4;       3.7;        .4;         8;
      4621;1981-2010;        46;        .3;         1;         5;       9.3;        14;      16.8;      18.8;      18.3;        14;       9.3;       4.4;       1.2;       9.4;
      4625;1981-2010;        51;        .8;       1.2;       4.1;       8.3;      12.9;      15.5;      18.1;      17.7;      13.9;       9.5;       4.8;       1.5;       9.1;
      4629;1981-2010;        46;       1.3;       1.3;       3.6;       7.2;      11.4;      14.3;      16.8;      16.5;      13.3;       9.4;       5.1;         2;       8.5;
      4642;1981-2010;        51;        .7;       1.2;       4.3;       8.5;      13.5;      16.3;      18.7;      18.1;      13.9;       9.2;       4.6;       1.4;       9.2;
      4649;1981-2010;        46;       1.9;       2.3;       5.6;         9;      13.2;      15.9;        18;      17.3;      13.8;        10;       5.6;       2.7;       9.6;
      4651;1981-2010;        51;        .7;       1.1;       4.4;       8.3;      12.8;      15.3;      17.6;      17.3;      13.5;       9.3;       4.8;       1.5;       8.9;
      4656;1981-2010;        46;       1.1;       1.4;       4.1;       7.9;      12.4;      15.1;      17.5;      17.2;      13.5;       9.2;       4.9;       1.8;       8.8;
      4664;1981-2010;        46;      -2.3;      -1.5;       2.1;       6.4;      11.3;        14;      16.1;      15.6;      11.5;       7.1;         2;      -1.3;       6.8;
      4692;1981-2010;        51;         1;       1.5;       4.9;       8.7;      13.3;      16.1;      18.1;      17.3;      13.3;       9.3;       4.9;       1.9;       9.2;
      4702;1981-2010;        46;      -1.4;       -.6;       3.2;       7.1;      11.9;      14.9;        17;      16.4;      12.5;       8.2;       2.7;       -.1;       7.7;
      4703;1981-2010;        51;      -1.6;       -.8;       3.3;       7.3;      12.1;      15.2;      17.3;      16.6;      12.5;       8.1;       2.6;       -.4;       7.7;
      4704;1981-2010;        42;       -.3;        .7;       4.7;       8.5;      13.4;      16.5;      18.6;      17.9;        14;       9.6;       3.9;         1;         9;
      4705;1981-2010;        46;      -2.9;      -2.1;       1.5;       6.1;      11.1;      13.8;      15.8;      15.4;      11.5;       6.8;       1.4;      -1.9;       6.4;
      4706;1981-2010;        51;      -1.1;        .2;       4.6;       9.1;        14;      16.8;      18.8;      18.2;      13.8;       9.1;       3.6;        .2;         9;
      4709;1981-2010;        51;         0;        .8;       4.2;       7.7;      11.9;        15;      17.1;      16.8;      12.9;       8.8;         4;         1;       8.4;
      4719;1981-2010;        46;       1.5;       2.4;       6.1;        10;      14.6;      17.6;      19.7;      19.1;      14.8;      10.2;       5.4;       2.4;      10.3;
      4729;1981-2010;        46;       -.2;        .5;       4.1;         8;      12.5;      15.4;      17.5;        17;        13;       8.7;       3.8;        .7;       8.4;
      4741;1981-2010;        46;       2.1;       2.4;       5.7;       9.2;      13.6;      16.1;      18.3;      17.6;      13.9;        10;       5.7;       2.7;       9.8;
      4745;1981-2010;        51;        .9;       1.3;       4.2;       8.3;      12.9;      15.3;      17.6;        17;      13.3;         9;       4.8;       1.6;       8.9;
      4748;1981-2010;        51;        .3;       1.1;       4.5;       8.6;      13.3;      16.2;      18.4;      17.9;      13.8;       9.2;       4.6;       1.2;       9.2;
      4752;1981-2010;        42;      -2.3;      -1.6;         2;       6.4;      11.3;      13.9;      16.1;      15.9;      11.8;       7.3;       2.1;      -1.3;       6.8;
      4763;1981-2010;        42;        .2;        .7;       4.3;       8.1;      12.7;      15.5;      17.6;        17;        13;       8.8;       4.4;       1.2;       8.6;
      4765;1981-2010;        46;        .8;       1.3;       4.8;       8.7;      13.2;      15.9;      18.1;      17.6;      13.7;       9.4;         5;       1.7;       9.2;
      4775;1981-2010;        46;      -1.2;       -.3;       3.7;       8.1;      13.1;      15.9;      17.8;      17.2;        13;       8.3;       3.2;       -.3;       8.2;
      4782;1981-2010;        46;        .7;       1.1;       4.8;       9.1;        14;      16.7;      19.1;      18.5;      14.3;       9.6;       4.7;       1.4;       9.5;
      4813;1981-2010;        46;       -.7;         0;       3.8;       8.1;        13;      15.7;      17.8;      17.2;      13.1;       8.6;       3.6;        .3;       8.4;
      4818;1981-2010;        46;        -2;      -1.4;       2.2;       6.5;      11.5;      14.2;      16.2;      15.7;      11.7;       7.4;       2.3;        -1;       6.9;
      4837;1981-2010;        46;       1.6;       2.3;         6;       9.5;      13.9;      17.2;      19.2;      18.6;      14.7;      10.5;       5.3;       2.6;      10.1;
      4841;1981-2010;        42;       1.7;       1.9;       4.5;       8.3;      12.4;      15.1;      17.5;      17.1;      13.8;       9.7;       5.4;       2.3;       9.1;
      4847;1981-2010;        46;       -.6;       -.3;       2.9;       6.7;      11.2;        14;      16.1;      15.7;        12;       8.1;       3.4;        .2;       7.5;
      4857;1981-2010;        42;       1.6;         2;       4.7;       8.7;        13;      15.6;        18;      17.4;      13.8;       9.6;       5.3;       2.2;       9.3;
      4878;1981-2010;        42;        -1;       -.7;       2.4;       6.3;      11.1;      13.8;        16;      15.6;      11.8;       7.6;       3.1;       -.2;       7.2;
      4881;1981-2010;        46;       -.5;        .4;       4.3;       8.3;        13;      16.2;      18.1;      17.4;      13.4;         9;       3.6;        .6;       8.6;
      4896;1981-2010;        51;       1.1;       1.1;       3.5;       7.2;      11.4;      14.2;      16.7;      16.5;      13.2;       9.3;       5.1;         2;       8.5;
      4911;1981-2010;        42;      -1.6;       -.4;       4.2;       8.8;      13.8;      16.5;      18.4;      17.9;      13.6;       8.7;       3.4;       -.2;       8.6;
      4926;1981-2010;        51;       2.3;       3.2;       7.1;      10.9;      15.4;      18.5;      20.8;      20.1;      15.7;      11.2;       6.1;       3.2;      11.2;
      4927;1981-2010;        46;       1.7;       2.6;       6.4;      10.2;      14.7;      17.7;      19.9;      19.4;      15.2;      10.7;       5.6;       2.6;      10.6;
      4928;1981-2010;        51;       1.4;       2.4;       6.2;       9.9;      14.4;      17.3;      19.5;      19.1;      14.8;      10.4;       5.2;       2.2;      10.2;
      4931;1981-2010;        51;        .5;       1.3;       5.2;         9;      13.6;      16.5;      18.7;      18.2;        14;       9.4;       4.3;       1.4;       9.4;
      4933;1981-2010;        46;        .7;       1.6;       5.3;       9.1;      13.6;      16.8;      18.9;      18.3;      14.2;       9.8;       4.6;       1.7;       9.6;
      4939;1981-2010;        46;        .9;       1.2;       4.4;       8.4;        13;      15.9;      18.1;      17.6;      13.6;       9.5;         5;       1.6;       9.1;
      4977;1981-2010;        46;        .8;       1.3;       4.6;         9;      13.9;      16.6;        19;      18.3;      14.2;       9.6;       4.8;       1.5;       9.4;
      4978;1981-2010;        42;       -.3;        .2;       3.8;       7.8;      12.4;      15.1;      17.2;      16.8;      12.8;       8.6;       3.9;        .6;       8.2;
      4987;1981-2010;        46;        .6;       1.3;       5.1;         9;      13.5;      16.7;      18.8;        18;      13.8;       9.3;       4.6;       1.6;       9.3;
      4997;1981-2010;        42;        .3;        .9;       4.4;       8.6;      13.4;      16.1;      18.6;      18.1;        14;       9.5;       4.6;       1.2;       9.1;
      5009;1981-2010;        42;        .4;        .8;       3.6;       7.8;      12.4;      15.2;      17.8;      17.5;      13.7;       9.2;       4.4;       1.2;       8.7;
      5014;1981-2010;        51;       1.5;       1.8;       4.6;       8.3;      12.7;      15.3;      17.6;      16.9;      13.4;       9.3;       5.1;       2.1;       9.1;
      5017;1981-2010;        51;      -2.3;      -1.8;       1.9;       6.5;      11.6;        14;      16.2;      15.6;      11.6;         7;         2;      -1.3;       6.8;
      5024;1981-2010;        46;        .7;       1.3;       4.7;         9;      13.9;      16.6;        19;      18.4;      14.2;       9.5;       4.8;       1.4;       9.5;
      5029;1981-2010;        51;        .6;       1.5;       5.1;       8.8;      13.1;      15.7;      18.2;      17.8;        14;       9.6;       4.6;       1.5;       9.2;
      5032;1981-2010;        46;        .9;       1.5;       5.4;       9.7;      14.4;      17.4;      19.5;      18.8;      14.4;       9.7;       4.9;       1.8;       9.9;
      5039;1981-2010;        46;        .3;        .8;       4.4;       8.4;      13.1;      15.9;      18.1;      17.5;      13.5;         9;       4.5;       1.2;       8.9;
      5046;1981-2010;        42;      -1.7;       -.9;         3;       7.5;      12.4;      15.2;      17.1;      16.6;      12.5;       7.9;       2.6;       -.7;       7.6;
      5047;1981-2010;        46;      -1.7;      -1.3;       1.8;       5.5;      10.2;      13.5;      15.6;      14.8;        11;       7.2;       2.1;       -.5;       6.5;
      5059;1981-2010;        46;      -1.2;       -.9;         2;       5.5;      10.3;      13.4;      15.5;      14.9;      11.2;       7.5;       2.4;       -.2;       6.7;
      5063;1981-2010;        51;        -1;       -.4;       3.2;       7.2;      12.3;        15;      17.2;      16.5;      12.6;       8.5;       2.8;        .1;       7.8;
      5064;1981-2010;        46;         3;       3.4;       6.6;        10;      14.3;      16.9;      19.1;      18.4;      14.8;        11;       6.7;       3.7;      10.7;
      5067;1981-2010;        46;       -.9;       -.5;       2.6;       6.5;        11;      13.5;      15.7;      15.4;      11.8;       7.9;       3.2;         0;       7.2;
      5068;1981-2010;        46;        .5;       1.1;       4.7;         9;        14;      16.7;      19.2;      18.6;      14.3;       9.7;       4.7;       1.3;       9.5;
      5074;1981-2010;        46;       -.8;        .1;       3.7;       7.8;      12.8;      15.7;      17.6;      17.2;      13.3;         9;       3.4;         0;       8.3;
      5075;1981-2010;        46;       -.8;        .1;       3.7;       7.9;      12.8;      15.6;      17.7;      17.1;      13.3;       9.1;       3.4;         0;       8.3;
      5078;1981-2010;        46;       1.5;       1.7;       4.3;       7.9;      12.1;      15.2;      17.7;      17.5;        14;       9.8;       5.4;       2.3;       9.1;
      5088;1981-2010;        46;         1;       1.1;       3.3;         7;      11.5;      14.9;      17.6;      17.6;      14.1;       9.8;       5.2;         2;       8.7;
      5097;1981-2010;        42;        .5;        .8;       3.4;       7.5;      12.1;        15;      17.5;      17.3;      13.5;       9.1;       4.4;       1.3;       8.5;
      5099;1981-2010;        42;       2.2;       2.9;       6.6;      10.1;      14.4;      17.4;      19.5;      18.8;      14.9;      10.6;       6.1;       3.1;      10.6;
      5100;1981-2010;        51;       1.5;       2.2;       5.9;       9.3;      13.6;      16.6;      18.7;      18.2;      14.3;      10.1;       5.3;       2.4;       9.9;
      5105;1981-2010;        46;      -1.3;       -.7;       2.9;       6.7;      11.2;      14.2;      16.3;      15.8;        12;       7.9;       2.6;       -.2;       7.3;
      5107;1981-2010;        46;      -1.6;        -1;       2.6;       6.3;      10.9;      13.9;        16;      15.6;      11.7;       7.6;       2.3;       -.6;         7;
      5109;1981-2010;        42;        .1;        .6;       3.6;       7.8;      12.5;      15.3;      17.9;      17.6;      13.7;       9.1;       4.2;        .9;       8.6;
      5111;1981-2010;        51;      -1.1;         0;       4.1;       8.5;      13.6;      16.2;      18.3;      17.6;      13.7;         9;       3.3;         0;       8.6;
      5120;1981-2010;        46;        .6;       1.4;       5.3;       9.1;      13.7;      16.9;      18.9;      18.3;      14.2;       9.8;       4.5;       1.6;       9.5;
      5127;1981-2010;        46;      -1.2;       -.5;       3.1;       6.8;      11.4;      14.6;      16.7;      15.9;      12.3;       8.2;       2.8;       -.1;       7.5;
      5128;1981-2010;        46;        -1;       -.2;       3.5;       7.2;      11.8;        15;      17.1;      16.4;      12.5;       8.3;       2.9;       -.1;       7.8;
      5133;1981-2010;        42;        .4;        .7;       4.2;       7.9;      12.4;      15.1;      17.2;      16.9;        13;       8.8;       4.4;       1.2;       8.5;
      5138;1981-2010;        46;        .1;         1;         5;         9;      13.6;      16.7;      18.8;      18.1;      14.2;       9.6;       4.1;       1.2;       9.3;
      5142;1981-2010;        51;        .2;        .9;       3.7;       7.9;      12.9;      15.7;      18.2;      17.7;      13.9;       9.5;       4.4;       1.2;       8.9;
      5146;1981-2010;        42;         1;       1.3;       4.4;       8.6;      13.2;      15.7;        18;      17.4;      13.6;       9.3;       4.9;       1.7;       9.1;
      5149;1981-2010;        42;        .1;        .8;       4.7;       8.7;      13.4;      16.2;      18.4;        18;      13.7;       9.2;       4.2;       1.1;         9;
      5155;1981-2010;        51;      -1.1;        .1;       4.2;       8.4;      13.1;        16;      18.2;      17.6;      13.5;       8.7;       3.1;        .1;       8.5;
      5158;1981-2010;        42;        .7;       1.1;       4.3;       8.5;      13.3;      15.9;      18.3;      17.8;      13.8;       9.4;       4.7;       1.4;       9.1;
      5165;1981-2010;        51;        .6;        .8;       3.7;       7.8;      12.9;      15.4;      17.7;        17;      13.1;       8.9;       4.4;       1.6;       8.7;
      5185;1981-2010;        51;       -.1;        .5;       4.3;       8.6;      13.9;        17;        19;      18.3;      13.7;       9.2;         4;       1.2;       9.1;
      5229;1981-2010;        51;      -1.5;       -.8;       3.1;       6.9;      11.7;      15.1;      17.2;      16.4;      12.2;         8;       2.6;       -.4;       7.6;
      5236;1981-2010;        46;       1.8;       2.1;       4.9;       8.7;      12.9;      15.5;      17.8;      17.3;      13.8;       9.7;       5.4;       2.5;       9.4;
      5244;1981-2010;        46;       2.1;       2.9;       6.5;      10.2;      14.6;      17.6;      19.8;      19.1;      14.9;      10.7;       5.9;       2.9;      10.6;
      5250;1981-2010;        46;       2.1;         3;       6.8;      10.5;      15.1;      18.2;      20.1;      19.4;      15.3;      10.9;       5.8;       3.1;      10.9;
      5252;1981-2010;        46;       1.4;       1.7;       4.9;       8.8;      13.1;      15.6;      17.9;      17.4;      13.7;       9.7;       5.5;       2.1;       9.3;
      5267;1981-2010;        46;       1.1;       1.4;       4.9;         9;      13.7;      16.4;      18.7;      18.3;      14.1;       9.7;       5.1;       1.8;       9.5;
      5275;1981-2010;        42;       1.9;       2.9;       6.8;      10.8;      15.4;      18.4;      20.6;      19.9;      15.5;      10.7;       5.8;       2.8;        11;
      5277;1981-2010;        46;       -.1;        .4;       4.1;       7.9;      12.4;      15.2;      17.3;      16.8;        13;       8.6;       3.9;        .8;       8.4;
      5279;1981-2010;        51;        .8;       1.2;       4.7;       8.5;        13;      15.6;      17.8;      17.2;      13.3;       9.2;       4.9;       1.6;         9;
      5280;1981-2010;        51;       1.1;       1.3;       3.9;       7.8;      12.2;      15.1;      17.5;        17;      13.3;       9.2;       4.9;       1.7;       8.8;
      5282;1981-2010;        46;        .3;       1.1;       4.6;       9.1;      14.1;      16.7;        19;      18.6;      14.3;       9.8;       4.6;       1.2;       9.5;
      5284;1981-2010;        46;       1.4;       2.3;       6.1;       9.9;      14.4;      17.5;      19.6;      18.9;      14.7;      10.3;       5.3;       2.3;      10.2;
      5291;1981-2010;        46;      -1.7;      -1.6;       1.3;       4.7;       9.4;      12.6;      14.8;      14.2;      10.6;         7;       1.9;       -.7;         6;
      5296;1981-2010;        46;       -.1;        .4;       3.9;       7.7;      12.2;      14.9;      17.1;      16.7;      12.8;       8.5;         4;        .8;       8.2;
      5300;1981-2010;        51;        .3;        .7;       4.4;       8.2;      12.4;        15;      17.4;      16.9;      13.5;       9.2;       4.2;       1.2;       8.7;
      5306;1981-2010;        46;      -2.6;      -2.1;         1;       5.4;      10.6;        13;        15;      14.7;      10.8;       6.9;       1.6;      -1.6;       6.1;
      5317;1981-2010;        46;      -1.8;      -1.1;       2.6;       6.9;      11.9;      14.7;      16.7;      16.2;      12.2;       7.6;       2.5;       -.8;       7.3;
      5320;1981-2010;        46;        .5;       1.3;       5.1;         9;      13.6;      16.7;      18.8;      18.1;      14.1;       9.6;       4.2;       1.4;       9.4;
      5335;1981-2010;        42;       -.3;        .3;       3.8;       7.9;      12.6;      15.4;      17.7;      17.2;        13;       8.6;       3.9;        .6;       8.4;
      5344;1981-2010;        51;       2.3;       2.4;       4.6;       7.7;      11.8;      14.6;      17.2;      17.3;      14.6;      10.7;       6.3;       3.4;       9.4;
      5347;1981-2010;        42;        .6;         1;       4.4;       8.1;      12.5;      15.3;      17.5;      17.1;      13.3;       9.1;       4.7;       1.4;       8.8;
      5349;1981-2010;        42;        .1;        .7;       3.5;       8.1;      12.9;      15.7;      18.2;      17.7;      13.8;       9.2;       4.4;         1;       8.8;
      5361;1981-2010;        51;        .5;        .7;       4.6;         8;      12.8;      15.9;      17.8;      17.4;      13.1;       8.9;       4.2;       1.5;       8.8;
      5369;1981-2010;        46;      -1.1;        .2;       4.3;       8.6;      13.6;      16.4;      18.3;      17.6;      13.5;         9;       3.4;         0;       8.6;
      5371;1981-2010;        51;      -2.5;      -2.3;        .5;       4.7;       9.3;        12;      14.3;      14.1;      10.2;       6.1;       1.3;      -1.6;       5.5;
      5377;1981-2010;        46;      -5.2;      -5.1;      -2.4;        .7;       5.7;       8.3;      10.4;      10.3;       7.3;       4.4;      -1.2;        -4;       2.4;
      5397;1981-2010;        51;      -1.3;       -.4;       3.7;       8.1;      13.1;      15.9;        18;      17.5;        13;       8.3;         3;       -.3;       8.3;
      5398;1981-2010;        46;       -.7;        .1;         4;       8.1;      12.9;      15.9;      17.9;      17.4;      13.2;       8.6;       3.5;        .4;       8.4;
      5403;1981-2010;        46;        .1;        .8;       4.7;       8.7;      13.4;      16.2;      18.4;      17.9;      13.7;       9.3;       4.3;       1.2;         9;
      5404;1981-2010;        51;      -1.5;       -.5;       3.9;       7.8;      12.8;      15.4;      17.4;      17.2;      12.9;       8.4;       3.1;       -.1;       8.1;
      5410;1981-2010;        46;        .9;       1.6;       5.3;       9.1;      13.6;      16.5;      18.6;        18;      13.8;       9.4;       4.9;       1.8;       9.5;
      5419;1981-2010;        46;        .2;        .8;       4.4;       8.5;      13.1;      15.8;      18.1;      17.7;      13.6;       9.3;       4.5;       1.1;       8.9;
      5424;1981-2010;        42;       -.1;        .4;       3.9;         8;      12.7;      15.5;      17.7;      17.3;      13.3;       8.9;       4.1;        .7;       8.5;
      5426;1981-2010;        46;       -.2;        .6;       4.2;         8;      12.4;      15.4;      17.7;      17.4;      13.4;         9;       3.8;        .8;       8.6;
      5429;1981-2010;        46;       1.5;       2.3;       6.2;        10;      14.6;      17.6;      19.7;      19.1;      14.8;      10.2;       5.4;       2.4;      10.3;
      5431;1981-2010;        46;        .7;       1.2;       4.3;       8.5;      13.4;        16;      18.4;      17.8;        14;       9.3;       4.7;       1.5;       9.2;
      5433;1981-2010;        51;        .9;       1.6;       5.3;       9.1;      13.5;      16.1;      18.4;      17.9;        14;       9.8;       5.1;       1.8;       9.5;
      5434;1981-2010;        46;       -.6;         0;       3.8;       8.1;      12.9;      15.8;      17.8;      17.2;      13.1;       8.5;       3.6;        .4;       8.4;
      5435;1981-2010;        46;        .5;       1.2;       4.9;       8.6;      13.1;      16.1;      18.4;        18;        14;       9.5;       4.4;       1.5;       9.2;
      5440;1981-2010;        51;       -.7;        .2;       4.2;       8.4;      13.2;      16.1;      18.2;      17.7;      13.5;       8.9;       3.7;        .5;       8.7;
      5442;1981-2010;        51;       1.2;       1.4;       5.2;       9.2;      14.1;      16.9;        19;      18.9;      14.5;        10;       4.8;       1.9;       9.8;
      5445;1981-2010;        46;        .1;        .7;       4.5;       8.8;      13.6;      16.4;      18.8;      18.3;        14;       9.3;       4.3;        .9;       9.2;
      5453;1981-2010;        46;       1.9;       2.8;       6.6;      10.4;      14.9;        18;        20;      19.2;      15.2;      10.8;       5.7;       2.9;      10.7;
      5460;1981-2010;        46;       -.8;       -.2;       3.3;         7;      11.7;      14.9;        17;      16.5;      12.6;       8.5;       3.2;        .3;       7.8;
      5463;1981-2010;        46;         0;        .9;       4.3;       8.9;        14;      16.7;      19.1;      18.3;      14.1;       9.3;       4.2;        .9;       9.2;
      5467;1981-2010;        51;      -3.9;      -4.6;      -2.7;        .4;       5.4;       7.9;      10.4;      10.3;       7.2;       4.7;       -.5;      -3.2;       2.7;
      5480;1981-2010;        42;       2.3;       2.6;       5.9;       9.3;      13.7;      16.3;      18.6;        18;      14.3;      10.3;       6.2;         3;        10;
      5488;1981-2010;        46;        .2;        .8;       4.8;         9;      13.6;      16.5;      18.5;      18.1;      13.7;       9.1;       4.3;       1.2;       9.2;
      5490;1981-2010;        42;        .8;        .9;       4.2;       8.1;      12.8;      15.4;      17.9;      17.5;      13.6;       9.2;       4.9;       1.5;       8.9;
      5498;1981-2010;        46;       1.2;       1.8;       5.5;       9.4;      13.8;      16.8;      18.9;      18.3;      14.2;       9.9;       5.2;       2.1;       9.8;
      5514;1981-2010;        46;         2;       1.8;       3.8;       7.5;      11.6;      14.5;        17;      17.2;      14.3;      10.4;       6.1;       3.1;       9.1;
      5516;1981-2010;        42;       1.5;       1.5;       3.7;       7.2;      11.6;      14.9;      17.6;      17.5;      14.3;      10.2;       5.8;       2.6;         9;
      5538;1981-2010;        42;       -.6;        .1;         4;         8;      12.9;      15.8;      17.9;      17.3;      13.3;         9;       3.4;        .4;       8.5;
      5540;1981-2010;        51;         2;       2.8;       6.6;      10.6;      15.1;      18.2;      20.3;      19.6;      15.3;      10.5;       5.8;       2.9;      10.8;
      5541;1981-2010;        42;        .7;       1.3;       5.2;       9.1;      13.4;      16.4;      18.4;        18;        14;       9.4;       4.6;       1.5;       9.3;
      5543;1981-2010;        46;         1;       1.7;       5.5;       9.3;      13.7;      16.6;      18.6;      18.1;      14.1;       9.6;       4.8;       1.8;       9.6;
      5546;1981-2010;        42;        .2;        .7;         4;       8.5;      13.4;      16.1;      18.4;      17.8;      13.7;       9.2;       4.1;        .8;       8.9;
      5559;1981-2010;        46;        .1;        .5;       3.9;       7.3;      11.8;      14.9;      16.9;      16.3;      12.5;       8.6;       3.8;       1.1;       8.1;
      5562;1981-2010;        42;       -.2;        .3;       3.6;       7.3;      11.9;      14.9;      17.1;      16.5;      12.6;       8.5;       3.5;        .8;       8.1;
      5568;1981-2010;        46;         0;        .6;       4.1;       7.8;      12.3;      15.1;      17.3;      16.8;      12.9;       8.7;       4.1;         1;       8.4;
      5575;1981-2010;        46;       2.3;       2.4;       4.9;       8.4;      12.4;      15.1;      17.5;      17.3;      14.2;      10.2;         6;       2.9;       9.5;
      5582;1981-2010;        46;       -.6;       -.4;       2.4;       5.9;      10.5;      13.3;      15.4;      14.8;      11.3;       7.7;       3.3;        .3;         7;
      5609;1981-2010;        46;         1;       1.8;       5.7;       9.6;      14.1;      17.1;      19.1;      18.4;      14.4;       9.9;       4.9;         2;       9.8;
      5610;1981-2010;        51;      -1.1;       -.9;       1.9;       5.4;      10.2;      12.7;      14.8;      14.6;      11.1;       7.1;       2.4;       -.2;       6.5;
      5624;1981-2010;        46;       1.1;       1.5;         4;       7.8;      12.2;      15.2;      17.8;      17.5;      14.1;       9.7;       5.2;         2;         9;
      5629;1981-2010;        51;        .4;       1.1;       4.6;       9.1;      14.1;      16.7;      19.2;      18.6;      14.4;       9.6;       4.5;       1.1;       9.5;
      5640;1981-2010;        42;       2.2;       2.3;       4.9;       8.4;      12.3;        15;      17.4;      17.1;        14;      10.1;       5.9;       2.8;       9.4;
      5642;1981-2010;        46;        .2;        .7;       3.8;       8.2;      13.2;      15.8;      18.2;      17.7;      13.6;         9;       4.2;         1;       8.8;
      5643;1981-2010;        42;        .2;        .8;       3.8;       8.3;      13.3;      15.9;      18.3;      17.7;      13.6;         9;       4.3;         1;       8.9;
      5644;1981-2010;        46;       1.1;       1.5;         5;       8.6;        13;      15.9;        18;      17.6;      13.8;       9.6;       5.1;         2;       9.3;
      5654;1981-2010;        51;       -.8;       -.1;         4;       8.2;      13.3;      16.3;      18.5;      18.1;      13.5;       8.6;       3.1;        .4;       8.6;
      5663;1981-2010;        46;       -.2;        .3;       3.2;       7.6;      12.3;      15.1;      17.6;      17.3;      13.4;       8.8;       3.9;        .6;       8.3;
      5664;1981-2010;        51;       1.1;       1.9;       5.2;       8.7;      13.3;      16.2;      18.1;      17.4;      13.6;       9.8;       4.9;       2.1;       9.4;
      5675;1981-2010;        46;       1.2;       1.8;         5;       9.3;      14.1;      16.7;      18.9;      18.3;      14.3;       9.8;       5.3;       1.9;       9.7;
      5676;1981-2010;        51;       1.2;       1.7;       4.7;       9.1;      13.8;      16.5;      18.7;      18.1;      14.2;       9.7;       5.2;       1.9;       9.6;
      5681;1981-2010;        46;       1.4;       2.1;       5.7;       9.4;      13.7;      16.8;      18.9;      18.2;      14.2;       9.9;       5.3;       2.4;       9.8;
      5688;1981-2010;        46;      -1.7;      -1.3;       1.8;       5.4;      10.2;      13.4;      15.5;      14.9;      11.1;       7.2;       2.1;       -.6;       6.5;
      5692;1981-2010;        51;       1.7;       2.6;       6.4;      10.3;      14.9;      17.9;        20;      19.3;        15;      10.4;       5.5;       2.6;      10.6;
      5703;1981-2010;        46;        .8;       1.6;       5.5;       9.7;      14.3;      17.3;      19.4;      18.9;      14.5;       9.8;       4.9;       1.8;       9.9;
      5705;1981-2010;        51;        .5;       1.4;       5.3;       9.5;      14.1;      17.1;      19.2;      18.7;      14.4;       9.6;       4.5;       1.4;       9.7;
      5707;1981-2010;        46;        .9;       1.6;       5.6;       9.8;      14.4;      17.4;      19.4;      18.9;      14.6;       9.9;       4.9;       1.7;       9.9;
      5715;1981-2010;        42;       1.7;         2;       5.2;       9.1;      13.5;      16.1;      18.4;        18;      14.2;        10;       5.6;       2.4;       9.7;
      5717;1981-2010;        51;       2.6;       2.8;       5.9;       9.2;      13.5;        16;      18.2;      17.4;        14;      10.4;       6.3;       3.3;        10;
      5719;1981-2010;        46;       1.9;       2.2;       5.4;       8.8;      13.1;      15.6;      17.8;      17.2;      13.6;       9.9;       5.6;       2.5;       9.5;
      5728;1981-2010;        46;        .4;       1.1;       4.3;       8.9;      13.9;      16.5;      18.9;      18.2;      14.1;       9.5;       4.6;       1.3;       9.3;
      5731;1981-2010;        51;       -.2;        .8;       5.1;       8.9;      13.4;        17;        19;      18.2;        14;       9.4;       3.9;        .8;       9.3;
      5732;1981-2010;        46;         2;       1.9;       3.9;       7.6;      11.8;      14.6;      17.1;      17.1;      14.1;      10.3;         6;       2.9;       9.1;
      5745;1981-2010;        51;       -.1;        .6;       3.8;       8.5;      13.5;        16;      18.5;      17.7;      13.6;       8.8;         4;        .7;       8.8;
      5750;1981-2010;        51;        .6;       1.1;       4.7;         9;      13.9;      16.5;        19;      18.5;      14.5;       9.8;       4.8;       1.4;       9.6;
      5761;1981-2010;        46;        .9;       1.4;       4.9;       9.2;      14.1;      16.8;      19.2;      18.6;      14.4;       9.8;       4.9;       1.6;       9.6;
      5778;1981-2010;        46;        .5;        .9;       3.5;       7.4;      12.1;      15.3;      17.9;      17.6;      13.9;       9.4;       4.7;       1.3;       8.7;
      5779;1981-2010;        51;      -3.8;      -3.4;       -.2;       4.5;       9.5;      12.1;      14.4;      14.1;        10;       5.4;        .2;        -3;         5;
      5792;1981-2010;        51;     -10.6;     -11.5;      -9.7;      -7.2;      -2.6;        .6;       2.9;       2.9;        .2;      -2.1;      -6.8;      -9.8;      -4.4;
      5797;1981-2010;        42;       -.2;        .4;         4;       8.1;        13;      15.6;      17.9;      17.5;      13.4;       8.9;         4;        .7;       8.6;
      5800;1981-2010;        42;      -2.5;      -1.6;       2.1;       6.5;      11.9;      14.5;      16.5;        16;      11.8;       7.3;       2.1;      -1.4;         7;
      5802;1981-2010;        46;      -2.7;      -1.7;         2;       6.5;      11.8;      14.6;      16.5;      15.9;      11.7;       7.3;       1.9;      -1.5;       6.9;
      5821;1981-2010;        46;       1.7;         2;       4.8;       8.6;      12.8;      15.3;      17.7;      17.4;      13.8;       9.7;       5.5;       2.4;       9.3;
      5822;1981-2010;        42;       1.7;         2;       4.8;       8.6;      12.8;      15.3;      17.7;      17.4;      13.8;       9.7;       5.4;       2.3;       9.3;
      5825;1981-2010;        51;        .4;       1.2;       4.4;         9;        14;      16.5;        19;      18.4;      14.2;       9.5;       4.6;       1.3;       9.4;
      5832;1981-2010;        46;         1;       1.5;       4.4;       8.6;      13.2;      15.8;      18.2;      17.6;      13.9;       9.4;       4.9;       1.7;       9.2;
      5839;1981-2010;        42;       2.3;       2.4;       4.9;       8.3;      12.3;        15;      17.4;      17.2;      14.2;      10.2;         6;       2.9;       9.4;
      5856;1981-2010;        42;      -1.9;       -.5;       3.7;       8.5;      13.5;      16.1;      18.1;      17.5;      13.3;       8.6;       2.9;       -.7;       8.3;
      5871;1981-2010;        42;       -.1;        .4;       3.9;       7.4;      11.8;      14.7;      16.8;      16.5;      12.7;       8.6;       3.7;        .7;       8.1;
      5885;1981-2010;        46;         1;       1.8;       5.6;       9.5;      14.1;      17.2;      19.2;      18.6;      14.5;       9.9;       4.9;       1.8;       9.9;
      5890;1981-2010;        46;      -1.6;       -.9;       2.6;       6.4;      11.2;      14.1;      16.2;      15.6;      11.9;         8;       2.4;       -.5;       7.1;
      5898;1981-2010;        46;       1.3;       2.2;         6;       9.8;      14.3;      17.4;      19.5;      18.9;      14.7;      10.4;       5.3;       2.2;      10.2;
      5904;1981-2010;        46;        -1;       -.1;       4.1;       8.5;      13.5;      16.4;      18.3;      17.7;      13.4;       8.8;       3.4;        .2;       8.6;
      5906;1981-2010;        51;       1.8;       2.8;       6.8;      10.7;      15.2;      18.2;      20.4;      19.9;      15.6;      10.7;       5.7;       2.8;      10.9;
      5912;1981-2010;        46;        .7;       1.1;       4.6;       8.3;      12.9;      15.6;      17.7;        17;      13.2;       9.1;       4.7;       1.5;       8.9;
      5920;1981-2010;        46;       2.2;       2.8;       6.5;      10.1;      14.5;      17.3;      19.4;      18.9;      14.9;      10.5;         6;         3;      10.5;
      5930;1981-2010;        42;       1.6;       1.6;       3.9;       7.3;      11.7;      14.7;      17.2;        17;      13.8;       9.8;       5.5;       2.4;       8.9;
      5941;1981-2010;        51;      -3.6;        -2;       2.1;       6.3;      11.9;      14.6;      16.5;      16.1;        12;       7.6;       1.6;      -2.4;       6.7;
      5971;1981-2010;        46;       -.2;        .5;       4.1;       7.8;      12.6;      15.6;      17.7;      17.1;        13;       8.9;       3.8;        .8;       8.5;
      6086;1981-2010;        46;        .2;         1;       4.2;       8.9;      13.8;      16.5;      18.9;      18.3;        14;       9.4;       4.4;         1;       9.2;
      6093;1981-2010;        42;       1.1;       1.5;       4.4;       8.5;      13.1;      15.6;      18.1;      17.5;      13.8;       9.4;         5;       1.8;       9.2;
      6095;1981-2010;        46;       -.2;        .5;       3.9;       8.2;      13.2;      15.9;      18.2;      17.8;      13.6;       9.2;       4.1;        .7;       8.8;
      6105;1981-2010;        42;       1.3;       1.5;         4;       7.7;      11.9;      14.9;      17.3;      16.9;      13.5;       9.4;       5.1;         2;       8.8;
      6109;1981-2010;        42;       -.1;        .5;       3.6;       8.1;        13;      15.7;      18.3;      17.8;      13.8;       9.1;         4;        .8;       8.7;
      6110;1981-2010;        46;        .3;        .8;       3.6;       7.8;      12.4;      15.4;      17.9;      17.6;      13.7;       9.2;       4.4;       1.1;       8.7;
      6129;1981-2010;        42;       -.9;       -.1;       3.3;       7.8;      12.7;      15.5;      17.6;      17.2;        13;       8.7;       3.6;        .1;       8.2;
      6157;1981-2010;        42;       2.3;       2.4;       4.9;       8.4;      12.4;      15.1;      17.5;      17.3;      14.3;      10.3;         6;         3;       9.5;
      6158;1981-2010;        42;       -.8;         0;       3.8;       7.9;      12.7;      15.6;      17.7;      17.3;        13;       8.5;       3.3;        .3;       8.3;
      6159;1981-2010;        51;       2.2;       2.4;       5.3;       8.9;        13;      15.4;      17.6;      17.1;      13.8;        10;       5.8;       2.8;       9.5;
      6163;1981-2010;        42;       1.3;       1.5;       3.9;       7.7;      12.2;        15;      17.5;      17.1;      13.7;       9.6;       5.2;       2.1;       8.9;
      6170;1981-2010;        42;        .1;        .9;       4.4;       9.1;      14.2;      16.8;      19.2;      18.4;      14.2;       9.4;       4.3;         1;       9.3;
      6182;1981-2010;        42;      -1.1;       -.1;       4.2;       8.7;      13.8;      16.5;      18.6;        18;      13.6;       8.8;       3.4;         0;       8.7;
      6184;1981-2010;        46;       2.2;       2.4;       4.9;       8.4;      12.5;      15.1;      17.5;      17.3;      14.2;      10.2;         6;       2.9;       9.5;
      6186;1981-2010;        42;         1;       1.5;       5.2;       8.7;      13.2;      16.1;      18.1;      17.6;      13.6;       9.5;       4.9;       1.9;       9.3;
      6196;1981-2010;        46;        -2;      -1.4;       2.3;       6.5;      11.5;      14.3;      16.3;      15.8;      11.8;       7.4;       2.3;        -1;         7;
      6197;1981-2010;        42;        .6;        .9;       4.2;       7.9;      12.3;      14.8;      17.1;      16.7;        13;       9.1;       4.5;       1.4;       8.5;
      6199;1981-2010;        42;        .5;        .9;       3.4;       7.4;      11.9;        15;      17.5;      17.3;      13.6;       9.2;       4.6;       1.4;       8.6;
      6217;1981-2010;        42;       2.2;         3;       6.6;      10.2;      14.6;      17.7;      19.8;      19.1;      14.9;      10.7;         6;         3;      10.6;
      6219;1981-2010;        46;       -.7;        .2;       4.3;       8.6;      13.5;      16.6;      18.4;      17.9;      13.4;       8.8;       3.5;        .5;       8.8;
      6258;1981-2010;        42;         0;        .8;       4.8;       8.8;      13.6;      16.8;      18.8;      18.1;        14;       9.6;       4.1;       1.1;       9.2;
      6259;1981-2010;        42;       -.4;        .1;       3.8;       7.6;      12.2;      15.2;      17.3;      16.7;      12.8;       8.6;       3.5;        .6;       8.2;
      6260;1981-2010;        42;        .1;        .7;       4.5;       8.4;        13;      16.1;      18.1;      17.6;      13.5;       9.1;       4.1;         1;       8.9;
      6262;1981-2010;        42;        .4;       1.1;       4.9;       8.8;      13.5;      16.4;      18.5;        18;      13.9;       9.5;       4.4;       1.3;       9.2;
      6263;1981-2010;        42;        .1;         1;       4.9;       8.9;      13.5;      16.7;      18.7;        18;        14;       9.4;         4;       1.2;       9.2;
      6264;1981-2010;        42;        .2;        .3;       3.4;       7.1;      11.4;      14.1;      16.3;      15.9;      12.3;       8.4;         4;        .9;       7.9;
      6265;1981-2010;        42;        .7;       1.3;       4.7;       9.1;        14;      16.7;      19.1;      18.5;      14.3;       9.7;       4.8;       1.4;       9.5;
      6266;1981-2010;        42;         1;       1.3;       4.7;       8.9;      13.6;      16.2;      18.6;      18.1;        14;       9.6;       5.1;       1.8;       9.4;
      6272;1981-2010;        42;       -.1;        .4;       4.1;       8.1;      12.8;      15.6;      17.8;      17.2;      13.2;       8.7;       4.2;        .8;       8.6;
      6273;1981-2010;        42;        .8;       1.4;       4.7;         9;        14;      16.6;        19;      18.4;      14.2;       9.5;       4.9;       1.5;       9.5;
      6275;1981-2010;        42;        .7;       1.5;       5.4;       9.3;      13.9;      16.9;      18.9;      18.4;      14.3;       9.7;       4.7;       1.7;       9.6;
      6304;1981-2010;        46;      -1.7;       -.9;         3;       7.3;      12.2;      15.3;        17;      16.5;      12.6;       7.9;       2.6;       -.6;       7.6;
      6305;1981-2010;        42;        .4;        .9;       4.6;       8.6;      13.3;      15.9;      18.2;      17.7;      13.6;       9.1;       4.6;       1.3;         9;
      6310;1981-2010;        42;        .5;        .9;       3.4;       7.4;      12.1;      15.3;      17.9;      17.6;      13.9;       9.4;       4.7;       1.4;       8.7;
      6312;1981-2010;        42;       -.3;        .4;       4.3;       8.4;      13.3;      16.2;      18.3;      17.8;      13.5;       8.9;       3.8;        .8;       8.8;
      6314;1981-2010;        42;       -.2;        .5;         4;       8.2;      13.2;      15.9;      18.2;      17.8;      13.6;       9.2;       4.1;        .7;       8.8;
      6336;1981-2010;        42;        .2;        .7;       4.5;       8.5;        13;        16;        18;      17.4;      13.4;         9;       4.2;       1.2;       8.8;
      6337;1981-2010;        42;       2.6;       2.9;         6;       9.5;      13.8;      16.3;      18.5;      17.8;      14.3;      10.5;       6.3;       3.3;      10.2;
      6344;1981-2010;        42;       1.2;       1.8;       5.6;       9.2;      13.8;      16.6;      18.7;      18.2;      14.1;       9.8;       5.2;       2.1;       9.7;
      6346;1981-2010;        42;       -.8;         0;         4;       8.2;        13;        16;        18;      17.5;      13.3;       8.8;       3.3;        .3;       8.5;
      6347;1981-2010;        42;         0;        .7;       4.6;       8.8;      13.4;      16.4;      18.4;      17.8;      13.6;         9;         4;        .9;         9;
      7075;1981-2010;        42;        -1;         0;       4.1;       8.6;      13.6;      16.3;      18.4;      17.7;      13.5;       8.8;       3.4;        .2;       8.6;
      7099;1981-2010;        42;        .9;       1.3;       4.5;       8.6;      13.2;      15.8;        18;      17.6;      13.7;       9.4;       5.1;       1.6;       9.1;
      7105;1981-2010;        42;      -1.1;       -.3;       3.1;       7.2;      12.2;        15;        17;      16.5;      12.8;       8.6;       3.1;       -.3;       7.8;
      7106;1981-2010;        42;       1.9;       2.1;       5.3;       8.9;      13.3;      15.9;      18.1;      17.7;      13.9;       9.9;       5.6;       2.6;       9.6;
      7135;1981-2010;        46;       -.9;         0;         4;       7.9;      12.7;      15.9;      17.9;      17.3;      13.2;       8.8;       3.2;        .2;       8.3;
      7187;1981-2010;        42;        .8;       1.4;       5.2;         9;      13.5;      16.6;      18.6;        18;      13.9;       9.5;       4.8;       1.8;       9.4;
      7244;1981-2010;        46;         0;        .5;       3.6;         8;      13.1;      15.8;      18.2;      17.6;      13.5;       8.9;       4.1;        .8;       8.7;
      7298;1981-2010;        42;       1.4;       1.5;       3.8;       7.5;      11.7;      14.6;        17;      16.8;      13.5;       9.5;       5.2;       2.1;       8.7;
      7319;1981-2010;        42;       -.7;        .3;       4.3;       8.6;      13.2;      16.3;      18.3;      17.8;      13.5;       8.8;       3.5;        .4;       8.7;
      7321;1981-2010;        42;        .4;         1;       4.6;       8.9;      13.6;      16.3;      18.6;      18.1;        14;       9.4;       4.7;       1.2;       9.2;
      7325;1981-2010;        42;      -9.9;     -10.7;      -9.1;      -6.2;      -1.4;       1.4;       3.8;       3.8;        .9;      -1.6;      -6.6;      -9.2;      -3.7;
      7329;1981-2010;        42;        -1;       -.5;         3;       7.2;        12;      14.8;        17;      16.5;      12.6;       8.2;       3.2;       -.1;       7.7;
      7330;1981-2010;        42;       1.7;       1.9;       5.1;       8.6;        13;      15.6;      17.7;      17.1;      13.5;       9.6;       5.5;       2.5;       9.3;
      7331;1981-2010;        42;       -.7;         0;       4.1;       8.2;        13;        16;        18;      17.4;      13.1;       8.6;       3.4;        .4;       8.4;
      7341;1981-2010;        42;       1.8;       2.6;       6.5;      10.4;      14.9;      17.9;        20;      19.4;      15.1;      10.5;       5.7;       2.6;      10.6;
      7343;1981-2010;        42;      -2.4;      -2.1;       1.1;       5.5;      10.4;      13.1;      15.2;        15;        11;       6.7;       1.7;      -1.7;       6.1;
      7350;1981-2010;        42;      -2.3;      -1.6;       2.2;       6.6;      11.8;      14.7;      16.6;        16;      11.9;       7.4;       2.1;      -1.1;         7;
      7351;1981-2010;        42;       -.2;        .4;       3.3;       7.8;      12.6;      15.3;      17.8;      17.3;      13.4;       8.8;       3.8;        .6;       8.4;
      7364;1981-2010;        42;       1.1;       1.7;       5.3;       9.6;      14.4;      17.2;      19.6;      19.2;      14.8;      10.2;       5.2;       1.8;        10;
      7367;1981-2010;        42;       1.1;       1.5;       4.8;       8.7;      13.2;      15.7;        18;      17.5;      13.8;       9.6;       5.2;       1.9;       9.3;
      7368;1981-2010;        42;       -.2;        .4;       3.9;         8;      12.6;      15.4;      17.6;      17.1;      13.1;       8.7;         4;        .7;       8.5;
      7369;1981-2010;        42;       -.7;        .1;       3.9;         8;      12.8;      15.8;      17.9;      17.4;      13.1;       8.5;       3.3;        .3;       8.4;
      7370;1981-2010;        42;      -1.9;      -1.1;       2.9;       7.5;      12.6;      15.4;      17.3;      16.8;      12.6;       7.9;       2.5;       -.9;       7.6;
      7373;1981-2010;        42;       2.7;       2.7;       5.1;       8.3;      12.2;        15;      17.5;      17.7;      14.9;        11;       6.8;       3.6;       9.8;
      7374;1981-2010;        42;       2.5;       2.8;       5.9;       9.4;      13.7;      16.2;      18.4;      17.8;      14.4;      10.5;       6.2;       3.2;      10.1;
      7389;1981-2010;        42;        .1;        .9;       4.1;       8.8;      13.8;      16.4;      18.9;      18.2;      13.9;       9.2;       4.3;        .9;       9.1;
      7393;1981-2010;        42;        .2;         1;       4.5;       9.1;      14.1;      16.8;      19.1;      18.5;      14.2;       9.6;       4.5;       1.1;       9.4;
      7394;1981-2010;        42;      -2.1;      -1.4;       2.2;       6.5;      11.4;      14.1;      16.2;      15.7;      11.8;       7.3;       2.2;      -1.1;       6.9;
      7395;1981-2010;        42;      -1.3;         0;       4.4;       8.9;        14;      16.7;      18.6;        18;      13.7;       8.9;       3.5;         0;       8.8;
      7396;1981-2010;        42;        -2;      -1.6;       1.8;       5.5;      10.3;      12.9;      15.1;      14.8;      11.3;       7.1;         2;      -1.1;       6.3;
      7403;1981-2010;        42;      -1.4;       -.6;       3.2;       7.2;      12.1;      15.1;      17.2;      16.5;      12.6;       8.4;       2.7;       -.3;       7.8;
      7410;1981-2010;        42;       -.2;        .4;         4;       7.9;      12.4;      15.2;      17.3;      16.8;      12.9;       8.6;       3.8;        .7;       8.3;
      7412;1981-2010;        42;         0;        .5;       4.3;       8.3;      12.7;      15.7;      17.7;      17.2;      13.2;       8.8;         4;         1;       8.6;
      7419;1981-2010;        42;       -.7;       -.1;       3.4;       7.5;      12.4;      15.1;      17.3;      16.9;      12.8;       8.5;       3.5;        .2;       8.1;
      7420;1981-2010;        42;        .2;        .8;       4.3;       8.5;      13.2;        16;      18.2;      17.8;      13.7;       9.3;       4.4;         1;       8.9;
      7424;1981-2010;        42;       -.6;        .4;       4.5;       8.6;      13.6;      16.3;      18.2;      17.7;      13.8;       9.5;       3.8;        .3;       8.8;
      7427;1981-2010;        42;       1.3;       1.6;       4.3;       8.1;      12.5;      15.3;      17.6;      17.2;      13.6;       9.4;       5.1;         2;         9;
      7428;1981-2010;        42;       -.8;       -.2;       3.6;       7.8;      12.7;      15.4;      17.5;        17;      12.9;       8.3;       3.4;        .1;       8.1;
      7431;1981-2010;        42;       -.9;       -.1;       3.8;       7.9;      12.8;      15.7;      17.8;      17.2;      13.1;       8.8;       3.3;        .1;       8.3;
      7432;1981-2010;        42;       1.1;       1.4;       4.6;       8.7;      13.3;        16;      18.2;      17.7;      13.7;       9.4;       4.9;       1.8;       9.3;
     13670;1981-2010;        42;       3.3;       3.7;       6.8;      10.3;      14.6;      17.1;      19.4;      18.9;      15.3;      11.3;         7;         4;        11;
     13674;1981-2010;        42;       1.1;       2.1;       5.7;       9.6;      14.1;      17.1;      19.3;      18.7;      14.5;        10;       5.1;       2.2;        10;
     13675;1981-2010;        42;       1.7;       2.1;       5.3;       9.1;      13.5;      16.1;      18.3;      17.9;      14.1;        10;       5.7;       2.5;       9.7;
     13696;1981-2010;        42;       2.8;       3.1;       6.3;       9.7;        14;      16.6;      18.9;      18.2;      14.5;      10.7;       6.5;       3.4;      10.4;
     13700;1981-2010;        42;         2;       2.3;       5.5;       8.9;      13.2;      15.8;        18;      17.4;      13.8;      10.1;       5.8;       2.7;       9.7;
     13710;1981-2010;        42;      -1.3;       -.3;       3.9;       8.4;      13.4;      16.2;      18.2;      17.6;      13.3;       8.8;       3.3;         0;       8.5;
     13711;1981-2010;        42;       -.2;        .5;       4.1;       8.3;      13.1;      15.9;      18.1;      17.6;      13.4;         9;       4.1;        .7;       8.7;
     13713;1981-2010;        42;        .5;         1;       4.1;       7.7;      12.2;      14.6;      16.8;      16.4;      12.8;       8.8;       4.4;       1.3;       8.4;
     13776;1981-2010;        46;       1.7;       1.9;       5.1;         9;      13.5;        16;      18.2;      17.9;      14.1;       9.9;       5.6;       2.3;       9.6;
     13777;1981-2010;        42;       1.1;       1.4;       4.7;         9;      13.7;      16.2;      18.6;      18.1;      14.1;       9.6;         5;       1.7;       9.4;
     13965;1981-2010;        42;       -.5;        .2;       3.7;       7.4;        12;      15.2;      17.4;      16.7;      12.8;       8.6;       3.4;        .5;       8.1;
     14138;1981-2010;        42;        .1;        .9;       4.4;       9.1;      14.1;      16.7;      19.1;      18.6;      14.3;       9.5;       4.3;        .9;       9.3;
     14311;1981-2010;        46;       -.2;        .3;       3.5;       6.7;      11.2;        14;      16.1;      15.7;      12.1;       8.3;       3.7;        .7;       7.7;
     15000;1981-2010;        42;       2.5;       2.8;         6;       9.1;      13.3;        16;      18.1;      17.7;      14.4;      10.6;       6.2;       3.3;        10;
     15207;1981-2010;        42;        .2;        .6;       4.2;         8;      12.5;      15.2;      17.3;      16.9;      13.1;       8.8;       4.2;       1.1;       8.5;
     15444;1981-2010;        42;       -.9;       -.1;       3.8;       7.8;      12.5;      15.5;      17.6;      17.1;        13;       8.6;       3.2;        .1;       8.2;
     15555;1981-2010;        46;      -1.5;       -.9;       2.8;       6.5;      11.5;      14.5;      16.7;      16.1;      12.3;       8.1;       2.5;       -.4;       7.3;
     15926;1981-2010;        46;      -1.2;       -.3;         4;       8.3;      13.4;      16.3;      18.2;      17.6;      13.4;       8.4;       3.2;       -.1;       8.4;
     15951;1981-2010;        46;        .9;       1.4;       4.8;       8.3;      12.6;      15.6;      17.4;      16.5;      12.9;       9.1;       4.6;       1.9;       8.8;
     15963;1981-2010;        46;         3;       3.4;       6.6;        10;      14.2;      16.8;        19;      18.4;      14.8;      10.9;       6.6;       3.7;      10.6;
     15965;1981-2010;        46;       -.1;        .7;       4.3;       8.5;        13;      15.8;        18;      17.4;      13.4;       8.9;       4.1;        .9;       8.8;
     15979;1981-2010;        46;        .5;       1.1;       4.6;       8.2;      12.5;      15.4;      17.6;      17.2;      13.3;       9.1;       4.3;       1.3;       8.8;
     16085;1981-2010;        46;         2;       2.3;       4.9;       8.7;      12.9;      15.5;      17.9;      17.7;      14.4;      10.3;       5.9;       2.7;       9.6;
     19087;1981-2010;        46;      -2.4;      -1.4;       2.4;       7.2;      12.4;        15;      16.9;      16.4;      12.3;       7.8;       2.2;      -1.3;       7.3;
     19171;1981-2010;        46;       1.4;       1.6;       4.2;       8.1;      12.4;      15.2;      17.6;      17.2;      13.6;       9.5;       5.1;       2.1;         9;
     19172;1981-2010;        46;       1.4;       1.5;       4.1;       7.9;      12.1;      14.9;      17.3;        17;      13.6;       9.6;       5.1;       2.1;       8.9;
     19580;1981-2010;        44;        .4;        .9;       4.6;       8.1;      12.7;      15.6;      17.7;      17.4;      13.3;       9.3;         4;       1.5;       8.8;
     19607;1981-2010;        46;        -2;      -1.6;       1.7;         6;      11.2;      13.8;      15.9;      15.4;      11.5;       7.2;       2.1;      -1.2;       6.7;
     19617;1981-2010;        51;       -.3;        .4;       4.3;       8.3;      13.4;      16.4;      18.5;      17.8;      13.6;         9;       3.8;        .9;       8.8;
     19647;1981-2010;        46;       1.3;       1.9;       5.5;       9.2;      13.8;      16.6;      18.6;      17.9;        14;       9.9;       5.1;       2.2;       9.7;
     19781;1981-2010;        46;       -.9;        .2;       4.3;       8.8;      13.7;      16.4;      18.6;        18;      13.7;         9;       3.5;        .3;       8.8;
