Stations_id,Monat,Temperatur,Ort,Bundesland,Niederschlag
1,1,-0.4,Aach,Baden-Württemberg                       ,48.4
3,1,3.0,Aachen,Nordrhein-Westfalen                     ,68.1
44,1,1.7,Großenkneten,Niedersachsen                           ,70.5
52,1,1.2,Ahrensburg-Wulfsdorf,Schleswig-Holstein                      ,73.9
61,1,-1.4,Aiterhofen,Bayern                                  ,54.7
70,1,-1.1,Albstadt-Ebingen,Baden-Württemberg                       ,60.7
71,1,-1.1,Albstadt-Badkap,Baden-Württemberg                       ,68.0
72,1,-1.2,Albstadt-Onstmettingen,Baden-Württemberg                       ,66.0
73,1,-1.6,Aldersbach-Kriestorf,Bayern                                  ,56.9
78,1,1.8,Alfhausen,Niedersachsen                           ,83.7
91,1,0.2,Alsfeld-Eifa,Hessen                                  ,52.7
93,1,0.3,Alsfeld-Reibertenrod,Hessen                                  ,50.9
96,1,0.4,Neuruppin-Alt Ruppin,Brandenburg                             ,54.0
98,1,-1.1,Altastenberg,Nordrhein-Westfalen                     ,127.8
116,1,0.3,Altenburg,Thüringen                               ,36.3
125,1,-1.1,Altenstadt,Bayern                                  ,
129,1,0.3,Altentreptow,Mecklenburg-Vorpommern                  ,44.9
131,1,-0.2,Geringswalde-Altgeringswalde,Sachsen                                 ,53.3
132,1,-2.6,Altglashütte,Bayern                                  ,71.0
142,1,-1.1,Altomünster-Maisbrunn,Bayern                                  ,52.5
150,1,1.2,Alzey,Rheinland-Pfalz                         ,36.1
151,1,-1.1,Amberg-Unterammersricht,Bayern                                  ,56.9
154,1,-1.3,Amerang-Pfaffing,Bayern                                  ,60.0
161,1,2.3,Andernach,Rheinland-Pfalz                         ,44.2
164,1,0.0,Angermünde,Brandenburg                             ,35.3
167,1,0.3,Anklam,Mecklenburg-Vorpommern                  ,45.5
169,1,-1.2,Annaberg-Buchholz,Sachsen                                 ,66.0
172,1,0.1,Annaturm,Niedersachsen                           ,87.6
174,1,1.1,Annweiler-Bindersbach,Rheinland-Pfalz                         ,79.6
175,1,-0.7,Ansbach,Bayern                                  ,51.8
177,1,-0.6,Ansbach-Hennenbach,Bayern                                  ,48.3
183,1,1.1,Arkona,Mecklenburg-Vorpommern                  ,38.8
184,1,0.6,Arneburg,Sachsen-Anhalt                          ,42.3
185,1,1.6,Arnis,Schleswig-Holstein                      ,68.7
186,1,1.3,Arnsberg,Nordrhein-Westfalen                     ,103.8
191,1,0.2,Arnstein-Müdesheim,Bayern                                  ,56.0
193,1,0.5,Arolsen-Neu Berich,Hessen                                  ,64.2
198,1,0.2,Artern,Thüringen                               ,28.5
202,1,1.5,Aschaffenburg,Bayern                                  ,49.8
207,1,0.9,Aschersleben,Sachsen-Anhalt                          ,30.3
211,1,0.7,Aßlar Klein-Altenstädten,Hessen                                  ,69.1
217,1,-0.7,Attenkam,Bayern                                  ,56.6
221,1,-1.0,Au i.d.Hallertau-Günzenhausen,Bayern                                  ,51.5
222,1,-0.1,Aue,Sachsen                                 ,58.0
231,1,-0.8,Augsburg (Sankt Stephan),Bayern                                  ,50.0
232,1,-0.8,Augsburg,Bayern                                  ,40.1
243,1,2.0,Aurich,Niedersachsen                           ,72.6
257,1,1.7,Baden-Baden-Geroldsau,Baden-Württemberg                       ,97.5
259,1,1.7,Müllheim,Baden-Württemberg                       ,57.6
268,1,-0.2,Baiersbronn-Obertal,Baden-Württemberg                       ,171.3
273,1,-0.3,Baindt,Baden-Württemberg                       ,51.6
282,1,-0.1,Bamberg,Bayern                                  ,47.1
283,1,-0.3,Bamberg-Altenburg,Bayern                                  ,54.1
284,1,-0.3,Bamberg (Sternwarte),Bayern                                  ,54.1
288,1,0.3,Bargischow-Gnevezin,Mecklenburg-Vorpommern                  ,42.7
294,1,1.6,Barsinghausen-Hohenbostel,Niedersachsen                           ,68.0
298,1,0.6,Barth,Mecklenburg-Vorpommern                  ,50.9
303,1,0.4,Baruth,Brandenburg                             ,39.5
314,1,0.2,"Kubschütz, Kr. Bautzen",Sachsen                                 ,46.1
320,1,-0.6,Heinersreuth-Vollhof,Bayern                                  ,63.2
326,1,2.0,Beckum-Unterberg,Nordrhein-Westfalen                     ,72.0
327,1,1.6,Bederkesa,Niedersachsen                           ,82.0
330,1,-0.1,Oberzent-Beerfelden,Hessen                                  ,105.9
335,1,1.6,Behrensdorf,Schleswig-Holstein                      ,60.4
342,1,1.8,Belm,Niedersachsen                           ,88.0
348,1,2.3,Bendorf,Rheinland-Pfalz                         ,45.2
355,1,1.9,Bensheim,Hessen                                  ,58.2
361,1,-1.3,Berchtesgaden (KKst),Bayern                                  ,86.9
365,1,-1.0,Berg/Oberpfalz,Bayern                                  ,69.8
368,1,1.2,Bergen,Niedersachsen                           ,
377,1,1.6,"Bergzabern, Bad",Rheinland-Pfalz                         ,67.8
379,1,-0.2,"Berka, Bad (Flugplatz)",Thüringen                               ,40.9
386,1,-0.3,"Berleburg, Bad",Nordrhein-Westfalen                     ,113.9
390,1,-1.3,"Berleburg, Bad-Stünzel",Nordrhein-Westfalen                     ,134.0
395,1,0.3,Berlin-Adlershof,Berlin                                  ,
399,1,1.0,Berlin-Alexanderplatz,Berlin                                  ,49.0
400,1,0.4,Berlin-Buch,Berlin                                  ,48.9
402,1,0.6,Berlin-Dahlem (LFAG),Berlin                                  ,48.0
403,1,0.5,Berlin-Dahlem (FU),Berlin                                  ,48.0
405,1,0.3,Berlin-Friedrichshagen,Berlin                                  ,
407,1,0.7,Berlin-Frohnau,Berlin                                  ,48.4
408,1,0.9,Berlin-Invalidenstraße,Berlin                                  ,
410,1,0.3,Berlin-Kaniswall,Berlin                                  ,45.0
416,1,0.5,Berlin-Lichtenrade,Berlin                                  ,44.1
417,1,0.6,Berlin-Lichterfelde (Süd),Berlin                                  ,47.4
420,1,0.6,Berlin-Marzahn,Berlin                                  ,49.0
422,1,0.9,Berlin-Mitte,Berlin                                  ,48.0
424,1,0.9,Berlin-Ostkreuz,Berlin                                  ,
425,1,0.3,Berlin-Rudow,Berlin                                  ,45.2
427,1,0.1,Berlin Brandenburg,Brandenburg                             ,38.9
429,1,0.6,Berlin-Spandau,Berlin                                  ,48.3
430,1,0.8,Berlin-Tegel,Berlin                                  ,42.5
432,1,0.7,Berlin-Tegeler Fliesstal,Berlin                                  ,48.3
433,1,0.8,Berlin-Tempelhof,Berlin                                  ,47.5
434,1,0.7,Berlin-Treptow,Berlin                                  ,50.0
435,1,0.7,Berlin-Zehlendorf,Berlin                                  ,47.1
445,1,0.8,Bernburg/Saale (Nord),Sachsen-Anhalt                          ,30.9
450,1,2.6,Bernkastel-Kues,Rheinland-Pfalz                         ,54.6
460,1,1.0,Berus,Saarland                                ,82.0
474,1,-0.9,Warthausen-Birkenhard,Baden-Württemberg                       ,45.0
480,1,0.2,Biedenkopf-Wallau,Hessen                                  ,91.1
502,1,-0.6,Bischbrunn,Bayern                                  ,104.2
524,1,1.2,Bitterfeld,Sachsen-Anhalt                          ,39.3
526,1,0.1,"Blankenburg, Bad",Thüringen                               ,34.1
535,1,1.0,Blankenrath,Rheinland-Pfalz                         ,68.3
550,1,-0.1,Bobeck,Thüringen                               ,46.0
553,1,2.7,Bocholt (Marienschule),Nordrhein-Westfalen                     ,68.3
555,1,2.7,Bochum,Nordrhein-Westfalen                     ,77.0
576,1,0.1,Böblingen,Baden-Württemberg                       ,52.3
578,1,-1.0,Böhming,Bayern                                  ,62.7
588,1,1.3,Boffzen,Niedersachsen                           ,75.4
591,1,0.8,Boizenburg,Mecklenburg-Vorpommern                  ,57.1
592,1,1.3,Bokel,Schleswig-Holstein                      ,76.6
596,1,1.2,Boltenhagen,Mecklenburg-Vorpommern                  ,43.8
598,1,2.7,Bonn,Nordrhein-Westfalen                     ,47.2
599,1,2.8,Bonn-Friesdorf,Nordrhein-Westfalen                     ,48.2
601,1,2.2,,,
603,1,2.1,Königswinter-Heiderhof,Nordrhein-Westfalen                     ,61.0
606,1,-0.8,Boos,Bayern                                  ,41.2
614,1,0.6,Borgentreich-Bühne,Nordrhein-Westfalen                     ,66.6
617,1,2.6,Borken in Westfalen,Nordrhein-Westfalen                     ,80.7
619,1,2.7,Borkum-Süderstraße,Niedersachsen                           ,67.9
642,1,2.0,Brake,Niedersachsen                           ,63.2
643,1,2.0,Brake-Süderfeld,Niedersachsen                           ,64.4
645,1,1.9,Bramsche,Niedersachsen                           ,86.8
648,1,1.2,Brande-Hörnerkirchen,Schleswig-Holstein                      ,79.3
650,1,0.7,Brandenburg-Görden,Brandenburg                             ,47.4
652,1,-0.5,Hagenbüchach,Bayern                                  ,51.9
656,1,-2.1,Braunlage,Niedersachsen                           ,156.0
660,1,1.3,Braunschweig-Gliesmarode,Niedersachsen                           ,50.3
661,1,1.4,Braunschweig (T.H.),Niedersachsen                           ,49.5
662,1,1.3,Braunschweig,Niedersachsen                           ,49.8
685,1,-1.1,Breitsol,Bayern                                  ,99.1
691,1,1.8,Bremen,Bremen                                  ,59.1
699,1,1.8,Bremen-Seefahrtschule,Bremen                                  ,67.8
701,1,2.0,Bremerhaven,Bremen                                  ,58.8
702,1,2.0,Bremerhaven-Speckenbüttel,Bremen                                  ,65.5
703,1,1.7,Bremervörde (A),Niedersachsen                           ,73.2
704,1,1.7,Bremervörde,Niedersachsen                           ,72.0
705,1,1.7,Bremervörde-Niederochtenhausen,Niedersachsen                           ,65.0
706,1,1.9,Eschbach,Baden-Württemberg                       ,35.9
710,1,1.3,Bretten,Baden-Württemberg                       ,55.0
717,1,0.2,Brilon,Nordrhein-Westfalen                     ,111.4
722,1,-3.5,Brocken,Sachsen-Anhalt                          ,205.6
727,1,0.7,Brombachtal-Kirch-Brombach,Hessen                                  ,77.2
729,1,-1.6,Brotterode,Thüringen                               ,103.9
736,1,0.3,Brücken,Rheinland-Pfalz                         ,120.2
755,1,-0.2,"Buchen, Kr. Neckar-Odenwald",Baden-Württemberg                       ,80.0
757,1,1.0,Buchenbach,Baden-Württemberg                       ,91.0
760,1,0.9,Rosengarten-Klecken,Niedersachsen                           ,89.8
766,1,0.1,Büchel (Flugplatz),Rheinland-Pfalz                         ,
769,1,2.2,Bückeburg,Niedersachsen                           ,58.2
771,1,1.1,Büdingen,Hessen                                  ,62.5
772,1,2.1,Bühlertal,Baden-Württemberg                       ,102.4
773,1,0.6,Bühlertal-Obertal,Baden-Württemberg                       ,111.0
793,1,-0.1,Buhlenberg,Rheinland-Pfalz                         ,123.2
817,1,-0.1,Burgwald-Bottendorf,Hessen                                  ,66.7
840,1,-3.1,Carlsfeld,Sachsen                                 ,96.0
848,1,1.4,Celle (Stadt),Niedersachsen                           ,64.0
850,1,1.3,Celle,Niedersachsen                           ,62.9
851,1,-1.3,Pemfling-Pitzling,Bayern                                  ,59.0
853,1,-0.3,Chemnitz,Sachsen                                 ,43.0
856,1,-0.8,Chieming,Bayern                                  ,75.0
863,1,-1.4,Clausthal-Zellerfeld,Niedersachsen                           ,147.7
865,1,1.9,Cloppenburg,Niedersachsen                           ,76.5
867,1,-0.6,Lautertal-Oberlauter,Bayern                                  ,61.5
876,1,0.0,Collmberg,Sachsen                                 ,53.1
879,1,0.3,Cottbus (Flugplatz),Brandenburg                             ,
880,1,0.3,Cottbus,Brandenburg                             ,39.6
881,1,-0.3,Crailsheim-Alexandersreut,Baden-Württemberg                       ,66.7
888,1,0.0,Crimmitschau,Sachsen                                 ,41.9
891,1,2.2,Cuxhaven,Niedersachsen                           ,67.3
896,1,0.4,Dachwig,Thüringen                               ,31.6
917,1,1.4,Darmstadt,Hessen                                  ,55.0
918,1,1.6,Darmstadt (A),Hessen                                  ,44.2
919,1,1.5,Darmstadt-Botanischer Garten,Hessen                                  ,51.8
931,1,-1.0,Deggenhausertal-Azenweiler,Baden-Württemberg                       ,65.0
948,1,0.8,Dessau,Sachsen-Anhalt                          ,43.4
953,1,0.5,Deuselbach,Rheinland-Pfalz                         ,68.0
963,1,1.7,Diepholz,Niedersachsen                           ,63.5
964,1,0.3,Dierfeld,Rheinland-Pfalz                         ,89.9
965,1,0.7,Diesbar-Seußlitz,Sachsen                                 ,40.4
970,1,-0.7,Dietenhofen,Bayern                                  ,52.0
979,1,0.3,Dillenburg,Hessen                                  ,82.5
982,1,-0.5,Dillingen/Donau,Bayern                                  ,49.1
983,1,-0.5,Dillingen/Donau-Fristingen,Bayern                                  ,45.6
991,1,-0.7,Dippoldiswalde-Reinberg,Sachsen                                 ,54.3
998,1,-0.1,Dobel,Baden-Württemberg                       ,130.7
1000,1,1.2,"Doberan, Bad-Heiligendamm",Mecklenburg-Vorpommern                  ,47.7
1001,1,0.0,Doberlug-Kirchhain,Brandenburg                             ,43.4
1003,1,0.2,Döbeln,Sachsen                                 ,50.9
1006,1,0.9,Dömitz,Mecklenburg-Vorpommern                  ,46.9
1018,1,-1.3,Donaueschingen,Baden-Württemberg                       ,64.4
1032,1,2.5,Dortmund,Nordrhein-Westfalen                     ,81.6
1047,1,0.7,Dresden (Mitte),Sachsen                                 ,38.6
1048,1,0.0,Dresden-Klotzsche,Sachsen                                 ,44.6
1050,1,0.9,Dresden-Hosterwitz,Sachsen                                 ,41.2
1051,1,0.6,Dresden-Strehlen,Sachsen                                 ,40.0
1052,1,0.6,Möckern-Drewitz,Sachsen-Anhalt                          ,44.0
1066,1,0.6,Duderstadt,Niedersachsen                           ,52.0
1072,1,1.6,"Dürkheim, Bad",Rheinland-Pfalz                         ,39.1
1073,1,1.7,"Dürkheim, Bad (Saline)",Rheinland-Pfalz                         ,40.7
1074,1,0.9,"Dürrenberg, Bad",Sachsen-Anhalt                          ,31.0
1078,1,3.0,Düsseldorf,Nordrhein-Westfalen                     ,67.3
1079,1,3.1,Düsseldorf-Südfriedhof,Nordrhein-Westfalen                     ,66.6
1084,1,3.2,Duisburg-Friemersheim,Nordrhein-Westfalen                     ,72.3
1087,1,3.4,Duisburg-Laar,Nordrhein-Westfalen                     ,71.5
1102,1,1.0,Ebersbach/Fils,Baden-Württemberg                       ,50.4
1103,1,-1.1,Ebersberg-Halbing,Bayern                                  ,57.0
1106,1,0.3,Eberswalde,Brandenburg                             ,46.0
1107,1,-0.7,Ebrach,Bayern                                  ,64.1
1130,1,1.4,Eggebek,Schleswig-Holstein                      ,74.0
1146,1,0.0,Ehningen,Baden-Württemberg                       ,54.6
1154,1,-1.5,Eiberg,Bayern                                  ,68.1
1161,1,-0.8,Eichstätt-Landershofen,Bayern                                  ,52.0
1169,1,1.6,Eimeldingen,Baden-Württemberg                       ,47.2
1172,1,1.1,Einbeck,Niedersachsen                           ,59.7
1182,1,0.6,Eisleben-Helfta,Sachsen-Anhalt                          ,34.8
1188,1,-1.4,Elgersburg,Thüringen                               ,77.2
1197,1,-0.5,Ellwangen-Rindelbach,Baden-Württemberg                       ,66.8
1200,1,1.5,Elpersbüttel,Schleswig-Holstein                      ,66.0
1201,1,2.8,Elsdorf/Erftkreis,Nordrhein-Westfalen                     ,53.3
1204,1,2.0,Elsfleth,Niedersachsen                           ,64.3
1207,1,-2.2,"Elster, Bad-Sohl",Sachsen                                 ,62.9
1214,1,0.7,Elzach-Fisnacht,Baden-Württemberg                       ,120.0
1219,1,2.3,Emden-Nesserland,Niedersachsen                           ,67.6
1221,1,2.3,Emden-Wolthusen,Niedersachsen                           ,69.8
1224,1,1.3,Emmendingen-Mundingen,Baden-Württemberg                       ,43.8
1229,1,1.9,"Ems, Bad",Rheinland-Pfalz                         ,65.0
1238,1,2.0,Engelskirchen,Nordrhein-Westfalen                     ,126.0
1239,1,-0.6,Engen/Hegau,Baden-Württemberg                       ,46.0
1243,1,-1.0,Eningen,Baden-Württemberg                       ,56.3
1246,1,2.0,Ennigerloh-Ostenfelde,Nordrhein-Westfalen                     ,66.7
1254,1,1.3,Eppingen,Baden-Württemberg                       ,54.2
1255,1,1.1,Eppingen-Elsenz,Baden-Württemberg                       ,55.3
1262,1,-1.0,München-Flughafen,Bayern                                  ,49.0
1266,1,1.4,Erfde,Schleswig-Holstein                      ,70.4
1270,1,-0.3,Erfurt-Weimar,Thüringen                               ,24.1
1275,1,-1.3,Ering,Bayern                                  ,60.0
1276,1,0.1,Eriskirch-Mariabrunn,Baden-Württemberg                       ,52.5
1279,1,0.2,Möhrendorf-Kleinseebach,Bayern                                  ,50.9
1280,1,0.1,Erlangen-Bruck,Bayern                                  ,50.9
1287,1,0.5,Eschau-Hobbach,Bayern                                  ,66.9
1292,1,-1.3,Eschenbach/Oberpfalz,Bayern                                  ,71.0
1297,1,1.1,Eschwege,Hessen                                  ,48.0
1299,1,2.3,Esens,Niedersachsen                           ,74.9
1300,1,0.5,Eslohe,Nordrhein-Westfalen                     ,126.8
1303,1,2.6,Essen-Bredeney,Nordrhein-Westfalen                     ,88.6
1327,1,2.5,Weilerswist-Lommersum,Nordrhein-Westfalen                     ,38.0
1329,1,1.1,Eutin,Schleswig-Holstein                      ,69.7
1332,1,-1.4,"Falkenberg,Kr.Rottal-Inn",Bayern                                  ,55.2
1339,1,0.9,Faßberg,Niedersachsen                           ,
1345,1,-0.2,Feldberg,Mecklenburg-Vorpommern                  ,49.0
1346,1,-2.6,Feldberg/Schwarzwald,Baden-Württemberg                       ,128.6
1357,1,-2.4,Fichtelberg/Oberfranken-Hüttstadl,Bayern                                  ,118.4
1358,1,-4.2,Fichtelberg,Sachsen                                 ,87.9
1374,1,-0.7,Fladungen-Heufurt,Bayern                                  ,87.1
1378,1,1.5,Flensburg,Schleswig-Holstein                      ,88.8
1379,1,1.4,Flensburg (Schäferhaus),Schleswig-Holstein                      ,72.7
1380,1,1.6,Flensburg-Mürwik,Schleswig-Holstein                      ,83.5
1392,1,-2.6,Flossenbürg,Bayern                                  ,77.0
1403,1,-0.1,Frammersbach,Bayern                                  ,99.0
1410,1,0.7,"Frankenhausen, Bad/Kyffhäuser",Thüringen                               ,37.5
1411,1,-2.3,Birx/Rhön,Thüringen                               ,89.7
1420,1,1.6,Frankfurt/Main,Hessen                                  ,44.5
1421,1,2.0,Frankfurt/Main (Stadt),Hessen                                  ,53.3
1424,1,1.9,Frankfurt/Main-Westend,Hessen                                  ,54.0
1425,1,2.0,Frankfurt/Main (Feldbergstr.),Hessen                                  ,53.1
1426,1,0.0,Frankfurt/Oder,Brandenburg                             ,45.8
1428,1,1.0,Frankweiler,Rheinland-Pfalz                         ,74.7
1440,1,1.0,Freiamt-Ottoschwanden,Baden-Württemberg                       ,61.4
1441,1,-0.4,Freiberg,Sachsen                                 ,60.9
1443,1,1.8,Freiburg,Baden-Württemberg                       ,48.0
1447,1,2.4,Freiburg im Breisgau-Herdern,Baden-Württemberg                       ,48.3
1451,1,1.5,Freiburg/Elbe,Niedersachsen                           ,72.2
1468,1,-0.8,Freudenstadt,Baden-Württemberg                       ,182.5
1473,1,-0.9,Freystadt-Michelbach,Bayern                                  ,54.4
1488,1,-0.8,Friedrichsbrunn,Sachsen-Anhalt                          ,63.5
1490,1,0.1,Friedrichshafen,Baden-Württemberg                       ,52.5
1492,1,-0.4,Malsburg-Marzell-Friedrichsheim,Baden-Württemberg                       ,120.4
1503,1,2.1,Friesoythe-Altenoythe,Niedersachsen                           ,69.6
1504,1,0.8,Fritzlar (Flugplatz),Hessen                                  ,48.0
1513,1,-1.2,Fuchskauten,Rheinland-Pfalz                         ,131.9
1515,1,-0.8,Fürstenfeldbruck,Bayern                                  ,
1522,1,-0.1,Fürth/Bayern (A),Bayern                                  ,45.9
1526,1,0.1,Fulda-Horas,Hessen                                  ,54.1
1544,1,0.7,Gardelegen,Sachsen-Anhalt                          ,43.7
1550,1,-2.6,Garmisch-Partenkirchen,Bayern                                  ,75.3
1552,1,0.3,Gartz/Oder,Brandenburg                             ,38.0
1568,1,-3.5,Gehlberg-Schmücke,Thüringen                               ,135.8
1572,1,2.8,Geilenkirchen (Flugplatz),Nordrhein-Westfalen                     ,
1580,1,1.8,Geisenheim,Hessen                                  ,39.5
1583,1,-2.9,Geisingberg,Sachsen                                 ,82.9
1584,1,-0.9,Geisingen,Baden-Württemberg                       ,48.0
1586,1,-0.9,Traunstein-Geißing,Bayern                                  ,84.4
1587,1,-1.2,Gelbelsee,Bayern                                  ,58.0
1590,1,2.9,Geldern-Walbeck,Nordrhein-Westfalen                     ,69.0
1593,1,1.0,Gelnhausen,Hessen                                  ,72.9
1602,1,1.5,Ohlsbach,Baden-Württemberg                       ,68.5
1605,1,0.7,Genthin,Sachsen-Anhalt                          ,39.0
1612,1,-0.2,Gera-Leumnitz,Thüringen                               ,36.0
1619,1,1.8,Gernsheim,Hessen                                  ,38.5
1621,1,-0.9,Geroda-Platz,Bayern                                  ,83.9
1638,1,1.0,Gießen (Lahntal),Hessen                                  ,56.0
1639,1,0.7,Gießen/Wettenberg,Hessen                                  ,50.9
1645,1,-0.4,Gilserberg-Moischeid,Hessen                                  ,63.4
1666,1,1.5,Glücksburg-Meierwik,Schleswig-Holstein                      ,78.0
1667,1,1.4,Glückstadt,Schleswig-Holstein                      ,73.6
1684,1,-0.6,Görlitz,Sachsen                                 ,45.7
1689,1,-0.9,Gößweinstein,Bayern                                  ,82.4
1691,1,0.9,Göttingen,Niedersachsen                           ,52.4
1694,1,0.5,Goldberg,Mecklenburg-Vorpommern                  ,44.0
1709,1,-1.1,"Gottleuba, Bad",Sachsen                                 ,47.7
1721,1,-1.0,Gräfenberg-Kasberg,Bayern                                  ,82.0
1735,1,-2.2,Grainet-Rehberg,Bayern                                  ,116.6
1757,1,0.6,Greifswald,Mecklenburg-Vorpommern                  ,46.3
1762,1,-0.3,Greiz-Dölau,Thüringen                               ,41.7
1766,1,2.3,Münster/Osnabrück,Nordrhein-Westfalen                     ,70.0
1792,1,2.2,Groß Berßen,Niedersachsen                           ,76.7
1803,1,0.4,Groß Lüsewitz,Mecklenburg-Vorpommern                  ,43.8
1833,1,-4.2,Grosser Falkenstein,Bayern                                  ,139.0
1834,1,-3.1,Grosser Inselsberg,Thüringen                               ,129.4
1844,1,-0.8,Feldkirchen-Westerham-Lenzmühle,Bayern                                  ,67.0
1849,1,-1.1,Großmehring-Theißing,Bayern                                  ,52.6
1863,1,0.6,Gründau-Breitenborn,Hessen                                  ,74.0
1869,1,-0.2,Grünow,Brandenburg                             ,32.0
1875,1,-0.2,"Gschwend, Kr. Ostalb",Baden-Württemberg                       ,93.9
1886,1,-0.4,Günzburg,Bayern                                  ,42.8
1890,1,0.7,Güstrow-Schabernack,Mecklenburg-Vorpommern                  ,
1891,1,2.1,Rheda-Wiedenbrück-Lintel,Nordrhein-Westfalen                     ,73.7
1892,1,2.1,Gütersloh (Flugplatz),Nordrhein-Westfalen                     ,
1920,1,2.5,Hagen-Fley,Nordrhein-Westfalen                     ,90.5
1957,1,0.9,Halle-Kröllwitz,Sachsen-Anhalt                          ,32.0
1960,1,0.9,Halle (Stadt),Sachsen-Anhalt                          ,29.0
1972,1,1.5,Hamburg-Bergedorf,Hamburg                                 ,65.6
1973,1,1.9,Hamburg-Botanischer Garten,Hamburg                                 ,68.8
1975,1,1.5,Hamburg-Fuhlsbüttel,Hamburg                                 ,67.8
1979,1,1.4,Hamburg-Kirchwerder,Hamburg                                 ,64.0
1981,1,1.7,Hamburg-Neuwiedenthal,Hamburg                                 ,64.1
1986,1,1.5,Hamburg-Reitbrook,Hamburg                                 ,63.3
1990,1,1.6,Hamburg-Wandsbek,Hamburg                                 ,75.8
1993,1,2.0,Hameln,Niedersachsen                           ,68.1
2000,1,1.7,Hanau,Hessen                                  ,49.8
2005,1,0.8,Hankensbüttel,Niedersachsen                           ,73.0
2014,1,1.6,Hannover,Niedersachsen                           ,55.9
2023,1,-1.0,Harburg,Bayern                                  ,44.0
2039,1,1.0,"Harzburg, Bad",Niedersachsen                           ,79.2
2044,1,-0.6,Harzgerode,Sachsen-Anhalt                          ,41.0
2048,1,1.6,Haseldorf,Schleswig-Holstein                      ,70.3
2053,1,-0.8,Hasselfelde,Sachsen-Anhalt                          ,91.7
2069,1,-3.2,Hausstein,Bayern                                  ,138.7
2074,1,0.2,Hechingen,Baden-Württemberg                       ,44.5
2078,1,1.5,Weddingstedt,Schleswig-Holstein                      ,73.0
2080,1,2.2,Heidelberg,Baden-Württemberg                       ,48.0
2081,1,0.4,Königstuhl,Baden-Württemberg                       ,77.4
2083,1,2.2,Heidelberg-Grenzhof,Baden-Württemberg                       ,47.1
2092,1,-0.3,Heidenrod-Mappershain,Hessen                                  ,72.3
2095,1,1.7,Heilbronn,Baden-Württemberg                       ,53.3
2110,1,2.6,Heinsberg-Schleiden,Nordrhein-Westfalen                     ,58.4
2120,1,0.9,Helmstedt,Niedersachsen                           ,48.4
2122,1,1.4,"Helse, Kr. Dithmarschen",Schleswig-Holstein                      ,65.6
2147,1,2.3,Herford,Nordrhein-Westfalen                     ,87.5
2151,1,0.4,Herleshausen,Hessen                                  ,52.2
2159,1,0.3,Herrenberg,Baden-Württemberg                       ,55.0
2160,1,-0.4,Herrenhof,Thüringen                               ,56.3
2166,1,-0.9,Herrnhut,Sachsen                                 ,49.8
2167,1,0.6,Niederwörresbach,Rheinland-Pfalz                         ,68.3
2171,1,0.1,"Hersfeld, Bad",Hessen                                  ,56.0
2173,1,3.1,Herten,Nordrhein-Westfalen                     ,92.7
2174,1,0.2,Herzberg,Niedersachsen                           ,83.0
2201,1,1.0,Hiddensee-Vitte,Mecklenburg-Vorpommern                  ,41.0
2206,1,1.9,Hildesheim,Niedersachsen                           ,66.4
2211,1,0.9,Hilgenroth,Rheinland-Pfalz                         ,96.9
2223,1,-0.4,Hindfeld,Thüringen                               ,49.0
2225,1,-1.3,Hinterhermsdorf,Sachsen                                 ,73.1
2226,1,-2.1,Eisfeld-Waffenrod-Hinterrod,Thüringen                               ,100.7
2250,1,-2.2,Höllenstein (Kraftwerk),Bayern                                  ,67.8
2252,1,-0.6,Bertsdorf-Hörnitz,Sachsen                                 ,46.0
2260,1,-1.4,Hof (Stadt),Bayern                                  ,58.9
2261,1,-1.9,Hof,Bayern                                  ,62.0
2264,1,0.2,Hofgeismar-Beberbeck,Hessen                                  ,64.9
2268,1,-0.1,Hofheim,Bayern                                  ,56.1
2289,1,0.7,Hohennauen,Brandenburg                             ,
2290,1,-0.9,Hohenpeißenberg,Bayern                                  ,52.9
2302,1,0.1,Hohlstedt-Kötschau,Thüringen                               ,34.3
2303,1,1.2,Hohn,Schleswig-Holstein                      ,68.7
2306,1,1.5,Hohwacht,Schleswig-Holstein                      ,64.3
2315,1,0.4,Holzdorf (Flugplatz),Brandenburg                             ,
2318,1,0.3,Holzhausen a.d. Haide,Rheinland-Pfalz                         ,58.8
2319,1,-1.2,Holzkirchen,Bayern                                  ,81.3
2323,1,1.3,"Bevern, Kr. Holzminden",Niedersachsen                           ,74.0
2324,1,-0.5,Holzminden-Silberborn,Niedersachsen                           ,110.4
2327,1,0.2,Homberg/Ohm,Hessen                                  ,70.0
2331,1,1.3,Homburg/Saar,Saarland                                ,78.3
2338,1,2.3,Hopsten (Flugplatz),Nordrhein-Westfalen                     ,
2344,1,-1.9,Horlachen,Bayern                                  ,95.1
2354,1,0.1,Hoyerswerda Kr. Bautzen,Sachsen                                 ,47.8
2360,1,-1.0,Hüll,Bayern                                  ,56.6
2362,1,0.7,Hümmerich,Rheinland-Pfalz                         ,76.0
2374,1,1.4,Husum,Schleswig-Holstein                      ,69.0
2385,1,0.5,Idar-Oberstein,Rheinland-Pfalz                         ,
2388,1,1.9,Ihringen,Baden-Württemberg                       ,34.0
2396,1,0.4,Ilsenburg,Sachsen-Anhalt                          ,
2406,1,0.8,Ingelfingen,Baden-Württemberg                       ,71.0
2410,1,-0.7,Ingolstadt (Flugplatz),Bayern                                  ,
2417,1,-1.3,Mittbach,Bayern                                  ,65.0
2422,1,1.4,Iserlohn-Westig,Nordrhein-Westfalen                     ,104.3
2429,1,1.3,Itzehoe,Schleswig-Holstein                      ,73.0
2437,1,1.3,Schleswig-Jagel,Schleswig-Holstein                      ,74.0
2444,1,1.3,Jena (Sternwarte),Thüringen                               ,35.5
2451,1,0.6,Jessen/Elster,Sachsen-Anhalt                          ,42.0
2464,1,1.6,Jork,Niedersachsen                           ,67.6
2474,1,2.8,Jülich (Forsch.-Anlage),Nordrhein-Westfalen                     ,54.9
2475,1,0.4,Jüterbog,Brandenburg                             ,41.0
2477,1,-1.5,Jungholz (Kühmoos),Baden-Württemberg                       ,105.3
2480,1,1.6,Kahl/Main,Bayern                                  ,52.7
2483,1,-2.1,Kahler Asten,Nordrhein-Westfalen                     ,150.5
2485,1,-0.2,Kaisersbach-Cronhütte,Baden-Württemberg                       ,88.0
2486,1,1.2,Kaiserslautern,Rheinland-Pfalz                         ,65.0
2488,1,-1.2,Kaisheim-Neuhof,Bayern                                  ,52.8
2494,1,2.8,Kalkar,Nordrhein-Westfalen                     ,
2497,1,0.5,Kall-Sistig,Nordrhein-Westfalen                     ,86.0
2502,1,-0.5,"Heiligenstadt, Heilbad-Kalteneber",Thüringen                               ,68.7
2503,1,-1.2,Kaltennordheim,Thüringen                               ,74.8
2506,1,-0.1,Kamenz,Sachsen                                 ,55.5
2521,1,-0.9,Karlshuld,Bayern                                  ,44.4
2522,1,2.1,Karlsruhe,Baden-Württemberg                       ,59.5
2532,1,0.5,Kassel,Hessen                                  ,56.8
2533,1,0.6,Kassel-Harleshausen,Hessen                                  ,60.1
2542,1,-1.4,Kaufbeuren,Bayern                                  ,70.9
2543,1,-0.5,Kaufering,Bayern                                  ,54.2
2546,1,2.1,Kehl-Odelshofen,Baden-Württemberg                       ,49.0
2559,1,-1.4,Kempten,Bayern                                  ,83.1
2564,1,1.5,Kiel-Holtenau,Schleswig-Holstein                      ,70.0
2565,1,1.5,Kiel-Kronshagen,Schleswig-Holstein                      ,73.6
2575,1,-0.2,Kirchberg/Jagst-Herboldshausen,Baden-Württemberg                       ,69.1
2578,1,1.0,Kirchdorf/Poel,Mecklenburg-Vorpommern                  ,46.9
2597,1,0.0,"Kissingen, Bad",Bayern                                  ,64.3
2600,1,0.8,Kitzingen,Bayern                                  ,41.6
2601,1,-1.9,Kleiner Feldberg/Taunus,Hessen                                  ,94.0
2609,1,1.1,Klein Rönnau,Schleswig-Holstein                      ,75.4
2618,1,-2.8,Kleiner Inselsberg,Thüringen                               ,106.3
2621,1,0.6,Kleinmachnow,Brandenburg                             ,47.4
2627,1,0.1,Schipkau-Klettwitz,Brandenburg                             ,48.0
2629,1,2.7,Kleve,Nordrhein-Westfalen                     ,70.5
2638,1,-1.2,Klippeneck,Baden-Württemberg                       ,61.0
2641,1,0.5,Klitzschen bei Torgau,Sachsen                                 ,44.0
2654,1,1.4,Knittlingen,Baden-Württemberg                       ,56.8
2657,1,2.8,Koblenz-Horchheim,Rheinland-Pfalz                         ,48.5
2665,1,3.3,Köln-Botanischer Garten,Nordrhein-Westfalen                     ,64.9
2667,1,2.6,Köln/Bonn,Nordrhein-Westfalen                     ,62.1
2680,1,-0.4,"Königshofen, Bad",Bayern                                  ,47.1
2689,1,1.4,Königsmoor,Niedersachsen                           ,72.6
2691,1,-0.8,Königsmoos-Untermaxfeld,Bayern                                  ,46.6
2700,1,-0.9,Kösching,Bayern                                  ,47.0
2701,1,0.6,"Kösen, Bad",Sachsen-Anhalt                          ,36.7
2703,1,-0.1,Köterberg,Nordrhein-Westfalen                     ,
2704,1,0.8,Köthen (Anhalt),Sachsen-Anhalt                          ,35.8
2708,1,-1.3,"Kohlgrub, Bad (Rosshof)",Bayern                                  ,72.0
2712,1,0.6,Konstanz,Baden-Württemberg                       ,44.0
2717,1,-0.3,Korbach-Lengefeld,Hessen                                  ,81.1
2750,1,-0.5,Kronach,Bayern                                  ,72.4
2761,1,-0.9,Krumbach-Edenhausen,Bayern                                  ,54.2
2770,1,1.1,Kükels,Schleswig-Holstein                      ,79.3
2773,1,-1.2,Kümmersbruck,Bayern                                  ,
2775,1,0.8,Künzelsau,Baden-Württemberg                       ,71.1
2780,1,-0.7,Kulmbach,Bayern                                  ,
2783,1,-1.0,Kumhausen,Bayern                                  ,55.9
2790,1,0.8,Kusel-Fünfbirken,Rheinland-Pfalz                         ,95.7
2794,1,0.4,Kyritz,Brandenburg                             ,50.0
2796,1,0.6,Laage (Flugplatz),Mecklenburg-Vorpommern                  ,
2812,1,1.5,Lahr,Baden-Württemberg                       ,42.9
2814,1,-1.5,Merklingen,Baden-Württemberg                       ,82.7
2821,1,0.7,Lamspringe,Niedersachsen                           ,74.3
2829,1,-0.9,Landsberg (Flugplatz),Bayern                                  ,
2830,1,-0.9,Landsberg/Lech,Bayern                                  ,55.1
2831,1,-0.9,Landshut,Bayern                                  ,50.0
2843,1,1.6,,,
2856,1,0.2,Langenlipsdorf,Brandenburg                             ,42.0
2857,1,0.5,"Langensalza, Bad",Thüringen                               ,32.4
2861,1,2.4,Langeoog,Niedersachsen                           ,61.0
2872,1,2.2,Lathen,Niedersachsen                           ,68.2
2878,1,1.1,"Lauchstädt, Bad",Sachsen-Anhalt                          ,24.7
2879,1,0.7,Lauda-Königshofen-Gerlachsheim,Baden-Württemberg                       ,53.5
2886,1,-0.7,Laupheim,Baden-Württemberg                       ,
2905,1,-0.8,Lechfeld,Bayern                                  ,
2906,1,1.4,Leck (A),Schleswig-Holstein                      ,74.6
2907,1,1.0,Leck,Schleswig-Holstein                      ,70.0
2912,1,1.4,Lehbek,Schleswig-Holstein                      ,72.8
2915,1,-2.4,Lehesten/Thüringer Wald,Thüringen                               ,82.6
2920,1,-1.6,Leiblfing,Bayern                                  ,46.6
2923,1,-1.1,Leinau,Bayern                                  ,64.1
2925,1,-0.3,Leinefelde,Thüringen                               ,57.5
2928,1,0.8,Leipzig-Holzhausen,Sachsen                                 ,41.8
2931,1,0.7,Leipzig-Mockau,Sachsen                                 ,42.6
2932,1,0.5,Leipzig/Halle,Sachsen                                 ,31.9
2947,1,0.9,Lennestadt-Theten,Nordrhein-Westfalen                     ,113.8
2949,1,-0.5,Lenningen-Schopfloch,Baden-Württemberg                       ,64.3
2950,1,1.3,Lensahn,Schleswig-Holstein                      ,62.5
2951,1,0.9,Lenzen/Elbe,Brandenburg                             ,53.0
2953,1,-1.1,Lenzkirch-Ruhbühl,Baden-Württemberg                       ,134.3
2963,1,0.9,Leunawerke,Sachsen-Anhalt                          ,30.4
2968,1,3.4,Köln-Stammheim,Nordrhein-Westfalen                     ,64.1
2985,1,-0.7,Lichtenhain-Mittelndorf,Sachsen                                 ,63.0
2996,1,0.1,"Liebenzell, Bad",Baden-Württemberg                       ,78.1
3001,1,1.3,Liliental,Baden-Württemberg                       ,44.3
3004,1,1.4,Limburg/Lahn-Offheim,Hessen                                  ,52.4
3007,1,2.0,Limburgerhof,Rheinland-Pfalz                         ,39.9
3015,1,-0.2,Lindenberg,Brandenburg                             ,42.1
3016,1,-1.3,Lindenberg/Allgäu,Bayern                                  ,134.7
3017,1,0.9,Lindenfels,Hessen                                  ,89.8
3018,1,0.2,Lindenfels-Winterkasten,Hessen                                  ,108.0
3023,1,2.5,Lingen,Niedersachsen                           ,75.2
3028,1,1.6,"Lippspringe, Bad",Nordrhein-Westfalen                     ,86.4
3031,1,2.3,Lippstadt-Bökenförde,Nordrhein-Westfalen                     ,65.3
3034,1,-1.4,"Lobenstein, Bad",Thüringen                               ,79.0
3042,1,0.5,Löhnberg-Obershausen,Hessen                                  ,87.0
3044,1,2.2,Löningen,Niedersachsen                           ,77.0
3045,1,2.1,Löningen-Hagel,Niedersachsen                           ,73.5
3062,1,2.0,Lorch/Rhein,Hessen                                  ,43.9
3076,1,2.0,Ludwigshafen-Mundenheim,Rheinland-Pfalz                         ,36.8
3082,1,0.2,Lübben,Brandenburg                             ,41.7
3083,1,0.2,Lübben-Blumenfelde,Brandenburg                             ,42.0
3085,1,1.2,Lübeck,Schleswig-Holstein                      ,60.4
3086,1,1.0,Lübeck-Blankensee,Schleswig-Holstein                      ,63.0
3088,1,1.2,Lübeck-Werft,Schleswig-Holstein                      ,60.4
3096,1,0.7,Lüdenscheid (Zeppelin-Gymnasium),Nordrhein-Westfalen                     ,134.4
3098,1,0.8,Lüdenscheid,Nordrhein-Westfalen                     ,135.0
3101,1,2.6,Lüdinghausen,Nordrhein-Westfalen                     ,79.7
3103,1,1.4,Lüneburg,Niedersachsen                           ,55.9
3113,1,-1.0,Luisenthal/Ohra,Thüringen                               ,89.0
3126,1,0.9,Magdeburg,Sachsen-Anhalt                          ,36.4
3135,1,-0.1,Mainhardt-Ziegelbronn,Baden-Württemberg                       ,88.6
3137,1,1.4,Mainz-Lerchenberg (ZDF),Rheinland-Pfalz                         ,44.3
3139,1,-0.9,Maisach-Gernlinden,Bayern                                  ,50.8
3147,1,-1.2,Mallersdorf-Pfaffenberg-Oberlindhart,Bayern                                  ,44.9
3155,1,0.3,Manderscheid-Sonnenhof,Rheinland-Pfalz                         ,101.2
3158,1,0.1,Manschnow,Brandenburg                             ,29.6
3160,1,0.2,Vatterode-Gräfenstuhl,Sachsen-Anhalt                          ,41.0
3164,1,0.8,"Cölbe, Kr. Marburg-Biedenkopf",Hessen                                  ,64.0
3166,1,-1.6,Marienberg,Sachsen                                 ,56.0
3196,1,0.4,Marnitz,Mecklenburg-Vorpommern                  ,57.7
3204,1,-0.2,Martinroda,Thüringen                               ,58.7
3211,1,-2.9,Mauth-Finsterau,Bayern                                  ,123.3
3212,1,1.5,Mayen,Rheinland-Pfalz                         ,50.1
3222,1,1.9,Meerbeck,Niedersachsen                           ,62.2
3223,1,0.4,Meersburg,Baden-Württemberg                       ,46.5
3226,1,0.9,Aschersleben-Mehringen,Sachsen-Anhalt                          ,31.0
3228,1,0.0,Meinerzhagen (A),Nordrhein-Westfalen                     ,168.2
3231,1,-1.2,Meiningen,Thüringen                               ,53.2
3234,1,0.4,Klipphausen-Garsebach,Sachsen                                 ,44.0
3236,1,1.8,Melle,Niedersachsen                           ,77.0
3244,1,-1.0,Memmingen,Bayern                                  ,47.5
3245,1,-1.0,Memmingen (Flugplatz),Bayern                                  ,
3246,1,1.8,Mendig,Rheinland-Pfalz                         ,
3254,1,2.3,Meppen,Niedersachsen                           ,
3257,1,0.4,"Mergentheim, Bad-Neunkirchen",Baden-Württemberg                       ,63.1
3265,1,-0.1,Mespelbrunn,Bayern                                  ,74.5
3268,1,-1.7,Meßstetten-Appental,Baden-Württemberg                       ,74.1
3271,1,-1.8,Metten,Bayern                                  ,81.9
3278,1,0.7,Metzingen,Baden-Württemberg                       ,51.8
3284,1,0.9,Michelstadt,Hessen                                  ,81.9
3287,1,-0.2,Michelstadt-Vielbrunn,Hessen                                  ,87.0
3289,1,-0.2,Schmieritz-Weltwitz,Thüringen                               ,35.6
3291,1,1.4,Miltenberg,Bayern                                  ,60.4
3300,1,1.1,Mittel-Gründau,Hessen                                  ,61.3
3307,1,-1.7,Mittenwald-Buckelwiesen,Bayern                                  ,72.8
3313,1,0.3,Modautal-Neunkirchen,Hessen                                  ,89.9
3317,1,0.9,Mölln,Schleswig-Holstein                      ,69.9
3319,1,1.0,Röllbach,Bayern                                  ,54.1
3320,1,2.9,Mönchengladbach,Nordrhein-Westfalen                     ,64.9
3340,1,0.9,Montabaur,Rheinland-Pfalz                         ,79.0
3348,1,0.2,Moringen-Lutterbeck,Niedersachsen                           ,86.0
3362,1,1.1,Mühlacker,Baden-Württemberg                       ,53.0
3366,1,-1.4,Mühldorf,Bayern                                  ,51.4
3370,1,-0.1,Mühlhausen,Thüringen                               ,59.8
3376,1,-0.2,Müncheberg,Brandenburg                             ,42.9
3382,1,-0.2,München-Bogenhausen,Bayern                                  ,50.9
3383,1,-0.2,München-Botanischer Garten,Bayern                                  ,50.6
3385,1,-0.3,München-Nymphenburg,Bayern                                  ,50.7
3388,1,-0.6,München-Perlach,Bayern                                  ,57.0
3390,1,-0.7,München-Riem,Bayern                                  ,54.7
3402,1,-1.7,Münsingen-Apfelstetten,Baden-Württemberg                       ,64.9
3404,1,2.3,Münster,Nordrhein-Westfalen                     ,76.2
3425,1,0.1,Murrhardt,Baden-Württemberg                       ,105.2
3426,1,-0.1,"Muskau, Bad",Sachsen                                 ,47.0
3432,1,0.0,Nagold,Baden-Württemberg                       ,66.0
3442,1,1.2,"Nauheim, Bad",Hessen                                  ,47.8
3484,1,-0.8,Neuburg/Donau (Flugplatz),Bayern                                  ,
3485,1,-0.6,Neuburg/Kammel-Langenhaslach,Bayern                                  ,49.0
3486,1,1.1,Neudenau,Baden-Württemberg                       ,67.1
3490,1,2.4,"Neuenahr, Bad-Ahrweiler",Rheinland-Pfalz                         ,47.9
3509,1,-0.1,Menz,Brandenburg                             ,51.3
3513,1,-3.1,Neuhaus am Rennweg,Thüringen                               ,136.0
3518,1,-1.6,Neuhausen ob Eck,Baden-Württemberg                       ,61.0
3519,1,-1.2,Neuhausen ob Eck-Unterschwandorf,Baden-Württemberg                       ,57.0
3527,1,-1.1,Neukirchen-Hauptschwenda,Hessen                                  ,63.1
3537,1,1.5,Neumünster,Schleswig-Holstein                      ,80.3
3540,1,1.7,Neunkirchen-Seelscheid-Krawinkel,Nordrhein-Westfalen                     ,99.0
3541,1,1.9,Neunkirchen-Seelscheid-Meisenbach,Nordrhein-Westfalen                     ,92.8
3545,1,1.5,Neunkirchen-Wellesweiler,Saarland                                ,81.0
3552,1,0.4,Neuruppin,Brandenburg                             ,44.0
3565,1,-0.1,Neustadt/Aisch,Bayern                                  ,53.0
3571,1,-1.3,Neustadt am Kulm-Filchendorf,Bayern                                  ,73.3
3575,1,1.8,Neustadt/Weinstraße,Rheinland-Pfalz                         ,47.8
3576,1,1.8,Neustadt/Weinstraße (Heidehof),Rheinland-Pfalz                         ,46.5
3577,1,0.2,Neustrelitz,Mecklenburg-Vorpommern                  ,52.0
3591,1,1.5,Nideggen-Schmidt,Nordrhein-Westfalen                     ,84.0
3595,1,0.8,Niederelbert,Rheinland-Pfalz                         ,87.6
3603,1,-0.2,Niederstetten,Baden-Württemberg                       ,
3605,1,-0.6,Niederstotzingen,Baden-Württemberg                       ,43.7
3612,1,1.8,Nienburg,Niedersachsen                           ,71.2
3621,1,-0.8,Reimlingen,Bayern                                  ,43.1
3623,1,2.8,Nörvenich (Flugplatz),Nordrhein-Westfalen                     ,
3639,1,1.8,Nordholz (Flugplatz),Niedersachsen                           ,
3640,1,2.5,Nordhorn-Blanke,Niedersachsen                           ,76.8
3659,1,-0.5,Nürburg,Rheinland-Pfalz                         ,80.9
3660,1,0.3,Nürburg-Barweiler,Rheinland-Pfalz                         ,68.0
3666,1,-0.1,Nürnberg-Buchenbuehl,Bayern                                  ,52.9
3667,1,-0.7,Nürnberg-Netzstall,Bayern                                  ,54.9
3668,1,0.1,Nürnberg,Bayern                                  ,41.7
3671,1,0.9,Nürtingen,Baden-Württemberg                       ,47.4
3672,1,0.1,Nufringen,Baden-Württemberg                       ,48.9
3679,1,-1.4,Kiefersfelden-Gach,Bayern                                  ,75.0
3694,1,-3.0,Oberhof,Thüringen                               ,137.8
3702,1,-0.2,Münstertal-Obermünstertal,Baden-Württemberg                       ,78.0
3705,1,-0.1,Oberndorf/Neckar-Aistaig,Baden-Württemberg                       ,86.0
3722,1,-1.0,Oberschleißheim,Bayern                                  ,51.7
3730,1,-3.1,Oberstdorf,Bayern                                  ,120.3
3734,1,1.3,Obersulm-Willsbach,Baden-Württemberg                       ,58.8
3735,1,-1.2,Obertaufkirchen,Bayern                                  ,54.3
3739,1,-2.0,Oberviechtach,Bayern                                  ,64.0
3744,1,0.5,Oberweser-Gieselwerder,Hessen                                  ,91.9
3751,1,-1.2,Ochsenhausen-Mittelbuch,Baden-Württemberg                       ,54.4
3752,1,-2.9,Ochsenkopf,Bayern                                  ,126.8
3753,1,2.4,Ochtrup,Nordrhein-Westfalen                     ,77.6
3761,1,1.1,Öhringen,Baden-Württemberg                       ,61.5
3776,1,2.0,Offenbach/M. (Stadt),Hessen                                  ,52.1
3777,1,2.0,Offenburg,Baden-Württemberg                       ,52.0
3788,1,-1.0,Olbersdorf,Sachsen                                 ,49.7
3790,1,2.0,Oldenburg (A),Niedersachsen                           ,72.6
3791,1,2.0,Oldenburg,Niedersachsen                           ,74.0
3811,1,0.5,Oschatz,Sachsen                                 ,41.5
3815,1,2.0,Osnabrück,Niedersachsen                           ,88.0
3818,1,0.7,Osterburg,Sachsen-Anhalt                          ,
3821,1,0.4,Osterfeld,Sachsen-Anhalt                          ,36.0
3825,1,0.8,Osterhof,Saarland                                ,99.3
3836,1,-0.5,Ostheim v.d. Rhön,Bayern                                  ,57.0
3856,1,-1.5,Oy-Mittelberg,Bayern                                  ,84.8
3857,1,-1.3,Oy-Mittelberg-Petersthal,Bayern                                  ,95.0
3867,1,2.1,Papenburg,Niedersachsen                           ,68.1
3875,1,-1.8,Parsberg/Oberpfalz-Eglwang,Bayern                                  ,69.1
3878,1,-1.4,Passau-Maierhof,Bayern                                  ,71.2
3879,1,-1.4,Passau-Oberhaus,Bayern                                  ,74.7
3883,1,-1.0,Pausa-Unterreichenau,Sachsen                                 ,41.2
3897,1,1.5,Pelzerhaken,Schleswig-Holstein                      ,57.0
3903,1,2.1,Perl-Besch,Saarland                                ,68.9
3904,1,2.2,Perl-Nennig,Saarland                                ,69.0
3915,1,0.0,Petkus,Brandenburg                             ,45.8
3922,1,-0.7,Pfofeld-Langlau,Bayern                                  ,50.3
3925,1,1.0,Pforzheim-Ispringen,Baden-Württemberg                       ,64.0
3927,1,-1.4,Pfullendorf,Baden-Württemberg                       ,49.8
3929,1,1.9,Philippsburg,Baden-Württemberg                       ,55.9
3939,1,0.4,Pirmasens,Rheinland-Pfalz                         ,84.7
3946,1,-0.7,Plauen,Sachsen                                 ,36.0
3955,1,1.3,Plön (See),Schleswig-Holstein                      ,54.5
3974,1,-0.8,Pommelsbrunn,Bayern                                  ,90.1
3975,1,-1.4,Pommelsbrunn-Mittelburg,Bayern                                  ,90.0
3987,1,0.2,Potsdam,Brandenburg                             ,45.7
3988,1,0.3,Potsdam (Säkularstation),Brandenburg                             ,48.3
4005,1,-1.0,Prien-Stock,Bayern                                  ,72.8
4018,1,-0.9,Puch,Bayern                                  ,60.4
4024,1,0.6,Putbus,Mecklenburg-Vorpommern                  ,52.0
4029,1,2.2,Quakenbrück,Niedersachsen                           ,
4032,1,1.0,Quedlinburg,Sachsen-Anhalt                          ,34.0
4036,1,0.3,Querfurt-Mühle Lodersleben,Sachsen-Anhalt                          ,34.5
4038,1,1.3,Quickborn (Kurzer Kamp),Schleswig-Holstein                      ,71.6
4039,1,1.3,Quickborn,Schleswig-Holstein                      ,70.0
4053,1,0.3,Radolfzell-Markelfingen,Baden-Württemberg                       ,49.0
4063,1,1.8,Rahden-Kleinendorf,Nordrhein-Westfalen                     ,61.8
4066,1,-0.7,Raisting,Bayern                                  ,51.3
4077,1,2.1,Rastatt,Baden-Württemberg                       ,69.8
4079,1,0.2,Rastenberg,Thüringen                               ,
4091,1,-2.8,Rauschberg bei Ruhpolding,Bayern                                  ,139.0
4094,1,-0.4,"Weingarten, Kr. Ravensburg",Baden-Württemberg                       ,56.4
4100,1,2.6,Recklinghausen,Nordrhein-Westfalen                     ,84.0
4104,1,-1.2,Regensburg,Bayern                                  ,44.8
4127,1,1.1,Reichshof-Eckenhagen,Nordrhein-Westfalen                     ,141.0
4149,1,-2.2,Marienberg-Reitzenhain,Sachsen                                 ,68.0
4152,1,-0.8,Remetschwiel,Baden-Württemberg                       ,134.5
4154,1,1.2,Remscheid-Lennep,Nordrhein-Westfalen                     ,158.0
4156,1,1.4,Rendsburg,Schleswig-Holstein                      ,75.6
4160,1,0.2,Renningen-Ihinger Hof,Baden-Württemberg                       ,48.3
4166,1,0.6,Reutlingen-Betzingen,Baden-Württemberg                       ,44.3
4169,1,1.6,Rheinau-Memprechtshofen,Baden-Württemberg                       ,56.1
4174,1,2.4,Rheine-Bentlage,Nordrhein-Westfalen                     ,
4175,1,1.7,Rheinfelden,Baden-Württemberg                       ,69.0
4177,1,1.9,Rheinstetten,Baden-Württemberg                       ,62.0
4189,1,-0.7,"Altheim, Kreis Biberach",Baden-Württemberg                       ,40.6
4222,1,-0.8,Rodewisch,Sachsen                                 ,56.9
4233,1,-0.6,Röhrigshof bei Schlüchtern,Hessen                                  ,101.1
4240,1,1.1,Roetgen,Nordrhein-Westfalen                     ,96.5
4261,1,-0.7,Rosenheim,Bayern                                  ,52.9
4271,1,1.5,Rostock-Warnemünde,Mecklenburg-Vorpommern                  ,47.6
4275,1,1.3,Rotenburg (Wümme),Niedersachsen                           ,75.9
4278,1,-0.1,Roth bei Nürnberg,Bayern                                  ,51.6
4280,1,-0.4,Roth,Bayern                                  ,49.7
4287,1,-0.2,Rothenburg ob der Tauber,Bayern                                  ,52.0
4288,1,1.9,"Rothenfelde, Bad",Niedersachsen                           ,87.3
4294,1,0.4,Rottenburg-Kiebingen,Baden-Württemberg                       ,37.8
4300,1,-0.8,Rottweil,Baden-Württemberg                       ,60.0
4301,1,1.7,"Kreuznach, Bad",Rheinland-Pfalz                         ,40.1
4318,1,-2.3,Ruhpolding,Bayern                                  ,134.6
4320,1,1.2,Ruhwinkel,Schleswig-Holstein                      ,74.2
4323,1,0.1,Ruppertsecken,Rheinland-Pfalz                         ,50.8
4327,1,-3.0,Rusel-Irlmoos,Bayern                                  ,146.8
4330,1,0.5,Rutesheim,Baden-Württemberg                       ,48.0
4332,1,0.0,Saalfeld,Thüringen                               ,31.0
4336,1,0.8,Saarbrücken-Ensheim,Saarland                                ,75.7
4339,1,2.2,Saarbrücken-Sankt Johann,Saarland                                ,74.9
4347,1,-0.5,"Sachsa, Bad",Niedersachsen                           ,105.8
4349,1,1.3,Sachsenheim,Baden-Württemberg                       ,45.0
4350,1,0.9,"Säckingen, Bad (Bergseestr.)",Baden-Württemberg                       ,85.5
4354,1,-2.2,Saldenburg-Entschenreuth,Bayern                                  ,97.6
4364,1,1.3,Salzgitter-Ringelheim,Niedersachsen                           ,62.2
4367,1,1.1,Salzhemmendorf-Lauenstein,Niedersachsen                           ,83.0
4371,1,1.7,"Salzuflen, Bad",Nordrhein-Westfalen                     ,79.0
4373,1,1.0,Salzwedel,Sachsen-Anhalt                          ,49.7
4377,1,-1.1,Sandberg,Bayern                                  ,98.8
4386,1,-1.6,Sankt Blasien,Baden-Württemberg                       ,186.9
4391,1,1.5,Sankt Michaelisdonn,Schleswig-Holstein                      ,68.1
4396,1,0.7,Sankt Wendel-Hof,Saarland                                ,110.6
4397,1,0.5,Sankt Wendel-Urweiler,Saarland                                ,112.3
4401,1,2.1,"Sassendorf, Bad-Ostinghausen",Nordrhein-Westfalen                     ,65.6
4411,1,1.6,Schaafheim-Schlierbach,Hessen                                  ,44.5
4419,1,1.9,Schallstadt-Mengen,Baden-Württemberg                       ,39.0
4425,1,0.2,Schaumberg-Tholey,Saarland                                ,112.6
4433,1,-0.8,Schemmerhofen-Ingerkingen,Baden-Württemberg                       ,35.3
4436,1,-0.1,Schenklengsfeld,Hessen                                  ,54.3
4438,1,-0.1,Scheßlitz,Bayern                                  ,62.9
4442,1,1.4,Schieder,Nordrhein-Westfalen                     ,91.2
4445,1,-1.9,Wernigerode-Schierke,Sachsen-Anhalt                          ,160.8
4464,1,-1.3,Schleiz,Thüringen                               ,46.0
4466,1,1.3,Schleswig,Schleswig-Holstein                      ,81.3
4468,1,1.3,Schleswig-Stadtfeld,Schleswig-Holstein                      ,80.0
4474,1,1.3,Schlossböckelheim,Rheinland-Pfalz                         ,45.7
4479,1,-0.3,Schlüchtern-Kloster Gomfritz,Hessen                                  ,98.5
4480,1,0.4,Schlüchtern-Herolz,Hessen                                  ,86.0
4484,1,1.2,Schmalenbeck,Schleswig-Holstein                      ,77.9
4485,1,-0.3,"Schmalkalden, Kurort",Thüringen                               ,55.2
4489,1,0.9,Schmatzfeld,Sachsen-Anhalt                          ,51.3
4490,1,1.4,Schmelz-Hüttersdorf,Saarland                                ,100.2
4501,1,-3.4,Schmücke,Thüringen                               ,127.4
4505,1,-2.1,Schnarrtanne-Vogelsgrün,Sachsen                                 ,71.5
4508,1,-0.6,Schneifelforsthaus,Rheinland-Pfalz                         ,138.9
4548,1,-2.3,Schönwald/Ofr.-Brunn,Bayern                                  ,69.0
4549,1,-1.4,Schönwald/Schwarzwald,Baden-Württemberg                       ,182.6
4557,1,0.1,Schopfheim-Eichen,Baden-Württemberg                       ,96.7
4559,1,-1.2,Schorndorf-Knöbling,Bayern                                  ,56.0
4560,1,0.3,Schotten,Hessen                                  ,87.2
4571,1,-0.8,Schulenberg,Niedersachsen                           ,122.1
4576,1,-0.3,Schwabach (A),Bayern                                  ,49.4
4581,1,0.6,Schwäbisch Gmünd-Strassdorf,Baden-Württemberg                       ,70.7
4582,1,0.4,Schwäbisch Hall-Bibersfeld,Baden-Württemberg                       ,74.0
4584,1,-1.0,Schwaigermoos,Bayern                                  ,49.1
4586,1,0.4,"Schwalbach, Bad",Hessen                                  ,67.2
4592,1,-1.2,Schwandorf,Bayern                                  ,48.4
4593,1,1.0,Schwanebeck,Sachsen-Anhalt                          ,40.8
4597,1,-1.5,Schwangau-Horn,Bayern                                  ,64.3
4605,1,0.1,Schwarzburg,Thüringen                               ,39.8
4606,1,0.2,Schwarze Pumpe,Brandenburg                             ,48.3
4612,1,-0.6,Schwarzenberg,Sachsen                                 ,63.1
4621,1,0.3,Schweinfurt-Gartenstadt,Bayern                                  ,49.3
4625,1,0.8,Schwerin,Mecklenburg-Vorpommern                  ,53.6
4629,1,1.3,Schwesing,Schleswig-Holstein                      ,65.8
4642,1,0.7,Seehausen,Sachsen-Anhalt                          ,47.7
4649,1,1.9,Seelscheid,Nordrhein-Westfalen                     ,94.9
4651,1,0.7,Seesen,Niedersachsen                           ,75.4
4656,1,1.1,"Segeberg, Bad",Schleswig-Holstein                      ,73.7
4664,1,-2.3,Selb/Oberfranken-Wildenau,Bayern                                  ,65.4
4692,1,1.0,Siegen (Kläranlage),Nordrhein-Westfalen                     ,132.1
4702,1,-1.4,Sigmaringen (Flugplatz),Baden-Württemberg                       ,
4703,1,-1.6,Sigmaringen-Laiz,Baden-Württemberg                       ,50.6
4704,1,-0.3,Sigmarszell-Zeisertsweiler,Bayern                                  ,83.9
4705,1,-2.9,Silberhütte,Bayern                                  ,76.0
4706,1,-1.1,Simbach/Inn,Bayern                                  ,61.8
4709,1,0.0,Simmern-Wahlbach,Rheinland-Pfalz                         ,50.2
4719,1,1.5,Sinsheim,Baden-Württemberg                       ,60.0
4729,1,-0.2,Steinau-Seidenroth,Hessen                                  ,91.0
4741,1,2.1,Solingen-Hohenscheid,Nordrhein-Westfalen                     ,95.1
4745,1,0.9,Soltau,Niedersachsen                           ,80.9
4748,1,0.3,Sondershausen,Thüringen                               ,42.4
4752,1,-2.3,Sonneberg-Neufang,Thüringen                               ,113.0
4763,1,0.2,Sontra,Hessen                                  ,62.0
4765,1,0.8,"Sooden-Allendorf, Bad",Hessen                                  ,66.0
4775,1,-1.2,Speinshart,Bayern                                  ,67.2
4782,1,0.7,Spören-Prussendorf,Sachsen-Anhalt                          ,32.4
4813,1,-0.7,"Staffelstein, Bad-Stublang",Bayern                                  ,62.9
4818,1,-2.0,Stammbach-Querenbach,Bayern                                  ,92.2
4837,1,1.6,Stegen,Baden-Württemberg                       ,68.1
4841,1,1.7,"Steinau, Kr. Cuxhaven",Niedersachsen                           ,65.3
4847,1,-0.6,Steinberg,Niedersachsen                           ,93.8
4857,1,1.6,Mittelnkirchen-Hohenfelde,Niedersachsen                           ,69.0
4878,1,-1.0,Oberharz am Brocken-Stiege,Sachsen-Anhalt                          ,99.6
4881,1,-0.5,Stockach,Baden-Württemberg                       ,51.0
4896,1,1.1,Wagersrott,Schleswig-Holstein                      ,71.3
4911,1,-1.6,Straubing,Bayern                                  ,53.0
4926,1,2.3,Stuttgart (Neckartal),Baden-Württemberg                       ,37.8
4927,1,1.7,Stuttgart-Stadt,Baden-Württemberg                       ,41.9
4928,1,1.4,Stuttgart (Schnarrenberg),Baden-Württemberg                       ,37.9
4931,1,0.5,Stuttgart-Echterdingen,Baden-Württemberg                       ,41.2
4933,1,0.7,Stuttgart-Hohenheim,Baden-Württemberg                       ,40.8
4939,1,0.9,"Suderode, Bad",Sachsen-Anhalt                          ,
4977,1,0.8,Tangermünde,Sachsen-Anhalt                          ,39.8
4978,1,-0.3,Tann/Rhön,Hessen                                  ,67.5
4987,1,0.6,Tauberbischofsheim-Dittigheim,Baden-Württemberg                       ,54.7
4997,1,0.3,Starkenberg-Tegkwitz,Thüringen                               ,36.0
5009,1,0.4,Teterow,Mecklenburg-Vorpommern                  ,47.0
5014,1,1.5,Worpswede-Hüttenbusch,Niedersachsen                           ,68.8
5017,1,-2.3,Teuschnitz,Bayern                                  ,103.9
5024,1,0.7,Möckern-Räckendorf,Sachsen-Anhalt                          ,41.9
5029,1,0.6,Tholey,Saarland                                ,101.4
5032,1,0.9,Thüngersheim,Bayern                                  ,53.0
5039,1,0.3,Tiefenort,Thüringen                               ,45.1
5046,1,-1.7,Tirschenreuth-Lodermühl,Bayern                                  ,60.0
5047,1,-1.7,Titisee-Neustadt-Langenordnach,Baden-Württemberg                       ,122.0
5059,1,-1.2,Todtmoos,Baden-Württemberg                       ,215.5
5063,1,-1.0,"Tölz, Bad",Bayern                                  ,78.2
5064,1,3.0,Tönisvorst,Nordrhein-Westfalen                     ,65.4
5067,1,-0.9,Torfhaus im Solling,Niedersachsen                           ,116.2
5068,1,0.5,Torgau,Sachsen                                 ,40.8
5074,1,-0.8,Traunstein-Sparz,Bayern                                  ,90.7
5075,1,-0.8,Traunstein-Axdorf,Bayern                                  ,86.4
5078,1,1.5,Travemünde,Schleswig-Holstein                      ,59.7
5088,1,1.0,Trent,Mecklenburg-Vorpommern                  ,45.7
5097,1,0.5,Tribsees,Mecklenburg-Vorpommern                  ,48.8
5099,1,2.2,Trier-Zewen,Rheinland-Pfalz                         ,61.0
5100,1,1.5,Trier-Petrisberg,Rheinland-Pfalz                         ,67.3
5105,1,-1.3,Trochtelfingen,Baden-Württemberg                       ,60.4
5107,1,-1.6,Trochtelfingen-Wilsingen,Baden-Württemberg                       ,60.0
5109,1,0.1,Trollenhagen,Mecklenburg-Vorpommern                  ,44.3
5111,1,-1.1,Trostberg,Bayern                                  ,63.2
5120,1,0.6,Tübingen,Baden-Württemberg                       ,
5127,1,-1.2,Tuttlingen,Baden-Württemberg                       ,58.1
5128,1,-1.0,Tuttlingen-Möhringen-Vorstadt,Baden-Württemberg                       ,57.2
5133,1,0.4,Twistetal-Mühlhausen,Hessen                                  ,61.0
5138,1,0.1,Überlingen/Bodensee,Baden-Württemberg                       ,49.9
5142,1,0.2,Ueckermünde,Mecklenburg-Vorpommern                  ,39.5
5146,1,1.0,Uelzen,Niedersachsen                           ,60.0
5149,1,0.1,Gollhofen,Bayern                                  ,46.0
5155,1,-1.1,Ulm,Baden-Württemberg                       ,46.1
5158,1,0.7,Ummendorf,Sachsen-Anhalt                          ,41.0
5165,1,0.6,Unterlüß,Niedersachsen                           ,82.5
5185,1,-0.1,Uttenreuth,Bayern                                  ,60.9
5229,1,-1.5,Villingen-Schwenningen,Baden-Württemberg                       ,76.2
5236,1,1.8,Visbek,Niedersachsen                           ,81.9
5244,1,2.1,Völklingen-Stadt,Saarland                                ,63.5
5250,1,2.1,Vogtsburg-Oberrotweil,Baden-Württemberg                       ,
5252,1,1.4,Voldagsen,Niedersachsen                           ,75.3
5267,1,1.1,Wackersleben,Sachsen-Anhalt                          ,47.8
5275,1,1.9,Waghäusel-Kirrlach,Baden-Württemberg                       ,49.8
5277,1,-0.1,Wahlen,Hessen                                  ,
5279,1,0.8,Wesertal-Lippoldsberg,Hessen                                  ,76.5
5280,1,1.1,Wittenborn,Schleswig-Holstein                      ,86.5
5282,1,0.3,Wahnsdorf bei Dresden,Sachsen                                 ,45.6
5284,1,1.4,Waiblingen,Baden-Württemberg                       ,49.3
5291,1,-1.7,Waldau-Jostal,Baden-Württemberg                       ,138.3
5296,1,-0.1,Waldeck,Hessen                                  ,56.4
5300,1,0.3,Waldems-Reinborn,Hessen                                  ,53.7
5306,1,-2.6,Waldhäuser (National Park),Bayern                                  ,137.3
5317,1,-1.8,Waldsassen,Bayern                                  ,56.7
5320,1,0.5,Waldshut,Baden-Württemberg                       ,117.2
5335,1,-0.3,Waltershausen,Thüringen                               ,65.0
5344,1,2.3,Wangerooge,Niedersachsen                           ,63.9
5347,1,0.6,Warburg,Nordrhein-Westfalen                     ,60.0
5349,1,0.1,Waren (Müritz),Mecklenburg-Vorpommern                  ,49.0
5361,1,0.5,Wartenberg-Angersbach,Hessen                                  ,66.3
5369,1,-1.1,Wasserburg,Bayern                                  ,61.0
5371,1,-2.5,Wasserkuppe,Hessen                                  ,92.9
5377,1,-5.2,Watzmannhaus,Bayern                                  ,174.9
5397,1,-1.3,Weiden,Bayern                                  ,51.6
5398,1,-0.7,"Weidenbach, Kr.Ansbach",Bayern                                  ,48.8
5403,1,0.1,Weigenheim-Reusch,Bayern                                  ,42.3
5404,1,-1.5,Weihenstephan-Dürnast,Bayern                                  ,44.1
5410,1,0.9,Weilburg (Kläranlage),Hessen                                  ,70.4
5419,1,0.2,Weimar,Thüringen                               ,32.0
5424,1,-0.1,Weimar-Schöndorf,Thüringen                               ,32.8
5426,1,-0.2,Weinbiet,Rheinland-Pfalz                         ,46.2
5429,1,1.5,Weinsberg,Baden-Württemberg                       ,55.2
5431,1,0.7,Weisen bei Wittenberge,Sachsen-Anhalt                          ,52.3
5433,1,0.9,Weiskirchen/Saar,Saarland                                ,133.3
5434,1,-0.6,Weismain,Bayern                                  ,78.0
5435,1,0.5,Weissach,Baden-Württemberg                       ,46.2
5440,1,-0.7,Weißenburg-Emetzheim,Bayern                                  ,44.5
5442,1,1.2,Weißenfels,Sachsen-Anhalt                          ,26.6
5445,1,0.1,Weißensee-Ottenhausen,Thüringen                               ,32.8
5453,1,1.9,Weisweil-Waldeckhof,Baden-Württemberg                       ,38.0
5460,1,-0.8,Wellendingen,Baden-Württemberg                       ,62.4
5463,1,0.0,Wellmitz,Brandenburg                             ,45.2
5467,1,-3.9,Wendelstein,Bayern                                  ,126.2
5480,1,2.3,Werl,Nordrhein-Westfalen                     ,68.0
5488,1,0.2,"Mühlhausen, Kr. Schweinfurt",Bayern                                  ,50.4
5490,1,0.8,Wernigerode,Sachsen-Anhalt                          ,50.0
5498,1,1.2,Wertheim-Eichel,Baden-Württemberg                       ,59.5
5514,1,2.0,Westerland,Schleswig-Holstein                      ,61.7
5516,1,1.5,Fehmarn,Schleswig-Holstein                      ,44.0
5538,1,-0.6,Wielenbach (Demollstr.),Bayern                                  ,50.0
5540,1,2.0,Wiesbaden (Süd),Hessen                                  ,50.4
5541,1,0.7,Wiesbaden-Auringen,Hessen                                  ,65.0
5543,1,1.0,Wiesbaden-Dotzheim,Hessen                                  ,66.0
5546,1,0.2,Wiesenburg,Brandenburg                             ,51.0
5559,1,0.1,"Wildbad, Bad-Calmbach",Baden-Württemberg                       ,93.0
5562,1,-0.2,Neubulach-Oberhaugstett,Baden-Württemberg                       ,81.6
5568,1,0.0,"Wildungen, Bad",Hessen                                  ,60.7
5575,1,2.3,Wilhelmshaven,Niedersachsen                           ,78.1
5582,1,-0.6,Willingen/Upland,Hessen                                  ,129.0
5609,1,1.0,"Winterbach, Rems-Murr-Kreis",Baden-Württemberg                       ,51.1
5610,1,-1.1,Winterberg,Nordrhein-Westfalen                     ,156.4
5624,1,1.1,Wismar,Mecklenburg-Vorpommern                  ,53.6
5629,1,0.4,Wittenberg,Sachsen-Anhalt                          ,47.0
5640,1,2.2,Wittmundhafen,Niedersachsen                           ,
5642,1,0.2,Wittstock,Brandenburg                             ,
5643,1,0.2,Wittstock-Rote Mühle,Brandenburg                             ,49.8
5644,1,1.1,Witzenhausen,Hessen                                  ,58.1
5654,1,-0.8,Wörnitz-Bottenweiler,Bayern                                  ,71.3
5663,1,-0.2,Woldegk,Mecklenburg-Vorpommern                  ,41.4
5664,1,1.1,Wolfach,Baden-Württemberg                       ,111.0
5675,1,1.2,Wolfsburg,Niedersachsen                           ,50.8
5676,1,1.2,Wolfsburg (Südwest),Niedersachsen                           ,60.9
5681,1,1.4,Wolfstein/Pfalz,Rheinland-Pfalz                         ,65.0
5688,1,-1.7,Dachsberg-Wolpadingen,Baden-Württemberg                       ,179.8
5692,1,1.7,Worms,Rheinland-Pfalz                         ,32.9
5703,1,0.8,Würzburg/Main,Bayern                                  ,54.8
5705,1,0.5,Würzburg,Bayern                                  ,42.8
5707,1,0.9,Würzburg (Physikalisches-Institut),Bayern                                  ,49.8
5715,1,1.7,Wunstorf,Niedersachsen                           ,51.5
5717,1,2.6,Wuppertal-Buchenhofen,Nordrhein-Westfalen                     ,112.4
5719,1,1.9,Remscheid,Nordrhein-Westfalen                     ,133.0
5728,1,0.4,Wustrau-Ziethenhorst,Brandenburg                             ,47.0
5731,1,-0.2,Wutöschingen-Ofteringen,Baden-Württemberg                       ,98.5
5732,1,2.0,Wrixum/Föhr,Schleswig-Holstein                      ,65.5
5745,1,-0.1,Zehdenick,Brandenburg                             ,43.4
5750,1,0.6,Zeitz,Sachsen-Anhalt                          ,34.9
5761,1,0.9,Zerbst,Sachsen-Anhalt                          ,42.0
5778,1,0.5,Zinnowitz,Mecklenburg-Vorpommern                  ,50.9
5779,1,-3.8,Zinnwald-Georgenfeld,Sachsen                                 ,77.6
5792,1,-10.6,Zugspitze,Bayern                                  ,172.4
5797,1,-0.2,Lichtentanne,Sachsen                                 ,45.0
5800,1,-2.5,Zwiesel,Bayern                                  ,116.0
5802,1,-2.7,Zwieselberg,Bayern                                  ,97.0
5821,1,1.7,Bassum (A),Niedersachsen                           ,66.1
5822,1,1.7,Bassum,Niedersachsen                           ,69.0
5825,1,0.4,Berge,Brandenburg                             ,38.3
5832,1,1.0,Dannenberg,Niedersachsen                           ,56.1
5839,1,2.3,Emden,Niedersachsen                           ,69.0
5856,1,-1.9,Fürstenzell,Bayern                                  ,76.0
5871,1,-0.1,Hahn,Rheinland-Pfalz                         ,79.0
5885,1,1.0,Kirchheim/Teck-Ötlingen,Baden-Württemberg                       ,46.2
5890,1,-1.6,"Kohlgrub, Bad (A)",Bayern                                  ,79.6
5898,1,1.3,Ludwigsburg,Baden-Württemberg                       ,
5904,1,-1.0,Mainburg,Bayern                                  ,53.2
5906,1,1.8,Mannheim,Baden-Württemberg                       ,40.9
5912,1,0.7,Malsfeld,Hessen                                  ,48.3
5920,1,2.2,Neuwied,Rheinland-Pfalz                         ,47.4
5930,1,1.6,Schönhagen (Ostseebad),Schleswig-Holstein                      ,67.0
5941,1,-3.6,Reit im Winkl,Bayern                                  ,108.3
5971,1,-0.2,Welzheim (A),Baden-Württemberg                       ,86.7
6086,1,0.2,Melchow-Schönholz,Brandenburg                             ,46.9
6093,1,1.1,Wendisch Evern,Niedersachsen                           ,66.0
6095,1,-0.2,Taubenheim-Seeligstadt,Sachsen                                 ,53.1
6105,1,1.3,Ostenfeld (Rendsburg),Schleswig-Holstein                      ,75.0
6109,1,-0.1,Grambow-Schwennenz,Mecklenburg-Vorpommern                  ,38.0
6110,1,0.3,Medow-Wussentin,Mecklenburg-Vorpommern                  ,45.0
6129,1,-0.9,Sohland/Spree,Sachsen                                 ,63.0
6157,1,2.3,Wangerland-Hooksiel,Niedersachsen                           ,75.0
6158,1,-0.8,Weidenbach-Weiherschneidbach,Bayern                                  ,53.0
6159,1,2.2,Dörpen,Niedersachsen                           ,72.7
6163,1,1.3,Dörnick,Schleswig-Holstein                      ,61.0
6170,1,0.1,Coschen,Brandenburg                             ,45.0
6182,1,-1.1,Mallersdorf-Pfaffenberg,Bayern                                  ,50.0
6184,1,2.2,Wilhelmshaven (Flugplatz),Niedersachsen                           ,
6186,1,1.0,Nastätten,Rheinland-Pfalz                         ,56.0
6196,1,-2.0,Selb-Spielberg,Bayern                                  ,72.8
6197,1,0.6,Lügde-Paenbruch,Nordrhein-Westfalen                     ,90.0
6199,1,0.5,Steinhagen-Negast,Mecklenburg-Vorpommern                  ,53.0
6217,1,2.2,Saarbrücken-Burbach,Saarland                                ,71.0
6219,1,-0.7,Dollnstein-Breitenfurt,Bayern                                  ,51.8
6258,1,0.0,Friedrichshafen-Unterraderach,Baden-Württemberg                       ,54.0
6259,1,-0.4,Großerlach-Mannenweiler,Baden-Württemberg                       ,91.0
6260,1,0.1,Ingelfingen-Stachenhausen,Baden-Württemberg                       ,77.0
6262,1,0.4,Schwäbisch Gmünd-Weiler,Baden-Württemberg                       ,73.0
6263,1,0.1,Singen,Baden-Württemberg                       ,53.0
6264,1,0.2,Brilon-Thülen,Nordrhein-Westfalen                     ,100.0
6265,1,0.7,Wusterwitz,Brandenburg                             ,41.0
6266,1,1.0,Huy-Pabstorf,Sachsen-Anhalt                          ,43.0
6272,1,-0.1,"Salzungen, Bad-Gräfen-Nitzendorf",Thüringen                               ,54.0
6273,1,0.8,Demker,Sachsen-Anhalt                          ,41.0
6275,1,0.7,Notzingen,Baden-Württemberg                       ,53.0
6304,1,-1.7,Pilsach-Litzlohe,Bayern                                  ,83.0
6305,1,0.4,Mühlhausen/Thüringen-Görmar,Thüringen                               ,42.0
6310,1,0.5,Karlshagen,Mecklenburg-Vorpommern                  ,49.0
6312,1,-0.3,Markt Erlbach-Mosbach,Bayern                                  ,52.0
6314,1,-0.2,Nossen,Sachsen                                 ,55.0
6336,1,0.2,Lohr/Main-Halsbach,Bayern                                  ,82.0
6337,1,2.6,Lüdinghausen-Brochtrup,Nordrhein-Westfalen                     ,78.0
6344,1,1.2,Runkel-Ennerich,Hessen                                  ,54.0
6346,1,-0.8,Maisach-Galgen,Bayern                                  ,56.0
6347,1,0.0,Schonungen-Mainberg,Bayern                                  ,57.0
7075,1,-1.0,Elsendorf-Horneck,Bayern                                  ,49.0
7099,1,0.9,Liebenburg-Othfresen,Niedersachsen                           ,67.0
7105,1,-1.1,Siegsdorf-Höll,Bayern                                  ,101.0
7106,1,1.9,Bielefeld-Deppendorf,Nordrhein-Westfalen                     ,88.0
7135,1,-0.9,Aulendorf-Haslach,Baden-Württemberg                       ,44.0
7187,1,0.8,Freudenberg/Main-Boxtal,Baden-Württemberg                       ,61.0
7244,1,0.0,Neuglobsow (HM),Brandenburg                             ,49.3
7298,1,1.4,Hattstedt,Schleswig-Holstein                      ,69.0
7319,1,-0.7,Donauwörth-Osterweiler,Bayern                                  ,46.0
7321,1,0.4,Olbersleben,Thüringen                               ,34.0
7325,1,-9.9,,,167.0
7329,1,-1.0,Treuen,Sachsen                                 ,51.0
7330,1,1.7,Arnsberg-Neheim,Nordrhein-Westfalen                     ,81.0
7331,1,-0.7,Hermaringen-Allewind,Baden-Württemberg                       ,53.0
7341,1,1.8,Offenbach-Wetterpark,Hessen                                  ,55.0
7343,1,-2.4,Deutschneudorf-Brüderwiese,Sachsen                                 ,81.0
7350,1,-2.3,Prackenbach-Neuhäusl,Bayern                                  ,67.0
7351,1,-0.2,Feldberg/Mecklenburg,Mecklenburg-Vorpommern                  ,52.0
7364,1,1.1,Jeßnitz,Sachsen-Anhalt                          ,39.0
7367,1,1.1,Alfeld,Niedersachsen                           ,83.0
7368,1,-0.2,Eisenach,Thüringen                               ,60.0
7369,1,-0.7,Feuchtwangen-Heilbronn,Bayern                                  ,59.0
7370,1,-1.9,Waldmünchen,Bayern                                  ,73.0
7373,1,2.7,Borkum-Flugplatz,Niedersachsen                           ,67.0
7374,1,2.5,Ahaus,Nordrhein-Westfalen                     ,78.0
7389,1,0.1,Heckelberg,Brandenburg                             ,48.0
7393,1,0.2,Hoyerswerda,Sachsen                                 ,47.0
7394,1,-2.1,Wunsiedel-Schönbrunn,Bayern                                  ,83.0
7395,1,-1.3,Gottfrieding,Bayern                                  ,51.0
7396,1,-2.0,Hoherodskopf/Vogelsberg,Hessen                                  ,134.0
7403,1,-1.4,Leutkirch-Herlazhofen,Baden-Württemberg                       ,87.0
7410,1,-0.2,Neu-Ulrichstein,Hessen                                  ,77.0
7412,1,0.0,Neuhütten/Spessart,Bayern                                  ,96.0
7419,1,-0.7,Langenwetzendorf-Göttendorf,Thüringen                               ,43.0
7420,1,0.2,Naumburg/Saale-Kreipitzsch,Sachsen-Anhalt                          ,41.0
7424,1,-0.6,Piding,Bayern                                  ,93.0
7427,1,1.3,Padenstedt (Pony-Park),Schleswig-Holstein                      ,78.0
7428,1,-0.8,Veilsdorf,Thüringen                               ,74.0
7431,1,-0.9,Oberhaching-Laufzorn,Bayern                                  ,62.0
7432,1,1.1,Wittingen-Vorhop,Niedersachsen                           ,61.0
13670,1,3.3,Duisburg-Baerl,Nordrhein-Westfalen                     ,72.0
13674,1,1.1,Waibstadt,Baden-Württemberg                       ,70.0
13675,1,1.7,Hameln-Hastenbeck,Niedersachsen                           ,71.0
13696,1,2.8,Waltrop-Abdinghof,Nordrhein-Westfalen                     ,78.0
13700,1,2.0,Gevelsberg-Oberbröking,Nordrhein-Westfalen                     ,104.0
13710,1,-1.3,Landshut-Reithof,Bayern                                  ,56.0
13711,1,-0.2,Krölpa-Rockendorf,Thüringen                               ,27.0
13713,1,0.5,Meinerzhagen-Redlendorf,Nordrhein-Westfalen                     ,154.0
13776,1,1.7,Hildesheim-Drispenstedt,Niedersachsen                           ,57.5
13777,1,1.1,Helmstedt-Emmerstedt,Niedersachsen                           ,49.0
13965,1,-0.5,Balingen-Bronnhaupten,Baden-Württemberg                       ,57.0
14138,1,0.1,,,42.0
14311,1,-0.2,Hersdorf-Weißenseifen,Rheinland-Pfalz                         ,104.3
15000,1,2.5,Aachen-Orsbach,Nordrhein-Westfalen                     ,78.0
15207,1,0.2,Schauenburg-Elgershausen,Hessen                                  ,60.0
15444,1,-0.9,Ulm-Mähringen,Baden-Württemberg                       ,57.0
15555,1,-1.5,Kaufbeuren-Oberbeuren,Bayern                                  ,75.9
15926,1,-1.2,Fronberg (Schwandorf),Bayern                                  ,49.3
15951,1,0.9,Pirmasens (Kläranlage),Rheinland-Pfalz                         ,79.3
15963,1,3.0,St. Tönis,Nordrhein-Westfalen                     ,69.3
15965,1,-0.1,"Brückenau, Bad (Elisabethenhof)",Bayern                                  ,86.9
15979,1,0.5,Sargenroth,Rheinland-Pfalz                         ,61.4
16085,1,2.0,Leherheide,Bremen                                  ,65.5
19087,1,-2.4,Freyung vorm Wald,Bayern                                  ,103.3
19171,1,1.4,Hasenkrug-Hardebek,Schleswig-Holstein                      ,80.8
19172,1,1.4,Wacken,Schleswig-Holstein                      ,79.0
19580,1,0.4,"Urach, Bad/Erms",Baden-Württemberg                       ,63.1
19607,1,-2.0,Cämmerswalde-Rauschenbach,Sachsen                                 ,
19617,1,-0.3,Burghaslach,Bayern                                  ,58.8
19647,1,1.3,Eberbach/Neckar,Baden-Württemberg                       ,
19781,1,-0.9,Ingolstadt,Bayern                                  ,47.6
1,2,0.7,Aach,Baden-Württemberg                       ,45.6
3,2,3.2,Aachen,Nordrhein-Westfalen                     ,63.6
44,2,1.9,Großenkneten,Niedersachsen                           ,52.3
52,2,1.5,Ahrensburg-Wulfsdorf,Schleswig-Holstein                      ,55.1
61,2,-0.3,Aiterhofen,Bayern                                  ,47.8
70,2,-0.4,Albstadt-Ebingen,Baden-Württemberg                       ,57.2
71,2,-0.5,Albstadt-Badkap,Baden-Württemberg                       ,64.0
72,2,-0.7,Albstadt-Onstmettingen,Baden-Württemberg                       ,69.1
73,2,-0.3,Aldersbach-Kriestorf,Bayern                                  ,49.9
78,2,2.0,Alfhausen,Niedersachsen                           ,62.8
91,2,0.6,Alsfeld-Eifa,Hessen                                  ,42.0
93,2,0.7,Alsfeld-Reibertenrod,Hessen                                  ,42.7
96,2,1.0,Neuruppin-Alt Ruppin,Brandenburg                             ,43.0
98,2,-0.9,Altastenberg,Nordrhein-Westfalen                     ,96.7
116,2,0.9,Altenburg,Thüringen                               ,36.4
125,2,-0.5,Altenstadt,Bayern                                  ,
129,2,0.7,Altentreptow,Mecklenburg-Vorpommern                  ,34.6
131,2,0.5,Geringswalde-Altgeringswalde,Sachsen                                 ,48.8
132,2,-1.9,Altglashütte,Bayern                                  ,59.5
142,2,-0.2,Altomünster-Maisbrunn,Bayern                                  ,46.7
150,2,2.1,Alzey,Rheinland-Pfalz                         ,35.8
151,2,-0.3,Amberg-Unterammersricht,Bayern                                  ,50.3
154,2,-0.2,Amerang-Pfaffing,Bayern                                  ,60.0
161,2,2.9,Andernach,Rheinland-Pfalz                         ,38.8
164,2,0.7,Angermünde,Brandenburg                             ,30.2
167,2,0.7,Anklam,Mecklenburg-Vorpommern                  ,34.0
169,2,-0.8,Annaberg-Buchholz,Sachsen                                 ,59.0
172,2,0.4,Annaturm,Niedersachsen                           ,64.9
174,2,1.9,Annweiler-Bindersbach,Rheinland-Pfalz                         ,74.5
175,2,0.1,Ansbach,Bayern                                  ,51.3
177,2,0.1,Ansbach-Hennenbach,Bayern                                  ,46.7
183,2,1.1,Arkona,Mecklenburg-Vorpommern                  ,26.8
184,2,1.2,Arneburg,Sachsen-Anhalt                          ,34.8
185,2,1.6,Arnis,Schleswig-Holstein                      ,47.5
186,2,1.5,Arnsberg,Nordrhein-Westfalen                     ,86.3
191,2,0.9,Arnstein-Müdesheim,Bayern                                  ,47.0
193,2,0.8,Arolsen-Neu Berich,Hessen                                  ,52.0
198,2,0.8,Artern,Thüringen                               ,23.3
202,2,2.2,Aschaffenburg,Bayern                                  ,48.4
207,2,1.3,Aschersleben,Sachsen-Anhalt                          ,25.2
211,2,1.3,Aßlar Klein-Altenstädten,Hessen                                  ,59.3
217,2,0.0,Attenkam,Bayern                                  ,56.9
221,2,0.0,Au i.d.Hallertau-Günzenhausen,Bayern                                  ,47.4
222,2,0.4,Aue,Sachsen                                 ,55.0
231,2,0.1,Augsburg (Sankt Stephan),Bayern                                  ,45.0
232,2,0.1,Augsburg,Bayern                                  ,36.6
243,2,2.0,Aurich,Niedersachsen                           ,52.8
257,2,2.7,Baden-Baden-Geroldsau,Baden-Württemberg                       ,96.8
259,2,2.4,Müllheim,Baden-Württemberg                       ,54.3
268,2,0.4,Baiersbronn-Obertal,Baden-Württemberg                       ,149.0
273,2,0.5,Baindt,Baden-Württemberg                       ,50.9
282,2,0.7,Bamberg,Bayern                                  ,39.0
283,2,0.4,Bamberg-Altenburg,Bayern                                  ,45.7
284,2,0.3,Bamberg (Sternwarte),Bayern                                  ,45.8
288,2,0.8,Bargischow-Gnevezin,Mecklenburg-Vorpommern                  ,31.0
294,2,2.0,Barsinghausen-Hohenbostel,Niedersachsen                           ,52.0
298,2,1.1,Barth,Mecklenburg-Vorpommern                  ,37.8
303,2,1.2,Baruth,Brandenburg                             ,33.6
314,2,1.0,"Kubschütz, Kr. Bautzen",Sachsen                                 ,39.5
320,2,0.2,Heinersreuth-Vollhof,Bayern                                  ,50.0
326,2,2.3,Beckum-Unterberg,Nordrhein-Westfalen                     ,55.0
327,2,1.8,Bederkesa,Niedersachsen                           ,57.9
330,2,0.8,Oberzent-Beerfelden,Hessen                                  ,92.8
335,2,1.9,Behrensdorf,Schleswig-Holstein                      ,45.6
342,2,2.1,Belm,Niedersachsen                           ,64.0
348,2,2.9,Bendorf,Rheinland-Pfalz                         ,40.8
355,2,2.8,Bensheim,Hessen                                  ,57.0
361,2,-0.2,Berchtesgaden (KKst),Bayern                                  ,83.2
365,2,-0.2,Berg/Oberpfalz,Bayern                                  ,61.2
368,2,1.5,Bergen,Niedersachsen                           ,
377,2,2.6,"Bergzabern, Bad",Rheinland-Pfalz                         ,66.5
379,2,0.4,"Berka, Bad (Flugplatz)",Thüringen                               ,41.3
386,2,0.1,"Berleburg, Bad",Nordrhein-Westfalen                     ,85.8
390,2,-0.8,"Berleburg, Bad-Stünzel",Nordrhein-Westfalen                     ,95.0
395,2,1.2,Berlin-Adlershof,Berlin                                  ,
399,2,1.9,Berlin-Alexanderplatz,Berlin                                  ,40.0
400,2,1.4,Berlin-Buch,Berlin                                  ,39.9
402,2,1.4,Berlin-Dahlem (LFAG),Berlin                                  ,40.5
403,2,1.3,Berlin-Dahlem (FU),Berlin                                  ,39.3
405,2,1.2,Berlin-Friedrichshagen,Berlin                                  ,
407,2,1.3,Berlin-Frohnau,Berlin                                  ,40.5
408,2,1.7,Berlin-Invalidenstraße,Berlin                                  ,
410,2,1.1,Berlin-Kaniswall,Berlin                                  ,38.0
416,2,1.3,Berlin-Lichtenrade,Berlin                                  ,39.1
417,2,1.4,Berlin-Lichterfelde (Süd),Berlin                                  ,40.3
420,2,1.4,Berlin-Marzahn,Berlin                                  ,41.0
422,2,1.7,Berlin-Mitte,Berlin                                  ,39.3
424,2,1.7,Berlin-Ostkreuz,Berlin                                  ,
425,2,1.2,Berlin-Rudow,Berlin                                  ,39.3
427,2,1.0,Berlin Brandenburg,Brandenburg                             ,30.7
429,2,1.4,Berlin-Spandau,Berlin                                  ,41.2
430,2,1.6,Berlin-Tegel,Berlin                                  ,34.3
432,2,1.4,Berlin-Tegeler Fliesstal,Berlin                                  ,42.3
433,2,1.6,Berlin-Tempelhof,Berlin                                  ,37.7
434,2,1.5,Berlin-Treptow,Berlin                                  ,40.0
435,2,1.3,Berlin-Zehlendorf,Berlin                                  ,40.9
445,2,1.3,Bernburg/Saale (Nord),Sachsen-Anhalt                          ,25.4
450,2,3.1,Bernkastel-Kues,Rheinland-Pfalz                         ,45.8
460,2,1.9,Berus,Saarland                                ,67.0
474,2,-0.2,Warthausen-Birkenhard,Baden-Württemberg                       ,46.0
480,2,0.4,Biedenkopf-Wallau,Hessen                                  ,65.4
502,2,-0.2,Bischbrunn,Bayern                                  ,88.1
524,2,1.9,Bitterfeld,Sachsen-Anhalt                          ,31.3
526,2,0.8,"Blankenburg, Bad",Thüringen                               ,34.5
535,2,0.9,Blankenrath,Rheinland-Pfalz                         ,65.6
550,2,0.3,Bobeck,Thüringen                               ,44.0
553,2,3.1,Bocholt (Marienschule),Nordrhein-Westfalen                     ,53.9
555,2,3.0,Bochum,Nordrhein-Westfalen                     ,62.0
576,2,0.9,Böblingen,Baden-Württemberg                       ,46.7
578,2,-0.2,Böhming,Bayern                                  ,55.8
588,2,1.7,Boffzen,Niedersachsen                           ,56.8
591,2,1.5,Boizenburg,Mecklenburg-Vorpommern                  ,42.1
592,2,1.6,Bokel,Schleswig-Holstein                      ,59.2
596,2,1.5,Boltenhagen,Mecklenburg-Vorpommern                  ,34.0
598,2,3.2,Bonn,Nordrhein-Westfalen                     ,42.1
599,2,3.3,Bonn-Friesdorf,Nordrhein-Westfalen                     ,44.3
601,2,2.7,,,
603,2,2.5,Königswinter-Heiderhof,Nordrhein-Westfalen                     ,54.0
606,2,0.1,Boos,Bayern                                  ,44.5
614,2,1.0,Borgentreich-Bühne,Nordrhein-Westfalen                     ,47.9
617,2,3.0,Borken in Westfalen,Nordrhein-Westfalen                     ,60.1
619,2,2.7,Borkum-Süderstraße,Niedersachsen                           ,51.9
642,2,2.3,Brake,Niedersachsen                           ,47.8
643,2,2.3,Brake-Süderfeld,Niedersachsen                           ,47.2
645,2,2.2,Bramsche,Niedersachsen                           ,58.6
648,2,1.5,Brande-Hörnerkirchen,Schleswig-Holstein                      ,62.1
650,2,1.3,Brandenburg-Görden,Brandenburg                             ,38.9
652,2,0.3,Hagenbüchach,Bayern                                  ,47.4
656,2,-1.8,Braunlage,Niedersachsen                           ,105.0
660,2,1.7,Braunschweig-Gliesmarode,Niedersachsen                           ,39.6
661,2,1.7,Braunschweig (T.H.),Niedersachsen                           ,39.0
662,2,1.7,Braunschweig,Niedersachsen                           ,37.1
685,2,-0.6,Breitsol,Bayern                                  ,90.6
691,2,2.1,Bremen,Bremen                                  ,41.1
699,2,2.1,Bremen-Seefahrtschule,Bremen                                  ,48.9
701,2,2.3,Bremerhaven,Bremen                                  ,42.1
702,2,2.3,Bremerhaven-Speckenbüttel,Bremen                                  ,48.5
703,2,1.9,Bremervörde (A),Niedersachsen                           ,53.8
704,2,1.8,Bremervörde,Niedersachsen                           ,53.0
705,2,2.0,Bremervörde-Niederochtenhausen,Niedersachsen                           ,49.4
706,2,2.7,Eschbach,Baden-Württemberg                       ,36.0
710,2,2.0,Bretten,Baden-Württemberg                       ,62.7
717,2,0.4,Brilon,Nordrhein-Westfalen                     ,89.8
722,2,-3.7,Brocken,Sachsen-Anhalt                          ,147.3
727,2,1.4,Brombachtal-Kirch-Brombach,Hessen                                  ,71.0
729,2,-1.0,Brotterode,Thüringen                               ,87.5
736,2,0.9,Brücken,Rheinland-Pfalz                         ,94.6
755,2,0.5,"Buchen, Kr. Neckar-Odenwald",Baden-Württemberg                       ,68.0
757,2,1.6,Buchenbach,Baden-Württemberg                       ,80.0
760,2,1.2,Rosengarten-Klecken,Niedersachsen                           ,61.6
766,2,0.6,Büchel (Flugplatz),Rheinland-Pfalz                         ,
769,2,2.4,Bückeburg,Niedersachsen                           ,45.9
771,2,1.8,Büdingen,Hessen                                  ,52.8
772,2,3.0,Bühlertal,Baden-Württemberg                       ,92.5
773,2,1.4,Bühlertal-Obertal,Baden-Württemberg                       ,108.9
793,2,0.4,Buhlenberg,Rheinland-Pfalz                         ,99.1
817,2,0.3,Burgwald-Bottendorf,Hessen                                  ,49.1
840,2,-2.7,Carlsfeld,Sachsen                                 ,85.0
848,2,1.8,Celle (Stadt),Niedersachsen                           ,50.8
850,2,1.7,Celle,Niedersachsen                           ,48.0
851,2,-0.3,Pemfling-Pitzling,Bayern                                  ,50.0
853,2,0.2,Chemnitz,Sachsen                                 ,38.8
856,2,0.1,Chieming,Bayern                                  ,73.0
863,2,-1.1,Clausthal-Zellerfeld,Niedersachsen                           ,106.1
865,2,2.1,Cloppenburg,Niedersachsen                           ,55.1
867,2,0.2,Lautertal-Oberlauter,Bayern                                  ,50.1
876,2,0.6,Collmberg,Sachsen                                 ,44.4
879,2,1.2,Cottbus (Flugplatz),Brandenburg                             ,
880,2,1.1,Cottbus,Brandenburg                             ,34.1
881,2,0.4,Crailsheim-Alexandersreut,Baden-Württemberg                       ,62.6
888,2,0.6,Crimmitschau,Sachsen                                 ,40.9
891,2,2.4,Cuxhaven,Niedersachsen                           ,47.1
896,2,1.0,Dachwig,Thüringen                               ,29.7
917,2,2.1,Darmstadt,Hessen                                  ,53.0
918,2,2.4,Darmstadt (A),Hessen                                  ,47.8
919,2,2.2,Darmstadt-Botanischer Garten,Hessen                                  ,49.2
931,2,-0.1,Deggenhausertal-Azenweiler,Baden-Württemberg                       ,62.0
948,2,1.5,Dessau,Sachsen-Anhalt                          ,33.8
953,2,1.1,Deuselbach,Rheinland-Pfalz                         ,63.0
963,2,2.1,Diepholz,Niedersachsen                           ,47.1
964,2,0.8,Dierfeld,Rheinland-Pfalz                         ,70.7
965,2,1.4,Diesbar-Seußlitz,Sachsen                                 ,35.6
970,2,0.0,Dietenhofen,Bayern                                  ,49.0
979,2,0.8,Dillenburg,Hessen                                  ,64.9
982,2,0.3,Dillingen/Donau,Bayern                                  ,41.9
983,2,0.5,Dillingen/Donau-Fristingen,Bayern                                  ,36.0
991,2,0.0,Dippoldiswalde-Reinberg,Sachsen                                 ,52.3
998,2,0.2,Dobel,Baden-Württemberg                       ,122.5
1000,2,1.4,"Doberan, Bad-Heiligendamm",Mecklenburg-Vorpommern                  ,38.4
1001,2,0.7,Doberlug-Kirchhain,Brandenburg                             ,36.1
1003,2,0.8,Döbeln,Sachsen                                 ,44.1
1006,2,1.4,Dömitz,Mecklenburg-Vorpommern                  ,37.4
1018,2,-0.6,Donaueschingen,Baden-Württemberg                       ,56.5
1032,2,2.8,Dortmund,Nordrhein-Westfalen                     ,66.6
1047,2,1.4,Dresden (Mitte),Sachsen                                 ,35.6
1048,2,0.8,Dresden-Klotzsche,Sachsen                                 ,35.5
1050,2,1.4,Dresden-Hosterwitz,Sachsen                                 ,34.3
1051,2,1.5,Dresden-Strehlen,Sachsen                                 ,35.0
1052,2,1.1,Möckern-Drewitz,Sachsen-Anhalt                          ,38.0
1066,2,1.0,Duderstadt,Niedersachsen                           ,41.6
1072,2,2.5,"Dürkheim, Bad",Rheinland-Pfalz                         ,42.5
1073,2,2.6,"Dürkheim, Bad (Saline)",Rheinland-Pfalz                         ,42.2
1074,2,1.5,"Dürrenberg, Bad",Sachsen-Anhalt                          ,30.0
1078,2,3.4,Düsseldorf,Nordrhein-Westfalen                     ,53.2
1079,2,3.5,Düsseldorf-Südfriedhof,Nordrhein-Westfalen                     ,55.1
1084,2,3.7,Duisburg-Friemersheim,Nordrhein-Westfalen                     ,55.0
1087,2,3.9,Duisburg-Laar,Nordrhein-Westfalen                     ,53.9
1102,2,1.7,Ebersbach/Fils,Baden-Württemberg                       ,49.5
1103,2,-0.1,Ebersberg-Halbing,Bayern                                  ,54.8
1106,2,1.1,Eberswalde,Brandenburg                             ,39.2
1107,2,-0.1,Ebrach,Bayern                                  ,55.3
1130,2,1.5,Eggebek,Schleswig-Holstein                      ,51.0
1146,2,0.8,Ehningen,Baden-Württemberg                       ,52.6
1154,2,-0.3,Eiberg,Bayern                                  ,61.4
1161,2,0.1,Eichstätt-Landershofen,Bayern                                  ,45.0
1169,2,2.6,Eimeldingen,Baden-Württemberg                       ,46.4
1172,2,1.4,Einbeck,Niedersachsen                           ,41.6
1182,2,1.1,Eisleben-Helfta,Sachsen-Anhalt                          ,33.3
1188,2,-0.9,Elgersburg,Thüringen                               ,68.5
1197,2,0.1,Ellwangen-Rindelbach,Baden-Württemberg                       ,61.6
1200,2,1.7,Elpersbüttel,Schleswig-Holstein                      ,48.0
1201,2,3.2,Elsdorf/Erftkreis,Nordrhein-Westfalen                     ,48.7
1204,2,2.2,Elsfleth,Niedersachsen                           ,46.2
1207,2,-1.4,"Elster, Bad-Sohl",Sachsen                                 ,53.1
1214,2,1.2,Elzach-Fisnacht,Baden-Württemberg                       ,115.0
1219,2,2.4,Emden-Nesserland,Niedersachsen                           ,49.8
1221,2,2.4,Emden-Wolthusen,Niedersachsen                           ,52.6
1224,2,2.1,Emmendingen-Mundingen,Baden-Württemberg                       ,43.9
1229,2,2.3,"Ems, Bad",Rheinland-Pfalz                         ,60.1
1238,2,2.3,Engelskirchen,Nordrhein-Westfalen                     ,98.1
1239,2,0.4,Engen/Hegau,Baden-Württemberg                       ,47.0
1243,2,-0.4,Eningen,Baden-Württemberg                       ,53.9
1246,2,2.4,Ennigerloh-Ostenfelde,Nordrhein-Westfalen                     ,48.9
1254,2,2.1,Eppingen,Baden-Württemberg                       ,55.8
1255,2,2.1,Eppingen-Elsenz,Baden-Württemberg                       ,54.6
1262,2,0.1,München-Flughafen,Bayern                                  ,41.0
1266,2,1.6,Erfde,Schleswig-Holstein                      ,49.0
1270,2,0.2,Erfurt-Weimar,Thüringen                               ,25.5
1275,2,0.0,Ering,Bayern                                  ,51.8
1276,2,0.9,Eriskirch-Mariabrunn,Baden-Württemberg                       ,56.3
1279,2,0.9,Möhrendorf-Kleinseebach,Bayern                                  ,44.2
1280,2,0.9,Erlangen-Bruck,Bayern                                  ,44.9
1287,2,1.0,Eschau-Hobbach,Bayern                                  ,62.6
1292,2,-0.5,Eschenbach/Oberpfalz,Bayern                                  ,55.9
1297,2,1.3,Eschwege,Hessen                                  ,37.7
1299,2,2.4,Esens,Niedersachsen                           ,56.0
1300,2,0.4,Eslohe,Nordrhein-Westfalen                     ,90.3
1303,2,2.9,Essen-Bredeney,Nordrhein-Westfalen                     ,66.3
1327,2,2.9,Weilerswist-Lommersum,Nordrhein-Westfalen                     ,40.5
1329,2,1.3,Eutin,Schleswig-Holstein                      ,53.5
1332,2,0.0,"Falkenberg,Kr.Rottal-Inn",Bayern                                  ,46.5
1339,2,1.2,Faßberg,Niedersachsen                           ,
1345,2,0.3,Feldberg,Mecklenburg-Vorpommern                  ,39.0
1346,2,-3.0,Feldberg/Schwarzwald,Baden-Württemberg                       ,96.8
1357,2,-1.7,Fichtelberg/Oberfranken-Hüttstadl,Bayern                                  ,94.5
1358,2,-4.3,Fichtelberg,Sachsen                                 ,82.3
1374,2,-0.1,Fladungen-Heufurt,Bayern                                  ,67.4
1378,2,1.5,Flensburg,Schleswig-Holstein                      ,63.9
1379,2,1.5,Flensburg (Schäferhaus),Schleswig-Holstein                      ,49.2
1380,2,1.6,Flensburg-Mürwik,Schleswig-Holstein                      ,59.8
1392,2,-1.7,Flossenbürg,Bayern                                  ,67.0
1403,2,0.5,Frammersbach,Bayern                                  ,85.0
1410,2,1.2,"Frankenhausen, Bad/Kyffhäuser",Thüringen                               ,31.5
1411,2,-1.7,Birx/Rhön,Thüringen                               ,78.0
1420,2,2.4,Frankfurt/Main,Hessen                                  ,40.9
1421,2,2.8,Frankfurt/Main (Stadt),Hessen                                  ,46.9
1424,2,2.7,Frankfurt/Main-Westend,Hessen                                  ,48.0
1425,2,2.9,Frankfurt/Main (Feldbergstr.),Hessen                                  ,46.2
1426,2,0.8,Frankfurt/Oder,Brandenburg                             ,38.9
1428,2,1.8,Frankweiler,Rheinland-Pfalz                         ,69.0
1440,2,1.9,Freiamt-Ottoschwanden,Baden-Württemberg                       ,65.8
1441,2,0.0,Freiberg,Sachsen                                 ,58.3
1443,2,2.9,Freiburg,Baden-Württemberg                       ,49.5
1447,2,3.5,Freiburg im Breisgau-Herdern,Baden-Württemberg                       ,49.8
1451,2,1.8,Freiburg/Elbe,Niedersachsen                           ,50.7
1468,2,-0.4,Freudenstadt,Baden-Württemberg                       ,153.8
1473,2,-0.1,Freystadt-Michelbach,Bayern                                  ,53.0
1488,2,-0.6,Friedrichsbrunn,Sachsen-Anhalt                          ,52.2
1490,2,1.1,Friedrichshafen,Baden-Württemberg                       ,55.6
1492,2,-0.2,Malsburg-Marzell-Friedrichsheim,Baden-Württemberg                       ,117.0
1503,2,2.3,Friesoythe-Altenoythe,Niedersachsen                           ,49.4
1504,2,1.3,Fritzlar (Flugplatz),Hessen                                  ,36.0
1513,2,-0.8,Fuchskauten,Rheinland-Pfalz                         ,103.8
1515,2,0.0,Fürstenfeldbruck,Bayern                                  ,
1522,2,0.7,Fürth/Bayern (A),Bayern                                  ,43.1
1526,2,0.7,Fulda-Horas,Hessen                                  ,43.8
1544,2,1.1,Gardelegen,Sachsen-Anhalt                          ,34.0
1550,2,-1.1,Garmisch-Partenkirchen,Bayern                                  ,69.6
1552,2,1.0,Gartz/Oder,Brandenburg                             ,32.0
1568,2,-3.1,Gehlberg-Schmücke,Thüringen                               ,116.5
1572,2,3.2,Geilenkirchen (Flugplatz),Nordrhein-Westfalen                     ,
1580,2,2.6,Geisenheim,Hessen                                  ,35.2
1583,2,-2.3,Geisingberg,Sachsen                                 ,73.3
1584,2,-0.1,Geisingen,Baden-Württemberg                       ,46.0
1586,2,0.0,Traunstein-Geißing,Bayern                                  ,84.1
1587,2,-0.3,Gelbelsee,Bayern                                  ,52.0
1590,2,3.3,Geldern-Walbeck,Nordrhein-Westfalen                     ,53.9
1593,2,1.7,Gelnhausen,Hessen                                  ,65.1
1602,2,2.3,Ohlsbach,Baden-Württemberg                       ,66.0
1605,2,1.2,Genthin,Sachsen-Anhalt                          ,32.0
1612,2,0.4,Gera-Leumnitz,Thüringen                               ,33.2
1619,2,2.5,Gernsheim,Hessen                                  ,39.7
1621,2,-0.3,Geroda-Platz,Bayern                                  ,62.9
1638,2,1.7,Gießen (Lahntal),Hessen                                  ,47.9
1639,2,1.4,Gießen/Wettenberg,Hessen                                  ,41.8
1645,2,0.0,Gilserberg-Moischeid,Hessen                                  ,47.7
1666,2,1.5,Glücksburg-Meierwik,Schleswig-Holstein                      ,56.0
1667,2,1.6,Glückstadt,Schleswig-Holstein                      ,54.5
1684,2,0.3,Görlitz,Sachsen                                 ,37.3
1689,2,-0.1,Gößweinstein,Bayern                                  ,66.6
1691,2,1.4,Göttingen,Niedersachsen                           ,39.4
1694,2,0.9,Goldberg,Mecklenburg-Vorpommern                  ,39.0
1709,2,-0.5,"Gottleuba, Bad",Sachsen                                 ,46.9
1721,2,-0.2,Gräfenberg-Kasberg,Bayern                                  ,73.0
1735,2,-1.2,Grainet-Rehberg,Bayern                                  ,94.8
1757,2,1.0,Greifswald,Mecklenburg-Vorpommern                  ,36.0
1762,2,0.0,Greiz-Dölau,Thüringen                               ,38.5
1766,2,2.6,Münster/Osnabrück,Nordrhein-Westfalen                     ,50.0
1792,2,2.5,Groß Berßen,Niedersachsen                           ,50.4
1803,2,0.9,Groß Lüsewitz,Mecklenburg-Vorpommern                  ,35.9
1833,2,-3.8,Grosser Falkenstein,Bayern                                  ,115.6
1834,2,-2.8,Grosser Inselsberg,Thüringen                               ,114.1
1844,2,0.1,Feldkirchen-Westerham-Lenzmühle,Bayern                                  ,62.0
1849,2,0.0,Großmehring-Theißing,Bayern                                  ,43.2
1863,2,1.2,Gründau-Breitenborn,Hessen                                  ,65.0
1869,2,0.4,Grünow,Brandenburg                             ,26.0
1875,2,0.4,"Gschwend, Kr. Ostalb",Baden-Württemberg                       ,86.1
1886,2,0.4,Günzburg,Bayern                                  ,37.5
1890,2,1.1,Güstrow-Schabernack,Mecklenburg-Vorpommern                  ,
1891,2,2.5,Rheda-Wiedenbrück-Lintel,Nordrhein-Westfalen                     ,55.5
1892,2,2.4,Gütersloh (Flugplatz),Nordrhein-Westfalen                     ,
1920,2,2.6,Hagen-Fley,Nordrhein-Westfalen                     ,69.3
1957,2,1.4,Halle-Kröllwitz,Sachsen-Anhalt                          ,28.0
1960,2,1.4,Halle (Stadt),Sachsen-Anhalt                          ,26.9
1972,2,1.9,Hamburg-Bergedorf,Hamburg                                 ,47.7
1973,2,2.2,Hamburg-Botanischer Garten,Hamburg                                 ,54.0
1975,2,1.8,Hamburg-Fuhlsbüttel,Hamburg                                 ,49.9
1979,2,1.8,Hamburg-Kirchwerder,Hamburg                                 ,45.0
1981,2,2.1,Hamburg-Neuwiedenthal,Hamburg                                 ,47.4
1986,2,1.9,Hamburg-Reitbrook,Hamburg                                 ,48.1
1990,2,2.2,Hamburg-Wandsbek,Hamburg                                 ,58.9
1993,2,2.2,Hameln,Niedersachsen                           ,50.0
2000,2,2.5,Hanau,Hessen                                  ,45.7
2005,2,1.2,Hankensbüttel,Niedersachsen                           ,55.0
2014,2,1.9,Hannover,Niedersachsen                           ,41.1
2023,2,0.0,Harburg,Bayern                                  ,39.0
2039,2,1.3,"Harzburg, Bad",Niedersachsen                           ,56.5
2044,2,-0.2,Harzgerode,Sachsen-Anhalt                          ,32.0
2048,2,1.9,Haseldorf,Schleswig-Holstein                      ,53.1
2053,2,-0.5,Hasselfelde,Sachsen-Anhalt                          ,66.9
2069,2,-2.4,Hausstein,Bayern                                  ,145.1
2074,2,1.0,Hechingen,Baden-Württemberg                       ,42.3
2078,2,1.7,Weddingstedt,Schleswig-Holstein                      ,56.0
2080,2,3.3,Heidelberg,Baden-Württemberg                       ,47.9
2081,2,1.2,Königstuhl,Baden-Württemberg                       ,76.1
2083,2,3.2,Heidelberg-Grenzhof,Baden-Württemberg                       ,47.4
2092,2,0.2,Heidenrod-Mappershain,Hessen                                  ,64.6
2095,2,2.5,Heilbronn,Baden-Württemberg                       ,48.9
2110,2,3.0,Heinsberg-Schleiden,Nordrhein-Westfalen                     ,51.3
2120,2,1.1,Helmstedt,Niedersachsen                           ,40.9
2122,2,1.6,"Helse, Kr. Dithmarschen",Schleswig-Holstein                      ,44.2
2147,2,2.6,Herford,Nordrhein-Westfalen                     ,64.5
2151,2,0.9,Herleshausen,Hessen                                  ,44.2
2159,2,1.0,Herrenberg,Baden-Württemberg                       ,52.0
2160,2,0.2,Herrenhof,Thüringen                               ,51.7
2166,2,-0.1,Herrnhut,Sachsen                                 ,44.0
2167,2,1.2,Niederwörresbach,Rheinland-Pfalz                         ,60.6
2171,2,0.7,"Hersfeld, Bad",Hessen                                  ,44.3
2173,2,3.3,Herten,Nordrhein-Westfalen                     ,72.0
2174,2,0.7,Herzberg,Niedersachsen                           ,61.0
2201,2,1.1,Hiddensee-Vitte,Mecklenburg-Vorpommern                  ,30.0
2206,2,2.0,Hildesheim,Niedersachsen                           ,48.1
2211,2,1.5,Hilgenroth,Rheinland-Pfalz                         ,79.4
2223,2,0.2,Hindfeld,Thüringen                               ,40.3
2225,2,-0.5,Hinterhermsdorf,Sachsen                                 ,60.2
2226,2,-1.5,Eisfeld-Waffenrod-Hinterrod,Thüringen                               ,78.2
2250,2,-1.5,Höllenstein (Kraftwerk),Bayern                                  ,54.3
2252,2,0.2,Bertsdorf-Hörnitz,Sachsen                                 ,41.0
2260,2,-1.0,Hof (Stadt),Bayern                                  ,48.0
2261,2,-1.2,Hof,Bayern                                  ,50.2
2264,2,0.6,Hofgeismar-Beberbeck,Hessen                                  ,51.2
2268,2,0.5,Hofheim,Bayern                                  ,44.2
2289,2,1.3,Hohennauen,Brandenburg                             ,
2290,2,-0.7,Hohenpeißenberg,Bayern                                  ,52.3
2302,2,0.6,Hohlstedt-Kötschau,Thüringen                               ,32.1
2303,2,1.3,Hohn,Schleswig-Holstein                      ,50.9
2306,2,1.6,Hohwacht,Schleswig-Holstein                      ,45.9
2315,2,1.2,Holzdorf (Flugplatz),Brandenburg                             ,
2318,2,0.8,Holzhausen a.d. Haide,Rheinland-Pfalz                         ,55.0
2319,2,-0.5,Holzkirchen,Bayern                                  ,85.9
2323,2,1.7,"Bevern, Kr. Holzminden",Niedersachsen                           ,56.0
2324,2,-0.2,Holzminden-Silberborn,Niedersachsen                           ,80.3
2327,2,0.9,Homberg/Ohm,Hessen                                  ,56.1
2331,2,1.9,Homburg/Saar,Saarland                                ,67.0
2338,2,2.6,Hopsten (Flugplatz),Nordrhein-Westfalen                     ,
2344,2,-1.3,Horlachen,Bayern                                  ,73.8
2354,2,1.0,Hoyerswerda Kr. Bautzen,Sachsen                                 ,40.4
2360,2,0.1,Hüll,Bayern                                  ,51.9
2362,2,1.3,Hümmerich,Rheinland-Pfalz                         ,68.0
2374,2,1.5,Husum,Schleswig-Holstein                      ,50.1
2385,2,1.1,Idar-Oberstein,Rheinland-Pfalz                         ,
2388,2,2.9,Ihringen,Baden-Württemberg                       ,34.0
2396,2,0.6,Ilsenburg,Sachsen-Anhalt                          ,
2406,2,1.5,Ingelfingen,Baden-Württemberg                       ,63.9
2410,2,0.3,Ingolstadt (Flugplatz),Bayern                                  ,
2417,2,-0.4,Mittbach,Bayern                                  ,62.6
2422,2,1.7,Iserlohn-Westig,Nordrhein-Westfalen                     ,88.9
2429,2,1.6,Itzehoe,Schleswig-Holstein                      ,55.0
2437,2,1.5,Schleswig-Jagel,Schleswig-Holstein                      ,52.0
2444,2,1.9,Jena (Sternwarte),Thüringen                               ,34.4
2451,2,1.3,Jessen/Elster,Sachsen-Anhalt                          ,33.5
2464,2,2.0,Jork,Niedersachsen                           ,48.9
2474,2,3.1,Jülich (Forsch.-Anlage),Nordrhein-Westfalen                     ,51.9
2475,2,1.1,Jüterbog,Brandenburg                             ,33.0
2477,2,-0.9,Jungholz (Kühmoos),Baden-Württemberg                       ,89.7
2480,2,2.2,Kahl/Main,Bayern                                  ,51.1
2483,2,-2.0,Kahler Asten,Nordrhein-Westfalen                     ,110.3
2485,2,0.4,Kaisersbach-Cronhütte,Baden-Württemberg                       ,80.0
2486,2,1.9,Kaiserslautern,Rheinland-Pfalz                         ,59.0
2488,2,-0.2,Kaisheim-Neuhof,Bayern                                  ,45.7
2494,2,3.2,Kalkar,Nordrhein-Westfalen                     ,
2497,2,0.7,Kall-Sistig,Nordrhein-Westfalen                     ,74.9
2502,2,-0.1,"Heiligenstadt, Heilbad-Kalteneber",Thüringen                               ,58.1
2503,2,-0.7,Kaltennordheim,Thüringen                               ,61.8
2506,2,0.7,Kamenz,Sachsen                                 ,45.4
2521,2,0.1,Karlshuld,Bayern                                  ,40.3
2522,2,2.9,Karlsruhe,Baden-Württemberg                       ,55.7
2532,2,1.2,Kassel,Hessen                                  ,46.8
2533,2,1.2,Kassel-Harleshausen,Hessen                                  ,46.9
2542,2,-0.8,Kaufbeuren,Bayern                                  ,66.6
2543,2,0.1,Kaufering,Bayern                                  ,53.0
2546,2,3.2,Kehl-Odelshofen,Baden-Württemberg                       ,48.0
2559,2,-0.6,Kempten,Bayern                                  ,76.7
2564,2,1.5,Kiel-Holtenau,Schleswig-Holstein                      ,47.0
2565,2,1.6,Kiel-Kronshagen,Schleswig-Holstein                      ,51.1
2575,2,0.5,Kirchberg/Jagst-Herboldshausen,Baden-Württemberg                       ,65.0
2578,2,1.3,Kirchdorf/Poel,Mecklenburg-Vorpommern                  ,36.1
2597,2,0.8,"Kissingen, Bad",Bayern                                  ,49.7
2600,2,1.5,Kitzingen,Bayern                                  ,38.0
2601,2,-1.6,Kleiner Feldberg/Taunus,Hessen                                  ,91.0
2609,2,1.4,Klein Rönnau,Schleswig-Holstein                      ,56.7
2618,2,-2.2,Kleiner Inselsberg,Thüringen                               ,93.4
2621,2,1.4,Kleinmachnow,Brandenburg                             ,42.6
2627,2,0.8,Schipkau-Klettwitz,Brandenburg                             ,39.0
2629,2,2.9,Kleve,Nordrhein-Westfalen                     ,58.8
2638,2,-0.9,Klippeneck,Baden-Württemberg                       ,60.0
2641,2,1.1,Klitzschen bei Torgau,Sachsen                                 ,35.0
2654,2,2.2,Knittlingen,Baden-Württemberg                       ,59.1
2657,2,3.1,Koblenz-Horchheim,Rheinland-Pfalz                         ,43.3
2665,2,3.8,Köln-Botanischer Garten,Nordrhein-Westfalen                     ,56.8
2667,2,3.0,Köln/Bonn,Nordrhein-Westfalen                     ,54.2
2680,2,0.3,"Königshofen, Bad",Bayern                                  ,37.0
2689,2,1.7,Königsmoor,Niedersachsen                           ,53.0
2691,2,0.2,Königsmoos-Untermaxfeld,Bayern                                  ,40.1
2700,2,0.2,Kösching,Bayern                                  ,42.3
2701,2,1.2,"Kösen, Bad",Sachsen-Anhalt                          ,34.3
2703,2,0.2,Köterberg,Nordrhein-Westfalen                     ,
2704,2,1.4,Köthen (Anhalt),Sachsen-Anhalt                          ,29.2
2708,2,-0.5,"Kohlgrub, Bad (Rosshof)",Bayern                                  ,69.0
2712,2,1.5,Konstanz,Baden-Württemberg                       ,45.0
2717,2,0.1,Korbach-Lengefeld,Hessen                                  ,62.1
2750,2,0.2,Kronach,Bayern                                  ,58.2
2761,2,-0.1,Krumbach-Edenhausen,Bayern                                  ,51.3
2770,2,1.4,Kükels,Schleswig-Holstein                      ,57.8
2773,2,-0.3,Kümmersbruck,Bayern                                  ,
2775,2,1.5,Künzelsau,Baden-Württemberg                       ,60.9
2780,2,0.1,Kulmbach,Bayern                                  ,
2783,2,0.0,Kumhausen,Bayern                                  ,51.0
2790,2,1.4,Kusel-Fünfbirken,Rheinland-Pfalz                         ,77.2
2794,2,1.1,Kyritz,Brandenburg                             ,38.0
2796,2,1.0,Laage (Flugplatz),Mecklenburg-Vorpommern                  ,
2812,2,2.8,Lahr,Baden-Württemberg                       ,43.8
2814,2,-0.8,Merklingen,Baden-Württemberg                       ,77.4
2821,2,1.2,Lamspringe,Niedersachsen                           ,53.6
2829,2,-0.2,Landsberg (Flugplatz),Bayern                                  ,
2830,2,-0.2,Landsberg/Lech,Bayern                                  ,55.1
2831,2,0.2,Landshut,Bayern                                  ,43.0
2843,2,2.4,,,
2856,2,1.0,Langenlipsdorf,Brandenburg                             ,34.0
2857,2,1.0,"Langensalza, Bad",Thüringen                               ,32.3
2861,2,2.5,Langeoog,Niedersachsen                           ,46.5
2872,2,2.4,Lathen,Niedersachsen                           ,46.8
2878,2,1.5,"Lauchstädt, Bad",Sachsen-Anhalt                          ,25.5
2879,2,1.4,Lauda-Königshofen-Gerlachsheim,Baden-Württemberg                       ,50.1
2886,2,0.1,Laupheim,Baden-Württemberg                       ,
2905,2,-0.1,Lechfeld,Bayern                                  ,
2906,2,1.3,Leck (A),Schleswig-Holstein                      ,59.1
2907,2,1.1,Leck,Schleswig-Holstein                      ,51.0
2912,2,1.4,Lehbek,Schleswig-Holstein                      ,50.5
2915,2,-1.8,Lehesten/Thüringer Wald,Thüringen                               ,68.9
2920,2,-0.6,Leiblfing,Bayern                                  ,42.7
2923,2,-0.4,Leinau,Bayern                                  ,65.1
2925,2,0.1,Leinefelde,Thüringen                               ,45.6
2928,2,1.4,Leipzig-Holzhausen,Sachsen                                 ,36.4
2931,2,1.4,Leipzig-Mockau,Sachsen                                 ,36.6
2932,2,1.0,Leipzig/Halle,Sachsen                                 ,26.3
2947,2,1.1,Lennestadt-Theten,Nordrhein-Westfalen                     ,86.8
2949,2,0.1,Lenningen-Schopfloch,Baden-Württemberg                       ,64.0
2950,2,1.5,Lensahn,Schleswig-Holstein                      ,46.0
2951,2,1.3,Lenzen/Elbe,Brandenburg                             ,41.5
2953,2,-0.6,Lenzkirch-Ruhbühl,Baden-Württemberg                       ,109.2
2963,2,1.5,Leunawerke,Sachsen-Anhalt                          ,29.2
2968,2,3.9,Köln-Stammheim,Nordrhein-Westfalen                     ,54.5
2985,2,0.0,Lichtenhain-Mittelndorf,Sachsen                                 ,55.0
2996,2,0.6,"Liebenzell, Bad",Baden-Württemberg                       ,72.2
3001,2,2.1,Liliental,Baden-Württemberg                       ,44.5
3004,2,1.9,Limburg/Lahn-Offheim,Hessen                                  ,49.3
3007,2,2.9,Limburgerhof,Rheinland-Pfalz                         ,38.9
3015,2,0.8,Lindenberg,Brandenburg                             ,36.5
3016,2,-0.6,Lindenberg/Allgäu,Bayern                                  ,126.5
3017,2,1.8,Lindenfels,Hessen                                  ,86.5
3018,2,0.8,Lindenfels-Winterkasten,Hessen                                  ,93.6
3023,2,2.8,Lingen,Niedersachsen                           ,52.6
3028,2,1.9,"Lippspringe, Bad",Nordrhein-Westfalen                     ,60.8
3031,2,2.5,Lippstadt-Bökenförde,Nordrhein-Westfalen                     ,52.3
3034,2,-0.8,"Lobenstein, Bad",Thüringen                               ,67.5
3042,2,1.0,Löhnberg-Obershausen,Hessen                                  ,70.0
3044,2,2.5,Löningen,Niedersachsen                           ,54.0
3045,2,2.4,Löningen-Hagel,Niedersachsen                           ,53.0
3062,2,2.6,Lorch/Rhein,Hessen                                  ,39.3
3076,2,2.9,Ludwigshafen-Mundenheim,Rheinland-Pfalz                         ,35.7
3082,2,1.0,Lübben,Brandenburg                             ,36.4
3083,2,1.0,Lübben-Blumenfelde,Brandenburg                             ,37.0
3085,2,1.5,Lübeck,Schleswig-Holstein                      ,45.3
3086,2,1.3,Lübeck-Blankensee,Schleswig-Holstein                      ,48.0
3088,2,1.6,Lübeck-Werft,Schleswig-Holstein                      ,45.4
3096,2,1.1,Lüdenscheid (Zeppelin-Gymnasium),Nordrhein-Westfalen                     ,101.8
3098,2,1.1,Lüdenscheid,Nordrhein-Westfalen                     ,103.0
3101,2,2.8,Lüdinghausen,Nordrhein-Westfalen                     ,61.0
3103,2,1.8,Lüneburg,Niedersachsen                           ,43.8
3113,2,-0.4,Luisenthal/Ohra,Thüringen                               ,77.8
3126,2,1.5,Magdeburg,Sachsen-Anhalt                          ,28.7
3135,2,0.5,Mainhardt-Ziegelbronn,Baden-Württemberg                       ,81.2
3137,2,2.2,Mainz-Lerchenberg (ZDF),Rheinland-Pfalz                         ,42.3
3139,2,0.0,Maisach-Gernlinden,Bayern                                  ,46.8
3147,2,-0.1,Mallersdorf-Pfaffenberg-Oberlindhart,Bayern                                  ,40.6
3155,2,0.8,Manderscheid-Sonnenhof,Rheinland-Pfalz                         ,76.1
3158,2,0.8,Manschnow,Brandenburg                             ,27.4
3160,2,0.6,Vatterode-Gräfenstuhl,Sachsen-Anhalt                          ,37.0
3164,2,1.4,"Cölbe, Kr. Marburg-Biedenkopf",Hessen                                  ,49.0
3166,2,-1.3,Marienberg,Sachsen                                 ,51.0
3196,2,1.1,Marnitz,Mecklenburg-Vorpommern                  ,45.3
3204,2,0.4,Martinroda,Thüringen                               ,54.9
3211,2,-2.2,Mauth-Finsterau,Bayern                                  ,101.8
3212,2,2.1,Mayen,Rheinland-Pfalz                         ,41.6
3222,2,2.3,Meerbeck,Niedersachsen                           ,45.2
3223,2,1.4,Meersburg,Baden-Württemberg                       ,44.8
3226,2,1.4,Aschersleben-Mehringen,Sachsen-Anhalt                          ,28.7
3228,2,0.5,Meinerzhagen (A),Nordrhein-Westfalen                     ,130.8
3231,2,-0.5,Meiningen,Thüringen                               ,42.1
3234,2,1.2,Klipphausen-Garsebach,Sachsen                                 ,37.0
3236,2,2.1,Melle,Niedersachsen                           ,56.0
3244,2,-0.1,Memmingen,Bayern                                  ,47.9
3245,2,-0.3,Memmingen (Flugplatz),Bayern                                  ,
3246,2,2.4,Mendig,Rheinland-Pfalz                         ,
3254,2,2.6,Meppen,Niedersachsen                           ,
3257,2,1.1,"Mergentheim, Bad-Neunkirchen",Baden-Württemberg                       ,57.7
3265,2,0.5,Mespelbrunn,Bayern                                  ,70.8
3268,2,-1.2,Meßstetten-Appental,Baden-Württemberg                       ,70.3
3271,2,-0.5,Metten,Bayern                                  ,71.1
3278,2,1.5,Metzingen,Baden-Württemberg                       ,45.6
3284,2,1.6,Michelstadt,Hessen                                  ,72.0
3287,2,0.7,Michelstadt-Vielbrunn,Hessen                                  ,79.0
3289,2,0.1,Schmieritz-Weltwitz,Thüringen                               ,36.9
3291,2,2.0,Miltenberg,Bayern                                  ,56.5
3300,2,1.8,Mittel-Gründau,Hessen                                  ,53.5
3307,2,-1.0,Mittenwald-Buckelwiesen,Bayern                                  ,72.2
3313,2,1.1,Modautal-Neunkirchen,Hessen                                  ,85.6
3317,2,1.3,Mölln,Schleswig-Holstein                      ,52.3
3319,2,1.6,Röllbach,Bayern                                  ,49.2
3320,2,3.2,Mönchengladbach,Nordrhein-Westfalen                     ,54.9
3340,2,1.4,Montabaur,Rheinland-Pfalz                         ,69.0
3348,2,0.5,Moringen-Lutterbeck,Niedersachsen                           ,61.0
3362,2,2.0,Mühlacker,Baden-Württemberg                       ,54.0
3366,2,-0.2,Mühldorf,Bayern                                  ,45.2
3370,2,0.4,Mühlhausen,Thüringen                               ,50.7
3376,2,0.6,Müncheberg,Brandenburg                             ,33.7
3382,2,0.8,München-Bogenhausen,Bayern                                  ,46.9
3383,2,0.7,München-Botanischer Garten,Bayern                                  ,48.4
3385,2,0.6,München-Nymphenburg,Bayern                                  ,48.5
3388,2,0.3,München-Perlach,Bayern                                  ,54.6
3390,2,0.2,München-Riem,Bayern                                  ,52.9
3402,2,-0.9,Münsingen-Apfelstetten,Baden-Württemberg                       ,58.5
3404,2,2.7,Münster,Nordrhein-Westfalen                     ,54.1
3425,2,0.8,Murrhardt,Baden-Württemberg                       ,92.6
3426,2,0.8,"Muskau, Bad",Sachsen                                 ,42.9
3432,2,0.6,Nagold,Baden-Württemberg                       ,61.0
3442,2,1.7,"Nauheim, Bad",Hessen                                  ,41.9
3484,2,0.1,Neuburg/Donau (Flugplatz),Bayern                                  ,
3485,2,0.1,Neuburg/Kammel-Langenhaslach,Bayern                                  ,44.0
3486,2,1.9,Neudenau,Baden-Württemberg                       ,60.5
3490,2,2.8,"Neuenahr, Bad-Ahrweiler",Rheinland-Pfalz                         ,45.7
3509,2,0.5,Menz,Brandenburg                             ,40.6
3513,2,-2.6,Neuhaus am Rennweg,Thüringen                               ,109.0
3518,2,-0.8,Neuhausen ob Eck,Baden-Württemberg                       ,58.8
3519,2,-0.4,Neuhausen ob Eck-Unterschwandorf,Baden-Württemberg                       ,53.0
3527,2,-0.5,Neukirchen-Hauptschwenda,Hessen                                  ,53.2
3537,2,1.7,Neumünster,Schleswig-Holstein                      ,59.1
3540,2,2.2,Neunkirchen-Seelscheid-Krawinkel,Nordrhein-Westfalen                     ,81.0
3541,2,2.4,Neunkirchen-Seelscheid-Meisenbach,Nordrhein-Westfalen                     ,76.2
3545,2,2.1,Neunkirchen-Wellesweiler,Saarland                                ,67.0
3552,2,1.0,Neuruppin,Brandenburg                             ,34.4
3565,2,0.7,Neustadt/Aisch,Bayern                                  ,49.4
3571,2,-0.5,Neustadt am Kulm-Filchendorf,Bayern                                  ,55.7
3575,2,2.7,Neustadt/Weinstraße,Rheinland-Pfalz                         ,44.7
3576,2,2.8,Neustadt/Weinstraße (Heidehof),Rheinland-Pfalz                         ,42.3
3577,2,0.7,Neustrelitz,Mecklenburg-Vorpommern                  ,42.0
3591,2,1.8,Nideggen-Schmidt,Nordrhein-Westfalen                     ,78.0
3595,2,1.3,Niederelbert,Rheinland-Pfalz                         ,77.1
3603,2,0.4,Niederstetten,Baden-Württemberg                       ,
3605,2,0.3,Niederstotzingen,Baden-Württemberg                       ,35.7
3612,2,2.1,Nienburg,Niedersachsen                           ,51.2
3621,2,0.2,Reimlingen,Bayern                                  ,35.7
3623,2,3.1,Nörvenich (Flugplatz),Nordrhein-Westfalen                     ,
3639,2,2.0,Nordholz (Flugplatz),Niedersachsen                           ,
3640,2,2.7,Nordhorn-Blanke,Niedersachsen                           ,54.1
3659,2,-0.1,Nürburg,Rheinland-Pfalz                         ,67.4
3660,2,0.7,Nürburg-Barweiler,Rheinland-Pfalz                         ,58.0
3666,2,0.7,Nürnberg-Buchenbuehl,Bayern                                  ,46.4
3667,2,-0.1,Nürnberg-Netzstall,Bayern                                  ,51.8
3668,2,0.9,Nürnberg,Bayern                                  ,36.4
3671,2,1.8,Nürtingen,Baden-Württemberg                       ,44.9
3672,2,0.8,Nufringen,Baden-Württemberg                       ,47.0
3679,2,-0.2,Kiefersfelden-Gach,Bayern                                  ,73.0
3694,2,-2.5,Oberhof,Thüringen                               ,116.5
3702,2,0.3,Münstertal-Obermünstertal,Baden-Württemberg                       ,78.0
3705,2,0.6,Oberndorf/Neckar-Aistaig,Baden-Württemberg                       ,76.0
3722,2,-0.1,Oberschleißheim,Bayern                                  ,44.8
3730,2,-2.1,Oberstdorf,Bayern                                  ,108.8
3734,2,2.1,Obersulm-Willsbach,Baden-Württemberg                       ,58.4
3735,2,0.0,Obertaufkirchen,Bayern                                  ,47.0
3739,2,-1.2,Oberviechtach,Bayern                                  ,51.2
3744,2,0.9,Oberweser-Gieselwerder,Hessen                                  ,70.3
3751,2,-0.4,Ochsenhausen-Mittelbuch,Baden-Württemberg                       ,52.5
3752,2,-2.5,Ochsenkopf,Bayern                                  ,108.6
3753,2,2.7,Ochtrup,Nordrhein-Westfalen                     ,58.2
3761,2,1.9,Öhringen,Baden-Württemberg                       ,57.3
3776,2,2.8,Offenbach/M. (Stadt),Hessen                                  ,46.8
3777,2,3.0,Offenburg,Baden-Württemberg                       ,52.0
3788,2,-0.2,Olbersdorf,Sachsen                                 ,46.5
3790,2,2.2,Oldenburg (A),Niedersachsen                           ,52.5
3791,2,2.2,Oldenburg,Niedersachsen                           ,54.0
3811,2,1.1,Oschatz,Sachsen                                 ,32.8
3815,2,2.3,Osnabrück,Niedersachsen                           ,62.0
3818,2,1.2,Osterburg,Sachsen-Anhalt                          ,
3821,2,0.9,Osterfeld,Sachsen-Anhalt                          ,37.0
3825,2,1.7,Osterhof,Saarland                                ,79.1
3836,2,0.1,Ostheim v.d. Rhön,Bayern                                  ,43.0
3856,2,-1.2,Oy-Mittelberg,Bayern                                  ,79.2
3857,2,-0.8,Oy-Mittelberg-Petersthal,Bayern                                  ,86.0
3867,2,2.3,Papenburg,Niedersachsen                           ,50.4
3875,2,-0.7,Parsberg/Oberpfalz-Eglwang,Bayern                                  ,62.1
3878,2,0.0,Passau-Maierhof,Bayern                                  ,60.2
3879,2,0.0,Passau-Oberhaus,Bayern                                  ,63.0
3883,2,-0.5,Pausa-Unterreichenau,Sachsen                                 ,40.1
3897,2,1.7,Pelzerhaken,Schleswig-Holstein                      ,44.0
3903,2,2.8,Perl-Besch,Saarland                                ,55.2
3904,2,2.8,Perl-Nennig,Saarland                                ,56.0
3915,2,0.8,Petkus,Brandenburg                             ,37.1
3922,2,0.1,Pfofeld-Langlau,Bayern                                  ,45.0
3925,2,1.7,Pforzheim-Ispringen,Baden-Württemberg                       ,64.0
3927,2,-0.7,Pfullendorf,Baden-Württemberg                       ,47.1
3929,2,3.0,Philippsburg,Baden-Württemberg                       ,54.2
3939,2,1.0,Pirmasens,Rheinland-Pfalz                         ,75.2
3946,2,0.0,Plauen,Sachsen                                 ,33.0
3955,2,1.5,Plön (See),Schleswig-Holstein                      ,43.3
3974,2,0.2,Pommelsbrunn,Bayern                                  ,78.1
3975,2,-0.6,Pommelsbrunn-Mittelburg,Bayern                                  ,77.0
3987,2,1.0,Potsdam,Brandenburg                             ,38.9
3988,2,1.1,Potsdam (Säkularstation),Brandenburg                             ,41.7
4005,2,0.0,Prien-Stock,Bayern                                  ,73.0
4018,2,-0.1,Puch,Bayern                                  ,54.2
4024,2,0.8,Putbus,Mecklenburg-Vorpommern                  ,37.0
4029,2,2.4,Quakenbrück,Niedersachsen                           ,
4032,2,1.3,Quedlinburg,Sachsen-Anhalt                          ,31.0
4036,2,0.8,Querfurt-Mühle Lodersleben,Sachsen-Anhalt                          ,32.9
4038,2,1.6,Quickborn (Kurzer Kamp),Schleswig-Holstein                      ,56.2
4039,2,1.6,Quickborn,Schleswig-Holstein                      ,55.0
4053,2,1.1,Radolfzell-Markelfingen,Baden-Württemberg                       ,46.0
4063,2,2.1,Rahden-Kleinendorf,Nordrhein-Westfalen                     ,44.7
4066,2,0.0,Raisting,Bayern                                  ,49.2
4077,2,3.0,Rastatt,Baden-Württemberg                       ,62.6
4079,2,0.7,Rastenberg,Thüringen                               ,
4091,2,-2.9,Rauschberg bei Ruhpolding,Bayern                                  ,128.5
4094,2,0.2,"Weingarten, Kr. Ravensburg",Baden-Württemberg                       ,47.1
4100,2,2.9,Recklinghausen,Nordrhein-Westfalen                     ,67.6
4104,2,0.0,Regensburg,Bayern                                  ,38.2
4127,2,1.4,Reichshof-Eckenhagen,Nordrhein-Westfalen                     ,107.0
4149,2,-1.9,Marienberg-Reitzenhain,Sachsen                                 ,63.0
4152,2,-0.3,Remetschwiel,Baden-Württemberg                       ,109.3
4154,2,1.5,Remscheid-Lennep,Nordrhein-Westfalen                     ,123.0
4156,2,1.6,Rendsburg,Schleswig-Holstein                      ,56.1
4160,2,0.9,Renningen-Ihinger Hof,Baden-Württemberg                       ,46.1
4166,2,1.5,Reutlingen-Betzingen,Baden-Württemberg                       ,42.0
4169,2,2.5,Rheinau-Memprechtshofen,Baden-Württemberg                       ,53.5
4174,2,2.7,Rheine-Bentlage,Nordrhein-Westfalen                     ,
4175,2,2.7,Rheinfelden,Baden-Württemberg                       ,67.0
4177,2,2.8,Rheinstetten,Baden-Württemberg                       ,63.0
4189,2,0.2,"Altheim, Kreis Biberach",Baden-Württemberg                       ,38.3
4222,2,-0.4,Rodewisch,Sachsen                                 ,53.7
4233,2,-0.2,Röhrigshof bei Schlüchtern,Hessen                                  ,76.6
4240,2,1.4,Roetgen,Nordrhein-Westfalen                     ,90.5
4261,2,0.4,Rosenheim,Bayern                                  ,51.5
4271,2,1.8,Rostock-Warnemünde,Mecklenburg-Vorpommern                  ,36.5
4275,2,1.6,Rotenburg (Wümme),Niedersachsen                           ,53.8
4278,2,0.5,Roth bei Nürnberg,Bayern                                  ,46.7
4280,2,0.3,Roth,Bayern                                  ,46.8
4287,2,0.5,Rothenburg ob der Tauber,Bayern                                  ,48.9
4288,2,2.2,"Rothenfelde, Bad",Niedersachsen                           ,65.4
4294,2,1.2,Rottenburg-Kiebingen,Baden-Württemberg                       ,38.0
4300,2,-0.1,Rottweil,Baden-Württemberg                       ,55.0
4301,2,2.4,"Kreuznach, Bad",Rheinland-Pfalz                         ,39.4
4318,2,-1.6,Ruhpolding,Bayern                                  ,131.7
4320,2,1.5,Ruhwinkel,Schleswig-Holstein                      ,55.6
4323,2,0.9,Ruppertsecken,Rheinland-Pfalz                         ,48.0
4327,2,-2.2,Rusel-Irlmoos,Bayern                                  ,129.8
4330,2,1.3,Rutesheim,Baden-Württemberg                       ,41.9
4332,2,0.8,Saalfeld,Thüringen                               ,32.0
4336,2,1.7,Saarbrücken-Ensheim,Saarland                                ,64.0
4339,2,2.9,Saarbrücken-Sankt Johann,Saarland                                ,62.7
4347,2,-0.2,"Sachsa, Bad",Niedersachsen                           ,77.9
4349,2,2.1,Sachsenheim,Baden-Württemberg                       ,46.0
4350,2,1.8,"Säckingen, Bad (Bergseestr.)",Baden-Württemberg                       ,77.0
4354,2,-0.8,Saldenburg-Entschenreuth,Bayern                                  ,97.2
4364,2,1.6,Salzgitter-Ringelheim,Niedersachsen                           ,48.0
4367,2,1.5,Salzhemmendorf-Lauenstein,Niedersachsen                           ,63.0
4371,2,2.1,"Salzuflen, Bad",Nordrhein-Westfalen                     ,58.1
4373,2,1.4,Salzwedel,Sachsen-Anhalt                          ,37.0
4377,2,-0.3,Sandberg,Bayern                                  ,75.3
4386,2,-1.2,Sankt Blasien,Baden-Württemberg                       ,153.1
4391,2,1.7,Sankt Michaelisdonn,Schleswig-Holstein                      ,49.8
4396,2,1.4,Sankt Wendel-Hof,Saarland                                ,85.2
4397,2,1.2,Sankt Wendel-Urweiler,Saarland                                ,79.1
4401,2,2.4,"Sassendorf, Bad-Ostinghausen",Nordrhein-Westfalen                     ,53.2
4411,2,2.1,Schaafheim-Schlierbach,Hessen                                  ,45.4
4419,2,2.9,Schallstadt-Mengen,Baden-Württemberg                       ,41.0
4425,2,1.0,Schaumberg-Tholey,Saarland                                ,88.4
4433,2,0.0,Schemmerhofen-Ingerkingen,Baden-Württemberg                       ,37.3
4436,2,0.4,Schenklengsfeld,Hessen                                  ,47.0
4438,2,0.5,Scheßlitz,Bayern                                  ,51.6
4442,2,1.7,Schieder,Nordrhein-Westfalen                     ,64.8
4445,2,-1.9,Wernigerode-Schierke,Sachsen-Anhalt                          ,117.5
4464,2,-0.7,Schleiz,Thüringen                               ,43.0
4466,2,1.4,Schleswig,Schleswig-Holstein                      ,57.3
4468,2,1.4,Schleswig-Stadtfeld,Schleswig-Holstein                      ,58.5
4474,2,2.0,Schlossböckelheim,Rheinland-Pfalz                         ,43.9
4479,2,0.1,Schlüchtern-Kloster Gomfritz,Hessen                                  ,74.4
4480,2,1.0,Schlüchtern-Herolz,Hessen                                  ,69.6
4484,2,1.5,Schmalenbeck,Schleswig-Holstein                      ,60.7
4485,2,0.4,"Schmalkalden, Kurort",Thüringen                               ,50.7
4489,2,1.0,Schmatzfeld,Sachsen-Anhalt                          ,42.9
4490,2,2.1,Schmelz-Hüttersdorf,Saarland                                ,83.4
4501,2,-3.0,Schmücke,Thüringen                               ,106.7
4505,2,-1.6,Schnarrtanne-Vogelsgrün,Sachsen                                 ,70.2
4508,2,-0.3,Schneifelforsthaus,Rheinland-Pfalz                         ,109.5
4548,2,-1.6,Schönwald/Ofr.-Brunn,Bayern                                  ,53.7
4549,2,-1.4,Schönwald/Schwarzwald,Baden-Württemberg                       ,166.0
4557,2,1.2,Schopfheim-Eichen,Baden-Württemberg                       ,91.4
4559,2,-0.4,Schorndorf-Knöbling,Bayern                                  ,46.0
4560,2,0.8,Schotten,Hessen                                  ,68.7
4571,2,-0.6,Schulenberg,Niedersachsen                           ,88.5
4576,2,0.4,Schwabach (A),Bayern                                  ,44.5
4581,2,1.4,Schwäbisch Gmünd-Strassdorf,Baden-Württemberg                       ,62.4
4582,2,1.2,Schwäbisch Hall-Bibersfeld,Baden-Württemberg                       ,66.0
4584,2,0.1,Schwaigermoos,Bayern                                  ,40.4
4586,2,1.0,"Schwalbach, Bad",Hessen                                  ,63.7
4592,2,-0.3,Schwandorf,Bayern                                  ,40.5
4593,2,1.4,Schwanebeck,Sachsen-Anhalt                          ,35.5
4597,2,-0.8,Schwangau-Horn,Bayern                                  ,62.1
4605,2,0.4,Schwarzburg,Thüringen                               ,36.8
4606,2,0.9,Schwarze Pumpe,Brandenburg                             ,40.4
4612,2,-0.1,Schwarzenberg,Sachsen                                 ,62.9
4621,2,1.0,Schweinfurt-Gartenstadt,Bayern                                  ,38.8
4625,2,1.2,Schwerin,Mecklenburg-Vorpommern                  ,40.5
4629,2,1.3,Schwesing,Schleswig-Holstein                      ,47.1
4642,2,1.2,Seehausen,Sachsen-Anhalt                          ,35.5
4649,2,2.3,Seelscheid,Nordrhein-Westfalen                     ,79.3
4651,2,1.1,Seesen,Niedersachsen                           ,57.5
4656,2,1.4,"Segeberg, Bad",Schleswig-Holstein                      ,54.9
4664,2,-1.5,Selb/Oberfranken-Wildenau,Bayern                                  ,50.8
4692,2,1.5,Siegen (Kläranlage),Nordrhein-Westfalen                     ,103.1
4702,2,-0.6,Sigmaringen (Flugplatz),Baden-Württemberg                       ,
4703,2,-0.8,Sigmaringen-Laiz,Baden-Württemberg                       ,45.9
4704,2,0.7,Sigmarszell-Zeisertsweiler,Bayern                                  ,85.1
4705,2,-2.1,Silberhütte,Bayern                                  ,65.2
4706,2,0.2,Simbach/Inn,Bayern                                  ,55.0
4709,2,0.8,Simmern-Wahlbach,Rheinland-Pfalz                         ,47.8
4719,2,2.4,Sinsheim,Baden-Württemberg                       ,58.2
4729,2,0.5,Steinau-Seidenroth,Hessen                                  ,73.2
4741,2,2.4,Solingen-Hohenscheid,Nordrhein-Westfalen                     ,77.6
4745,2,1.3,Soltau,Niedersachsen                           ,60.5
4748,2,1.1,Sondershausen,Thüringen                               ,36.3
4752,2,-1.6,Sonneberg-Neufang,Thüringen                               ,88.0
4763,2,0.7,Sontra,Hessen                                  ,49.0
4765,2,1.3,"Sooden-Allendorf, Bad",Hessen                                  ,53.0
4775,2,-0.3,Speinshart,Bayern                                  ,54.3
4782,2,1.1,Spören-Prussendorf,Sachsen-Anhalt                          ,26.6
4813,2,0.0,"Staffelstein, Bad-Stublang",Bayern                                  ,51.4
4818,2,-1.4,Stammbach-Querenbach,Bayern                                  ,69.0
4837,2,2.3,Stegen,Baden-Württemberg                       ,66.6
4841,2,1.9,"Steinau, Kr. Cuxhaven",Niedersachsen                           ,48.8
4847,2,-0.3,Steinberg,Niedersachsen                           ,72.0
4857,2,2.0,Mittelnkirchen-Hohenfelde,Niedersachsen                           ,52.0
4878,2,-0.7,Oberharz am Brocken-Stiege,Sachsen-Anhalt                          ,72.1
4881,2,0.4,Stockach,Baden-Württemberg                       ,48.0
4896,2,1.1,Wagersrott,Schleswig-Holstein                      ,49.3
4911,2,-0.4,Straubing,Bayern                                  ,46.0
4926,2,3.2,Stuttgart (Neckartal),Baden-Württemberg                       ,35.8
4927,2,2.6,Stuttgart-Stadt,Baden-Württemberg                       ,38.6
4928,2,2.4,Stuttgart (Schnarrenberg),Baden-Württemberg                       ,35.1
4931,2,1.3,Stuttgart-Echterdingen,Baden-Württemberg                       ,36.4
4933,2,1.6,Stuttgart-Hohenheim,Baden-Württemberg                       ,36.5
4939,2,1.2,"Suderode, Bad",Sachsen-Anhalt                          ,
4977,2,1.3,Tangermünde,Sachsen-Anhalt                          ,31.7
4978,2,0.2,Tann/Rhön,Hessen                                  ,50.9
4987,2,1.3,Tauberbischofsheim-Dittigheim,Baden-Württemberg                       ,44.9
4997,2,0.9,Starkenberg-Tegkwitz,Thüringen                               ,36.0
5009,2,0.8,Teterow,Mecklenburg-Vorpommern                  ,37.0
5014,2,1.8,Worpswede-Hüttenbusch,Niedersachsen                           ,48.5
5017,2,-1.8,Teuschnitz,Bayern                                  ,84.3
5024,2,1.3,Möckern-Räckendorf,Sachsen-Anhalt                          ,35.3
5029,2,1.5,Tholey,Saarland                                ,84.1
5032,2,1.5,Thüngersheim,Bayern                                  ,46.0
5039,2,0.8,Tiefenort,Thüringen                               ,39.5
5046,2,-0.9,Tirschenreuth-Lodermühl,Bayern                                  ,47.0
5047,2,-1.3,Titisee-Neustadt-Langenordnach,Baden-Württemberg                       ,107.0
5059,2,-0.9,Todtmoos,Baden-Württemberg                       ,183.3
5063,2,-0.4,"Tölz, Bad",Bayern                                  ,76.1
5064,2,3.4,Tönisvorst,Nordrhein-Westfalen                     ,52.3
5067,2,-0.5,Torfhaus im Solling,Niedersachsen                           ,88.5
5068,2,1.1,Torgau,Sachsen                                 ,32.5
5074,2,0.1,Traunstein-Sparz,Bayern                                  ,88.9
5075,2,0.1,Traunstein-Axdorf,Bayern                                  ,88.3
5078,2,1.7,Travemünde,Schleswig-Holstein                      ,43.3
5088,2,1.1,Trent,Mecklenburg-Vorpommern                  ,32.6
5097,2,0.8,Tribsees,Mecklenburg-Vorpommern                  ,37.8
5099,2,2.9,Trier-Zewen,Rheinland-Pfalz                         ,49.0
5100,2,2.2,Trier-Petrisberg,Rheinland-Pfalz                         ,55.6
5105,2,-0.7,Trochtelfingen,Baden-Württemberg                       ,58.1
5107,2,-1.0,Trochtelfingen-Wilsingen,Baden-Württemberg                       ,55.0
5109,2,0.6,Trollenhagen,Mecklenburg-Vorpommern                  ,35.8
5111,2,0.0,Trostberg,Bayern                                  ,61.2
5120,2,1.4,Tübingen,Baden-Württemberg                       ,
5127,2,-0.5,Tuttlingen,Baden-Württemberg                       ,54.6
5128,2,-0.2,Tuttlingen-Möhringen-Vorstadt,Baden-Württemberg                       ,52.8
5133,2,0.7,Twistetal-Mühlhausen,Hessen                                  ,50.9
5138,2,1.0,Überlingen/Bodensee,Baden-Württemberg                       ,47.8
5142,2,0.9,Ueckermünde,Mecklenburg-Vorpommern                  ,29.8
5146,2,1.3,Uelzen,Niedersachsen                           ,48.0
5149,2,0.8,Gollhofen,Bayern                                  ,44.0
5155,2,0.1,Ulm,Baden-Württemberg                       ,39.9
5158,2,1.1,Ummendorf,Sachsen-Anhalt                          ,35.0
5165,2,0.8,Unterlüß,Niedersachsen                           ,62.3
5185,2,0.5,Uttenreuth,Bayern                                  ,50.9
5229,2,-0.8,Villingen-Schwenningen,Baden-Württemberg                       ,67.3
5236,2,2.1,Visbek,Niedersachsen                           ,61.6
5244,2,2.9,Völklingen-Stadt,Saarland                                ,54.7
5250,2,3.0,Vogtsburg-Oberrotweil,Baden-Württemberg                       ,
5252,2,1.7,Voldagsen,Niedersachsen                           ,57.4
5267,2,1.4,Wackersleben,Sachsen-Anhalt                          ,36.6
5275,2,2.9,Waghäusel-Kirrlach,Baden-Württemberg                       ,46.4
5277,2,0.4,Wahlen,Hessen                                  ,
5279,2,1.2,Wesertal-Lippoldsberg,Hessen                                  ,57.5
5280,2,1.3,Wittenborn,Schleswig-Holstein                      ,63.5
5282,2,1.1,Wahnsdorf bei Dresden,Sachsen                                 ,39.1
5284,2,2.3,Waiblingen,Baden-Württemberg                       ,48.3
5291,2,-1.6,Waldau-Jostal,Baden-Württemberg                       ,124.1
5296,2,0.4,Waldeck,Hessen                                  ,42.0
5300,2,0.7,Waldems-Reinborn,Hessen                                  ,50.6
5306,2,-2.1,Waldhäuser (National Park),Bayern                                  ,115.2
5317,2,-1.1,Waldsassen,Bayern                                  ,44.0
5320,2,1.3,Waldshut,Baden-Württemberg                       ,101.3
5335,2,0.3,Waltershausen,Thüringen                               ,57.0
5344,2,2.4,Wangerooge,Niedersachsen                           ,48.9
5347,2,1.0,Warburg,Nordrhein-Westfalen                     ,49.0
5349,2,0.7,Waren (Müritz),Mecklenburg-Vorpommern                  ,38.0
5361,2,0.7,Wartenberg-Angersbach,Hessen                                  ,48.1
5369,2,0.2,Wasserburg,Bayern                                  ,58.2
5371,2,-2.3,Wasserkuppe,Hessen                                  ,78.7
5377,2,-5.1,Watzmannhaus,Bayern                                  ,173.1
5397,2,-0.4,Weiden,Bayern                                  ,41.4
5398,2,0.1,"Weidenbach, Kr.Ansbach",Bayern                                  ,44.4
5403,2,0.8,Weigenheim-Reusch,Bayern                                  ,40.5
5404,2,-0.5,Weihenstephan-Dürnast,Bayern                                  ,35.9
5410,2,1.6,Weilburg (Kläranlage),Hessen                                  ,59.9
5419,2,0.8,Weimar,Thüringen                               ,32.0
5424,2,0.4,Weimar-Schöndorf,Thüringen                               ,31.1
5426,2,0.6,Weinbiet,Rheinland-Pfalz                         ,47.1
5429,2,2.3,Weinsberg,Baden-Württemberg                       ,50.4
5431,2,1.2,Weisen bei Wittenberge,Sachsen-Anhalt                          ,40.5
5433,2,1.6,Weiskirchen/Saar,Saarland                                ,104.8
5434,2,0.0,Weismain,Bayern                                  ,62.6
5435,2,1.2,Weissach,Baden-Württemberg                       ,49.3
5440,2,0.2,Weißenburg-Emetzheim,Bayern                                  ,41.8
5442,2,1.4,Weißenfels,Sachsen-Anhalt                          ,27.3
5445,2,0.7,Weißensee-Ottenhausen,Thüringen                               ,30.6
5453,2,2.8,Weisweil-Waldeckhof,Baden-Württemberg                       ,38.0
5460,2,-0.2,Wellendingen,Baden-Württemberg                       ,57.6
5463,2,0.9,Wellmitz,Brandenburg                             ,39.5
5467,2,-4.6,Wendelstein,Bayern                                  ,139.1
5480,2,2.6,Werl,Nordrhein-Westfalen                     ,56.0
5488,2,0.8,"Mühlhausen, Kr. Schweinfurt",Bayern                                  ,42.5
5490,2,0.9,Wernigerode,Sachsen-Anhalt                          ,44.0
5498,2,1.8,Wertheim-Eichel,Baden-Württemberg                       ,55.2
5514,2,1.8,Westerland,Schleswig-Holstein                      ,46.4
5516,2,1.5,Fehmarn,Schleswig-Holstein                      ,31.0
5538,2,0.1,Wielenbach (Demollstr.),Bayern                                  ,48.0
5540,2,2.8,Wiesbaden (Süd),Hessen                                  ,44.9
5541,2,1.3,Wiesbaden-Auringen,Hessen                                  ,57.0
5543,2,1.7,Wiesbaden-Dotzheim,Hessen                                  ,54.0
5546,2,0.7,Wiesenburg,Brandenburg                             ,42.0
5559,2,0.5,"Wildbad, Bad-Calmbach",Baden-Württemberg                       ,86.0
5562,2,0.3,Neubulach-Oberhaugstett,Baden-Württemberg                       ,69.4
5568,2,0.6,"Wildungen, Bad",Hessen                                  ,43.6
5575,2,2.4,Wilhelmshaven,Niedersachsen                           ,54.9
5582,2,-0.4,Willingen/Upland,Hessen                                  ,101.0
5609,2,1.8,"Winterbach, Rems-Murr-Kreis",Baden-Württemberg                       ,51.8
5610,2,-0.9,Winterberg,Nordrhein-Westfalen                     ,112.7
5624,2,1.5,Wismar,Mecklenburg-Vorpommern                  ,43.6
5629,2,1.1,Wittenberg,Sachsen-Anhalt                          ,35.1
5640,2,2.3,Wittmundhafen,Niedersachsen                           ,
5642,2,0.7,Wittstock,Brandenburg                             ,
5643,2,0.8,Wittstock-Rote Mühle,Brandenburg                             ,41.7
5644,2,1.5,Witzenhausen,Hessen                                  ,43.8
5654,2,-0.1,Wörnitz-Bottenweiler,Bayern                                  ,64.8
5663,2,0.3,Woldegk,Mecklenburg-Vorpommern                  ,34.1
5664,2,1.9,Wolfach,Baden-Württemberg                       ,98.0
5675,2,1.8,Wolfsburg,Niedersachsen                           ,40.9
5676,2,1.7,Wolfsburg (Südwest),Niedersachsen                           ,46.1
5681,2,2.1,Wolfstein/Pfalz,Rheinland-Pfalz                         ,56.2
5688,2,-1.3,Dachsberg-Wolpadingen,Baden-Württemberg                       ,145.6
5692,2,2.6,Worms,Rheinland-Pfalz                         ,34.6
5703,2,1.6,Würzburg/Main,Bayern                                  ,47.7
5705,2,1.4,Würzburg,Bayern                                  ,37.1
5707,2,1.6,Würzburg (Physikalisches-Institut),Bayern                                  ,44.9
5715,2,2.0,Wunstorf,Niedersachsen                           ,40.4
5717,2,2.8,Wuppertal-Buchenhofen,Nordrhein-Westfalen                     ,88.8
5719,2,2.2,Remscheid,Nordrhein-Westfalen                     ,103.0
5728,2,1.1,Wustrau-Ziethenhorst,Brandenburg                             ,37.4
5731,2,0.8,Wutöschingen-Ofteringen,Baden-Württemberg                       ,81.2
5732,2,1.9,Wrixum/Föhr,Schleswig-Holstein                      ,48.4
5745,2,0.6,Zehdenick,Brandenburg                             ,34.0
5750,2,1.1,Zeitz,Sachsen-Anhalt                          ,34.6
5761,2,1.4,Zerbst,Sachsen-Anhalt                          ,32.0
5778,2,0.9,Zinnowitz,Mecklenburg-Vorpommern                  ,38.8
5779,2,-3.4,Zinnwald-Georgenfeld,Sachsen                                 ,63.7
5792,2,-11.5,Zugspitze,Bayern                                  ,159.8
5797,2,0.4,Lichtentanne,Sachsen                                 ,43.0
5800,2,-1.6,Zwiesel,Bayern                                  ,93.0
5802,2,-1.7,Zwieselberg,Bayern                                  ,74.9
5821,2,2.0,Bassum (A),Niedersachsen                           ,51.5
5822,2,2.0,Bassum,Niedersachsen                           ,52.0
5825,2,1.2,Berge,Brandenburg                             ,31.9
5832,2,1.5,Dannenberg,Niedersachsen                           ,44.2
5839,2,2.4,Emden,Niedersachsen                           ,52.0
5856,2,-0.5,Fürstenzell,Bayern                                  ,63.0
5871,2,0.4,Hahn,Rheinland-Pfalz                         ,68.0
5885,2,1.8,Kirchheim/Teck-Ötlingen,Baden-Württemberg                       ,44.2
5890,2,-0.9,"Kohlgrub, Bad (A)",Bayern                                  ,74.7
5898,2,2.2,Ludwigsburg,Baden-Württemberg                       ,
5904,2,-0.1,Mainburg,Bayern                                  ,46.9
5906,2,2.8,Mannheim,Baden-Württemberg                       ,43.1
5912,2,1.1,Malsfeld,Hessen                                  ,38.3
5920,2,2.8,Neuwied,Rheinland-Pfalz                         ,42.0
5930,2,1.6,Schönhagen (Ostseebad),Schleswig-Holstein                      ,47.0
5941,2,-2.0,Reit im Winkl,Bayern                                  ,115.5
5971,2,0.5,Welzheim (A),Baden-Württemberg                       ,77.3
6086,2,1.0,Melchow-Schönholz,Brandenburg                             ,39.9
6093,2,1.5,Wendisch Evern,Niedersachsen                           ,49.0
6095,2,0.5,Taubenheim-Seeligstadt,Sachsen                                 ,45.0
6105,2,1.5,Ostenfeld (Rendsburg),Schleswig-Holstein                      ,56.0
6109,2,0.5,Grambow-Schwennenz,Mecklenburg-Vorpommern                  ,33.0
6110,2,0.8,Medow-Wussentin,Mecklenburg-Vorpommern                  ,33.0
6129,2,-0.1,Sohland/Spree,Sachsen                                 ,54.0
6157,2,2.4,Wangerland-Hooksiel,Niedersachsen                           ,53.0
6158,2,0.0,Weidenbach-Weiherschneidbach,Bayern                                  ,50.0
6159,2,2.4,Dörpen,Niedersachsen                           ,52.1
6163,2,1.5,Dörnick,Schleswig-Holstein                      ,46.0
6170,2,0.9,Coschen,Brandenburg                             ,38.0
6182,2,-0.1,Mallersdorf-Pfaffenberg,Bayern                                  ,44.0
6184,2,2.4,Wilhelmshaven (Flugplatz),Niedersachsen                           ,
6186,2,1.5,Nastätten,Rheinland-Pfalz                         ,51.0
6196,2,-1.4,Selb-Spielberg,Bayern                                  ,58.9
6197,2,0.9,Lügde-Paenbruch,Nordrhein-Westfalen                     ,67.0
6199,2,0.9,Steinhagen-Negast,Mecklenburg-Vorpommern                  ,42.0
6217,2,3.0,Saarbrücken-Burbach,Saarland                                ,59.0
6219,2,0.2,Dollnstein-Breitenfurt,Bayern                                  ,45.8
6258,2,0.8,Friedrichshafen-Unterraderach,Baden-Württemberg                       ,56.0
6259,2,0.1,Großerlach-Mannenweiler,Baden-Württemberg                       ,85.0
6260,2,0.7,Ingelfingen-Stachenhausen,Baden-Württemberg                       ,70.0
6262,2,1.1,Schwäbisch Gmünd-Weiler,Baden-Württemberg                       ,66.0
6263,2,1.0,Singen,Baden-Württemberg                       ,50.0
6264,2,0.3,Brilon-Thülen,Nordrhein-Westfalen                     ,79.0
6265,2,1.3,Wusterwitz,Brandenburg                             ,35.0
6266,2,1.3,Huy-Pabstorf,Sachsen-Anhalt                          ,35.0
6272,2,0.4,"Salzungen, Bad-Gräfen-Nitzendorf",Thüringen                               ,48.0
6273,2,1.4,Demker,Sachsen-Anhalt                          ,34.0
6275,2,1.5,Notzingen,Baden-Württemberg                       ,50.0
6304,2,-0.9,Pilsach-Litzlohe,Bayern                                  ,73.0
6305,2,0.9,Mühlhausen/Thüringen-Görmar,Thüringen                               ,37.0
6310,2,0.9,Karlshagen,Mecklenburg-Vorpommern                  ,37.0
6312,2,0.4,Markt Erlbach-Mosbach,Bayern                                  ,48.0
6314,2,0.5,Nossen,Sachsen                                 ,48.0
6336,2,0.7,Lohr/Main-Halsbach,Bayern                                  ,70.0
6337,2,2.9,Lüdinghausen-Brochtrup,Nordrhein-Westfalen                     ,60.0
6344,2,1.8,Runkel-Ennerich,Hessen                                  ,49.0
6346,2,0.0,Maisach-Galgen,Bayern                                  ,50.0
6347,2,0.7,Schonungen-Mainberg,Bayern                                  ,47.0
7075,2,0.0,Elsendorf-Horneck,Bayern                                  ,43.0
7099,2,1.3,Liebenburg-Othfresen,Niedersachsen                           ,49.0
7105,2,-0.3,Siegsdorf-Höll,Bayern                                  ,100.0
7106,2,2.1,Bielefeld-Deppendorf,Nordrhein-Westfalen                     ,65.0
7135,2,0.0,Aulendorf-Haslach,Baden-Württemberg                       ,45.0
7187,2,1.4,Freudenberg/Main-Boxtal,Baden-Württemberg                       ,57.0
7244,2,0.5,Neuglobsow (HM),Brandenburg                             ,39.9
7298,2,1.5,Hattstedt,Schleswig-Holstein                      ,48.0
7319,2,0.3,Donauwörth-Osterweiler,Bayern                                  ,41.0
7321,2,1.0,Olbersleben,Thüringen                               ,33.0
7325,2,-10.7,,,156.0
7329,2,-0.5,Treuen,Sachsen                                 ,49.0
7330,2,1.9,Arnsberg-Neheim,Nordrhein-Westfalen                     ,66.0
7331,2,0.0,Hermaringen-Allewind,Baden-Württemberg                       ,47.0
7341,2,2.6,Offenbach-Wetterpark,Hessen                                  ,49.0
7343,2,-2.1,Deutschneudorf-Brüderwiese,Sachsen                                 ,70.0
7350,2,-1.6,Prackenbach-Neuhäusl,Bayern                                  ,56.0
7351,2,0.4,Feldberg/Mecklenburg,Mecklenburg-Vorpommern                  ,43.0
7364,2,1.7,Jeßnitz,Sachsen-Anhalt                          ,32.0
7367,2,1.5,Alfeld,Niedersachsen                           ,64.0
7368,2,0.4,Eisenach,Thüringen                               ,54.0
7369,2,0.1,Feuchtwangen-Heilbronn,Bayern                                  ,57.0
7370,2,-1.1,Waldmünchen,Bayern                                  ,58.0
7373,2,2.7,Borkum-Flugplatz,Niedersachsen                           ,51.0
7374,2,2.8,Ahaus,Nordrhein-Westfalen                     ,61.0
7389,2,0.9,Heckelberg,Brandenburg                             ,42.0
7393,2,1.0,Hoyerswerda,Sachsen                                 ,40.0
7394,2,-1.4,Wunsiedel-Schönbrunn,Bayern                                  ,68.0
7395,2,0.0,Gottfrieding,Bayern                                  ,45.0
7396,2,-1.6,Hoherodskopf/Vogelsberg,Hessen                                  ,101.0
7403,2,-0.6,Leutkirch-Herlazhofen,Baden-Württemberg                       ,83.4
7410,2,0.4,Neu-Ulrichstein,Hessen                                  ,60.0
7412,2,0.5,Neuhütten/Spessart,Bayern                                  ,88.0
7419,2,-0.1,Langenwetzendorf-Göttendorf,Thüringen                               ,40.0
7420,2,0.8,Naumburg/Saale-Kreipitzsch,Sachsen-Anhalt                          ,41.0
7424,2,0.4,Piding,Bayern                                  ,87.0
7427,2,1.6,Padenstedt (Pony-Park),Schleswig-Holstein                      ,58.0
7428,2,-0.2,Veilsdorf,Thüringen                               ,61.0
7431,2,-0.1,Oberhaching-Laufzorn,Bayern                                  ,58.0
7432,2,1.4,Wittingen-Vorhop,Niedersachsen                           ,45.0
13670,2,3.7,Duisburg-Baerl,Nordrhein-Westfalen                     ,57.0
13674,2,2.1,Waibstadt,Baden-Württemberg                       ,66.0
13675,2,2.1,Hameln-Hastenbeck,Niedersachsen                           ,54.0
13696,2,3.1,Waltrop-Abdinghof,Nordrhein-Westfalen                     ,61.0
13700,2,2.3,Gevelsberg-Oberbröking,Nordrhein-Westfalen                     ,80.0
13710,2,-0.3,Landshut-Reithof,Bayern                                  ,50.0
13711,2,0.5,Krölpa-Rockendorf,Thüringen                               ,30.0
13713,2,1.0,Meinerzhagen-Redlendorf,Nordrhein-Westfalen                     ,120.0
13776,2,1.9,Hildesheim-Drispenstedt,Niedersachsen                           ,44.4
13777,2,1.4,Helmstedt-Emmerstedt,Niedersachsen                           ,40.0
13965,2,0.2,Balingen-Bronnhaupten,Baden-Württemberg                       ,54.0
14138,2,0.9,,,38.0
14311,2,0.3,Hersdorf-Weißenseifen,Rheinland-Pfalz                         ,81.4
15000,2,2.8,Aachen-Orsbach,Nordrhein-Westfalen                     ,72.0
15207,2,0.6,Schauenburg-Elgershausen,Hessen                                  ,50.0
15444,2,-0.1,Ulm-Mähringen,Baden-Württemberg                       ,51.0
15555,2,-0.9,Kaufbeuren-Oberbeuren,Bayern                                  ,74.7
15926,2,-0.3,Fronberg (Schwandorf),Bayern                                  ,41.1
15951,2,1.4,Pirmasens (Kläranlage),Rheinland-Pfalz                         ,70.5
15963,2,3.4,St. Tönis,Nordrhein-Westfalen                     ,54.5
15965,2,0.7,"Brückenau, Bad (Elisabethenhof)",Bayern                                  ,68.8
15979,2,1.1,Sargenroth,Rheinland-Pfalz                         ,55.0
16085,2,2.3,Leherheide,Bremen                                  ,48.5
19087,2,-1.4,Freyung vorm Wald,Bayern                                  ,85.3
19171,2,1.6,Hasenkrug-Hardebek,Schleswig-Holstein                      ,60.7
19172,2,1.5,Wacken,Schleswig-Holstein                      ,61.3
19580,2,0.9,"Urach, Bad/Erms",Baden-Württemberg                       ,56.8
19607,2,-1.6,Cämmerswalde-Rauschenbach,Sachsen                                 ,
19617,2,0.4,Burghaslach,Bayern                                  ,51.0
19647,2,1.9,Eberbach/Neckar,Baden-Württemberg                       ,
19781,2,0.2,Ingolstadt,Bayern                                  ,40.1
1,3,4.7,Aach,Baden-Württemberg                       ,49.7
3,3,6.4,Aachen,Nordrhein-Westfalen                     ,67.0
44,3,4.9,Großenkneten,Niedersachsen                           ,65.0
52,3,4.2,Ahrensburg-Wulfsdorf,Schleswig-Holstein                      ,70.0
61,3,4.3,Aiterhofen,Bayern                                  ,55.7
70,3,3.0,Albstadt-Ebingen,Baden-Württemberg                       ,66.7
71,3,2.9,Albstadt-Badkap,Baden-Württemberg                       ,79.0
72,3,2.7,Albstadt-Onstmettingen,Baden-Württemberg                       ,87.2
73,3,4.2,Aldersbach-Kriestorf,Bayern                                  ,62.3
78,3,4.9,Alfhausen,Niedersachsen                           ,72.5
91,3,4.1,Alsfeld-Eifa,Hessen                                  ,51.6
93,3,4.5,Alsfeld-Reibertenrod,Hessen                                  ,50.2
96,3,4.0,Neuruppin-Alt Ruppin,Brandenburg                             ,48.0
98,3,2.1,Altastenberg,Nordrhein-Westfalen                     ,109.3
116,3,4.6,Altenburg,Thüringen                               ,45.3
125,3,3.2,Altenstadt,Bayern                                  ,
129,3,3.6,Altentreptow,Mecklenburg-Vorpommern                  ,40.1
131,3,4.0,Geringswalde-Altgeringswalde,Sachsen                                 ,59.3
132,3,1.8,Altglashütte,Bayern                                  ,70.8
142,3,3.9,Altomünster-Maisbrunn,Bayern                                  ,59.2
150,3,6.1,Alzey,Rheinland-Pfalz                         ,43.0
151,3,4.0,Amberg-Unterammersricht,Bayern                                  ,52.5
154,3,3.9,Amerang-Pfaffing,Bayern                                  ,83.0
161,3,6.6,Andernach,Rheinland-Pfalz                         ,47.2
164,3,3.9,Angermünde,Brandenburg                             ,37.9
167,3,3.6,Anklam,Mecklenburg-Vorpommern                  ,41.9
169,3,2.4,Annaberg-Buchholz,Sachsen                                 ,69.4
172,3,3.4,Annaturm,Niedersachsen                           ,77.6
174,3,5.6,Annweiler-Bindersbach,Rheinland-Pfalz                         ,74.4
175,3,4.0,Ansbach,Bayern                                  ,57.1
177,3,4.0,Ansbach-Hennenbach,Bayern                                  ,52.8
183,3,2.9,Arkona,Mecklenburg-Vorpommern                  ,32.9
184,3,4.5,Arneburg,Sachsen-Anhalt                          ,39.4
185,3,3.8,Arnis,Schleswig-Holstein                      ,55.8
186,3,4.6,Arnsberg,Nordrhein-Westfalen                     ,93.8
191,3,4.7,Arnstein-Müdesheim,Bayern                                  ,54.0
193,3,4.3,Arolsen-Neu Berich,Hessen                                  ,59.9
198,3,4.6,Artern,Thüringen                               ,34.5
202,3,6.1,Aschaffenburg,Bayern                                  ,56.3
207,3,4.8,Aschersleben,Sachsen-Anhalt                          ,35.5
211,3,5.0,Aßlar Klein-Altenstädten,Hessen                                  ,65.8
217,3,3.7,Attenkam,Bayern                                  ,70.5
221,3,4.1,Au i.d.Hallertau-Günzenhausen,Bayern                                  ,62.0
222,3,3.6,Aue,Sachsen                                 ,64.0
231,3,4.2,Augsburg (Sankt Stephan),Bayern                                  ,58.0
232,3,4.1,Augsburg,Bayern                                  ,47.8
243,3,4.6,Aurich,Niedersachsen                           ,64.6
257,3,6.1,Baden-Baden-Geroldsau,Baden-Württemberg                       ,115.5
259,3,6.3,Müllheim,Baden-Württemberg                       ,67.9
268,3,3.6,Baiersbronn-Obertal,Baden-Württemberg                       ,164.7
273,3,4.5,Baindt,Baden-Württemberg                       ,61.7
282,3,4.5,Bamberg,Bayern                                  ,49.5
283,3,4.3,Bamberg-Altenburg,Bayern                                  ,54.3
284,3,4.2,Bamberg (Sternwarte),Bayern                                  ,54.6
288,3,3.7,Bargischow-Gnevezin,Mecklenburg-Vorpommern                  ,39.2
294,3,5.1,Barsinghausen-Hohenbostel,Niedersachsen                           ,63.0
298,3,3.2,Barth,Mecklenburg-Vorpommern                  ,45.1
303,3,4.6,Baruth,Brandenburg                             ,39.7
314,3,4.4,"Kubschütz, Kr. Bautzen",Sachsen                                 ,50.7
320,3,4.1,Heinersreuth-Vollhof,Bayern                                  ,56.7
326,3,5.5,Beckum-Unterberg,Nordrhein-Westfalen                     ,70.0
327,3,4.5,Bederkesa,Niedersachsen                           ,72.3
330,3,4.4,Oberzent-Beerfelden,Hessen                                  ,104.0
335,3,4.2,Behrensdorf,Schleswig-Holstein                      ,49.3
342,3,5.2,Belm,Niedersachsen                           ,72.0
348,3,6.6,Bendorf,Rheinland-Pfalz                         ,50.8
355,3,6.7,Bensheim,Hessen                                  ,66.3
361,3,3.7,Berchtesgaden (KKst),Bayern                                  ,122.2
365,3,3.7,Berg/Oberpfalz,Bayern                                  ,70.6
368,3,4.5,Bergen,Niedersachsen                           ,
377,3,6.4,"Bergzabern, Bad",Rheinland-Pfalz                         ,70.2
379,3,4.0,"Berka, Bad (Flugplatz)",Thüringen                               ,54.6
386,3,3.3,"Berleburg, Bad",Nordrhein-Westfalen                     ,92.7
390,3,2.4,"Berleburg, Bad-Stünzel",Nordrhein-Westfalen                     ,103.0
395,3,4.6,Berlin-Adlershof,Berlin                                  ,
399,3,5.3,Berlin-Alexanderplatz,Berlin                                  ,45.0
400,3,4.5,Berlin-Buch,Berlin                                  ,46.0
402,3,4.7,Berlin-Dahlem (LFAG),Berlin                                  ,44.4
403,3,4.7,Berlin-Dahlem (FU),Berlin                                  ,44.4
405,3,4.6,Berlin-Friedrichshagen,Berlin                                  ,
407,3,4.7,Berlin-Frohnau,Berlin                                  ,43.9
408,3,5.1,Berlin-Invalidenstraße,Berlin                                  ,
410,3,4.5,Berlin-Kaniswall,Berlin                                  ,42.0
416,3,4.7,Berlin-Lichtenrade,Berlin                                  ,41.0
417,3,4.8,Berlin-Lichterfelde (Süd),Berlin                                  ,44.6
420,3,4.8,Berlin-Marzahn,Berlin                                  ,46.0
422,3,5.1,Berlin-Mitte,Berlin                                  ,43.6
424,3,5.1,Berlin-Ostkreuz,Berlin                                  ,
425,3,4.6,Berlin-Rudow,Berlin                                  ,42.8
427,3,4.5,Berlin Brandenburg,Brandenburg                             ,38.2
429,3,4.8,Berlin-Spandau,Berlin                                  ,45.7
430,3,4.9,Berlin-Tegel,Berlin                                  ,41.0
432,3,4.7,Berlin-Tegeler Fliesstal,Berlin                                  ,45.0
433,3,5.0,Berlin-Tempelhof,Berlin                                  ,43.4
434,3,4.9,Berlin-Treptow,Berlin                                  ,45.0
435,3,4.6,Berlin-Zehlendorf,Berlin                                  ,45.8
445,3,4.9,Bernburg/Saale (Nord),Sachsen-Anhalt                          ,35.8
450,3,6.8,Bernkastel-Kues,Rheinland-Pfalz                         ,53.7
460,3,5.6,Berus,Saarland                                ,71.0
474,3,3.8,Warthausen-Birkenhard,Baden-Württemberg                       ,56.0
480,3,4.0,Biedenkopf-Wallau,Hessen                                  ,75.4
502,3,3.7,Bischbrunn,Bayern                                  ,94.3
524,3,5.4,Bitterfeld,Sachsen-Anhalt                          ,44.5
526,3,4.4,"Blankenburg, Bad",Thüringen                               ,42.1
535,3,4.5,Blankenrath,Rheinland-Pfalz                         ,73.9
550,3,3.8,Bobeck,Thüringen                               ,52.0
553,3,6.0,Bocholt (Marienschule),Nordrhein-Westfalen                     ,64.0
555,3,6.2,Bochum,Nordrhein-Westfalen                     ,71.0
576,3,4.5,Böblingen,Baden-Württemberg                       ,53.7
578,3,3.8,Böhming,Bayern                                  ,64.2
588,3,5.2,Boffzen,Niedersachsen                           ,67.7
591,3,4.1,Boizenburg,Mecklenburg-Vorpommern                  ,52.7
592,3,4.3,Bokel,Schleswig-Holstein                      ,70.8
596,3,3.9,Boltenhagen,Mecklenburg-Vorpommern                  ,41.2
598,3,6.6,Bonn,Nordrhein-Westfalen                     ,53.4
599,3,6.7,Bonn-Friesdorf,Nordrhein-Westfalen                     ,54.5
601,3,6.2,,,
603,3,6.0,Königswinter-Heiderhof,Nordrhein-Westfalen                     ,64.0
606,3,3.9,Boos,Bayern                                  ,58.7
614,3,4.6,Borgentreich-Bühne,Nordrhein-Westfalen                     ,60.3
617,3,6.1,Borken in Westfalen,Nordrhein-Westfalen                     ,75.7
619,3,5.0,Borkum-Süderstraße,Niedersachsen                           ,57.1
642,3,4.9,Brake,Niedersachsen                           ,59.5
643,3,5.0,Brake-Süderfeld,Niedersachsen                           ,59.1
645,3,5.1,Bramsche,Niedersachsen                           ,69.8
648,3,4.0,Brande-Hörnerkirchen,Schleswig-Holstein                      ,73.1
650,3,4.7,Brandenburg-Görden,Brandenburg                             ,44.3
652,3,4.1,Hagenbüchach,Bayern                                  ,58.3
656,3,1.1,Braunlage,Niedersachsen                           ,132.0
660,3,4.9,Braunschweig-Gliesmarode,Niedersachsen                           ,51.1
661,3,5.0,Braunschweig (T.H.),Niedersachsen                           ,50.8
662,3,4.9,Braunschweig,Niedersachsen                           ,51.1
685,3,3.0,Breitsol,Bayern                                  ,99.9
691,3,4.9,Bremen,Bremen                                  ,52.9
699,3,4.9,Bremen-Seefahrtschule,Bremen                                  ,59.6
701,3,5.1,Bremerhaven,Bremen                                  ,55.4
702,3,4.9,Bremerhaven-Speckenbüttel,Bremen                                  ,59.6
703,3,4.6,Bremervörde (A),Niedersachsen                           ,65.6
704,3,4.5,Bremervörde,Niedersachsen                           ,63.0
705,3,4.6,Bremervörde-Niederochtenhausen,Niedersachsen                           ,60.3
706,3,6.6,Eschbach,Baden-Württemberg                       ,45.2
710,3,5.8,Bretten,Baden-Württemberg                       ,68.7
717,3,3.4,Brilon,Nordrhein-Westfalen                     ,100.2
722,3,-1.6,Brocken,Sachsen-Anhalt                          ,171.8
727,3,5.1,Brombachtal-Kirch-Brombach,Hessen                                  ,81.8
729,3,2.4,Brotterode,Thüringen                               ,103.6
736,3,4.3,Brücken,Rheinland-Pfalz                         ,93.7
755,3,4.2,"Buchen, Kr. Neckar-Odenwald",Baden-Württemberg                       ,75.6
757,3,5.1,Buchenbach,Baden-Württemberg                       ,99.0
760,3,4.0,Rosengarten-Klecken,Niedersachsen                           ,78.5
766,3,4.0,Büchel (Flugplatz),Rheinland-Pfalz                         ,
769,3,5.4,Bückeburg,Niedersachsen                           ,54.8
771,3,5.6,Büdingen,Hessen                                  ,62.0
772,3,6.9,Bühlertal,Baden-Württemberg                       ,105.4
773,3,5.0,Bühlertal-Obertal,Baden-Württemberg                       ,127.3
793,3,3.8,Buhlenberg,Rheinland-Pfalz                         ,98.3
817,3,4.0,Burgwald-Bottendorf,Hessen                                  ,52.0
840,3,0.3,Carlsfeld,Sachsen                                 ,104.0
848,3,4.9,Celle (Stadt),Niedersachsen                           ,59.1
850,3,4.9,Celle,Niedersachsen                           ,57.4
851,3,3.8,Pemfling-Pitzling,Bayern                                  ,56.0
853,3,3.6,Chemnitz,Sachsen                                 ,51.4
856,3,3.9,Chieming,Bayern                                  ,104.0
863,3,1.7,Clausthal-Zellerfeld,Niedersachsen                           ,123.6
865,3,4.9,Cloppenburg,Niedersachsen                           ,68.4
867,3,4.1,Lautertal-Oberlauter,Bayern                                  ,54.2
876,3,4.0,Collmberg,Sachsen                                 ,53.7
879,3,4.7,Cottbus (Flugplatz),Brandenburg                             ,
880,3,4.7,Cottbus,Brandenburg                             ,42.4
881,3,4.2,Crailsheim-Alexandersreut,Baden-Württemberg                       ,74.4
888,3,4.2,Crimmitschau,Sachsen                                 ,48.8
891,3,4.7,Cuxhaven,Niedersachsen                           ,56.4
896,3,4.7,Dachwig,Thüringen                               ,40.1
917,3,6.0,Darmstadt,Hessen                                  ,66.0
918,3,6.3,Darmstadt (A),Hessen                                  ,59.3
919,3,6.1,Darmstadt-Botanischer Garten,Hessen                                  ,63.4
931,3,3.7,Deggenhausertal-Azenweiler,Baden-Württemberg                       ,75.0
948,3,5.0,Dessau,Sachsen-Anhalt                          ,43.9
953,3,4.3,Deuselbach,Rheinland-Pfalz                         ,68.0
963,3,5.1,Diepholz,Niedersachsen                           ,58.2
964,3,4.3,Dierfeld,Rheinland-Pfalz                         ,76.8
965,3,4.9,Diesbar-Seußlitz,Sachsen                                 ,45.3
970,3,3.9,Dietenhofen,Bayern                                  ,57.0
979,3,4.2,Dillenburg,Hessen                                  ,70.1
982,3,4.7,Dillingen/Donau,Bayern                                  ,51.1
983,3,4.7,Dillingen/Donau-Fristingen,Bayern                                  ,46.7
991,3,3.3,Dippoldiswalde-Reinberg,Sachsen                                 ,59.7
998,3,3.4,Dobel,Baden-Württemberg                       ,148.3
1000,3,3.9,"Doberan, Bad-Heiligendamm",Mecklenburg-Vorpommern                  ,44.2
1001,3,4.4,Doberlug-Kirchhain,Brandenburg                             ,42.3
1003,3,4.3,Döbeln,Sachsen                                 ,55.0
1006,3,4.5,Dömitz,Mecklenburg-Vorpommern                  ,40.9
1018,3,3.2,Donaueschingen,Baden-Württemberg                       ,58.1
1032,3,6.0,Dortmund,Nordrhein-Westfalen                     ,74.0
1047,3,5.0,Dresden (Mitte),Sachsen                                 ,42.0
1048,3,4.4,Dresden-Klotzsche,Sachsen                                 ,45.3
1050,3,5.1,Dresden-Hosterwitz,Sachsen                                 ,48.0
1051,3,5.1,Dresden-Strehlen,Sachsen                                 ,51.0
1052,3,4.5,Möckern-Drewitz,Sachsen-Anhalt                          ,44.0
1066,3,4.5,Duderstadt,Niedersachsen                           ,52.6
1072,3,6.7,"Dürkheim, Bad",Rheinland-Pfalz                         ,41.9
1073,3,6.3,"Dürkheim, Bad (Saline)",Rheinland-Pfalz                         ,44.4
1074,3,5.1,"Dürrenberg, Bad",Sachsen-Anhalt                          ,40.0
1078,3,6.7,Düsseldorf,Nordrhein-Westfalen                     ,65.0
1079,3,6.7,Düsseldorf-Südfriedhof,Nordrhein-Westfalen                     ,61.1
1084,3,6.9,Duisburg-Friemersheim,Nordrhein-Westfalen                     ,66.7
1087,3,7.1,Duisburg-Laar,Nordrhein-Westfalen                     ,64.5
1102,3,5.6,Ebersbach/Fils,Baden-Württemberg                       ,64.1
1103,3,3.9,Ebersberg-Halbing,Bayern                                  ,74.0
1106,3,4.4,Eberswalde,Brandenburg                             ,42.0
1107,3,3.8,Ebrach,Bayern                                  ,65.2
1130,3,3.8,Eggebek,Schleswig-Holstein                      ,62.0
1146,3,4.4,Ehningen,Baden-Württemberg                       ,58.8
1154,3,3.9,Eiberg,Bayern                                  ,80.0
1161,3,4.3,Eichstätt-Landershofen,Bayern                                  ,50.0
1169,3,6.4,Eimeldingen,Baden-Württemberg                       ,52.6
1172,3,4.9,Einbeck,Niedersachsen                           ,54.1
1182,3,4.7,Eisleben-Helfta,Sachsen-Anhalt                          ,42.0
1188,3,2.3,Elgersburg,Thüringen                               ,76.7
1197,3,3.8,Ellwangen-Rindelbach,Baden-Württemberg                       ,71.4
1200,3,4.2,Elpersbüttel,Schleswig-Holstein                      ,56.0
1201,3,6.5,Elsdorf/Erftkreis,Nordrhein-Westfalen                     ,56.1
1204,3,5.0,Elsfleth,Niedersachsen                           ,57.9
1207,3,2.3,"Elster, Bad-Sohl",Sachsen                                 ,62.8
1214,3,4.6,Elzach-Fisnacht,Baden-Württemberg                       ,122.0
1219,3,5.0,Emden-Nesserland,Niedersachsen                           ,61.2
1221,3,5.0,Emden-Wolthusen,Niedersachsen                           ,65.1
1224,3,5.8,Emmendingen-Mundingen,Baden-Württemberg                       ,59.3
1229,3,5.9,"Ems, Bad",Rheinland-Pfalz                         ,68.0
1238,3,5.5,Engelskirchen,Nordrhein-Westfalen                     ,114.2
1239,3,4.3,Engen/Hegau,Baden-Württemberg                       ,47.0
1243,3,3.0,Eningen,Baden-Württemberg                       ,74.0
1246,3,5.5,Ennigerloh-Ostenfelde,Nordrhein-Westfalen                     ,62.7
1254,3,6.0,Eppingen,Baden-Württemberg                       ,64.1
1255,3,5.9,Eppingen-Elsenz,Baden-Württemberg                       ,65.2
1262,3,4.2,München-Flughafen,Bayern                                  ,55.0
1266,3,4.1,Erfde,Schleswig-Holstein                      ,59.4
1270,3,3.9,Erfurt-Weimar,Thüringen                               ,39.1
1275,3,4.3,Ering,Bayern                                  ,66.9
1276,3,4.9,Eriskirch-Mariabrunn,Baden-Württemberg                       ,70.9
1279,3,4.8,Möhrendorf-Kleinseebach,Bayern                                  ,54.6
1280,3,4.7,Erlangen-Bruck,Bayern                                  ,54.5
1287,3,4.7,Eschau-Hobbach,Bayern                                  ,74.3
1292,3,3.7,Eschenbach/Oberpfalz,Bayern                                  ,59.9
1297,3,4.8,Eschwege,Hessen                                  ,49.6
1299,3,4.9,Esens,Niedersachsen                           ,63.7
1300,3,3.7,Eslohe,Nordrhein-Westfalen                     ,109.2
1303,3,6.2,Essen-Bredeney,Nordrhein-Westfalen                     ,79.9
1327,3,6.3,Weilerswist-Lommersum,Nordrhein-Westfalen                     ,47.7
1329,3,3.8,Eutin,Schleswig-Holstein                      ,59.1
1332,3,4.2,"Falkenberg,Kr.Rottal-Inn",Bayern                                  ,63.4
1339,3,4.2,Faßberg,Niedersachsen                           ,
1345,3,3.3,Feldberg,Mecklenburg-Vorpommern                  ,48.0
1346,3,-1.1,Feldberg/Schwarzwald,Baden-Württemberg                       ,115.6
1357,3,1.8,Fichtelberg/Oberfranken-Hüttstadl,Bayern                                  ,107.2
1358,3,-1.8,Fichtelberg,Sachsen                                 ,96.2
1374,3,3.7,Fladungen-Heufurt,Bayern                                  ,71.1
1378,3,3.6,Flensburg,Schleswig-Holstein                      ,73.0
1379,3,3.7,Flensburg (Schäferhaus),Schleswig-Holstein                      ,59.3
1380,3,3.7,Flensburg-Mürwik,Schleswig-Holstein                      ,67.9
1392,3,2.0,Flossenbürg,Bayern                                  ,75.0
1403,3,4.1,Frammersbach,Bayern                                  ,88.0
1410,3,4.9,"Frankenhausen, Bad/Kyffhäuser",Thüringen                               ,42.6
1411,3,1.4,Birx/Rhön,Thüringen                               ,93.0
1420,3,6.4,Frankfurt/Main,Hessen                                  ,48.3
1421,3,6.7,Frankfurt/Main (Stadt),Hessen                                  ,50.6
1424,3,6.7,Frankfurt/Main-Westend,Hessen                                  ,51.0
1425,3,6.9,Frankfurt/Main (Feldbergstr.),Hessen                                  ,50.7
1426,3,4.2,Frankfurt/Oder,Brandenburg                             ,44.7
1428,3,5.4,Frankweiler,Rheinland-Pfalz                         ,69.5
1440,3,5.5,Freiamt-Ottoschwanden,Baden-Württemberg                       ,75.2
1441,3,3.5,Freiberg,Sachsen                                 ,68.3
1443,3,6.8,Freiburg,Baden-Württemberg                       ,64.5
1447,3,7.4,Freiburg im Breisgau-Herdern,Baden-Württemberg                       ,64.1
1451,3,4.4,Freiburg/Elbe,Niedersachsen                           ,65.5
1468,3,2.4,Freudenstadt,Baden-Württemberg                       ,164.7
1473,3,3.9,Freystadt-Michelbach,Bayern                                  ,57.4
1488,3,2.6,Friedrichsbrunn,Sachsen-Anhalt                          ,61.8
1490,3,5.0,Friedrichshafen,Baden-Württemberg                       ,68.4
1492,3,2.7,Malsburg-Marzell-Friedrichsheim,Baden-Württemberg                       ,128.9
1503,3,4.9,Friesoythe-Altenoythe,Niedersachsen                           ,62.9
1504,3,4.9,Fritzlar (Flugplatz),Hessen                                  ,43.0
1513,3,2.6,Fuchskauten,Rheinland-Pfalz                         ,113.0
1515,3,4.0,Fürstenfeldbruck,Bayern                                  ,
1522,3,4.6,Fürth/Bayern (A),Bayern                                  ,51.7
1526,3,4.4,Fulda-Horas,Hessen                                  ,53.2
1544,3,4.4,Gardelegen,Sachsen-Anhalt                          ,44.2
1550,3,2.8,Garmisch-Partenkirchen,Bayern                                  ,98.6
1552,3,4.1,Gartz/Oder,Brandenburg                             ,39.0
1568,3,-0.1,Gehlberg-Schmücke,Thüringen                               ,127.3
1572,3,6.3,Geilenkirchen (Flugplatz),Nordrhein-Westfalen                     ,
1580,3,6.5,Geisenheim,Hessen                                  ,40.8
1583,3,0.8,Geisingberg,Sachsen                                 ,86.8
1584,3,3.5,Geisingen,Baden-Württemberg                       ,52.0
1586,3,3.7,Traunstein-Geißing,Bayern                                  ,118.2
1587,3,3.5,Gelbelsee,Bayern                                  ,61.0
1590,3,6.4,Geldern-Walbeck,Nordrhein-Westfalen                     ,62.8
1593,3,5.5,Gelnhausen,Hessen                                  ,73.2
1602,3,6.1,Ohlsbach,Baden-Württemberg                       ,81.4
1605,3,4.6,Genthin,Sachsen-Anhalt                          ,39.0
1612,3,4.0,Gera-Leumnitz,Thüringen                               ,42.9
1619,3,6.6,Gernsheim,Hessen                                  ,48.1
1621,3,3.3,Geroda-Platz,Bayern                                  ,71.5
1638,3,5.5,Gießen (Lahntal),Hessen                                  ,57.9
1639,3,5.2,Gießen/Wettenberg,Hessen                                  ,51.7
1645,3,3.7,Gilserberg-Moischeid,Hessen                                  ,55.4
1666,3,3.7,Glücksburg-Meierwik,Schleswig-Holstein                      ,62.0
1667,3,4.2,Glückstadt,Schleswig-Holstein                      ,66.1
1684,3,3.9,Görlitz,Sachsen                                 ,49.2
1689,3,3.7,Gößweinstein,Bayern                                  ,75.0
1691,3,4.8,Göttingen,Niedersachsen                           ,51.5
1694,3,3.7,Goldberg,Mecklenburg-Vorpommern                  ,43.0
1709,3,2.9,"Gottleuba, Bad",Sachsen                                 ,56.8
1721,3,3.5,Gräfenberg-Kasberg,Bayern                                  ,79.0
1735,3,2.5,Grainet-Rehberg,Bayern                                  ,106.6
1757,3,3.7,Greifswald,Mecklenburg-Vorpommern                  ,42.4
1762,3,3.7,Greiz-Dölau,Thüringen                               ,49.5
1766,3,5.7,Münster/Osnabrück,Nordrhein-Westfalen                     ,61.0
1792,3,5.3,Groß Berßen,Niedersachsen                           ,67.6
1803,3,3.4,Groß Lüsewitz,Mecklenburg-Vorpommern                  ,43.3
1833,3,-1.0,Grosser Falkenstein,Bayern                                  ,126.4
1834,3,0.4,Grosser Inselsberg,Thüringen                               ,128.0
1844,3,4.1,Feldkirchen-Westerham-Lenzmühle,Bayern                                  ,81.0
1849,3,4.1,Großmehring-Theißing,Bayern                                  ,51.8
1863,3,5.0,Gründau-Breitenborn,Hessen                                  ,73.0
1869,3,3.6,Grünow,Brandenburg                             ,33.0
1875,3,4.1,"Gschwend, Kr. Ostalb",Baden-Württemberg                       ,95.9
1886,3,4.5,Günzburg,Bayern                                  ,46.5
1890,3,3.9,Güstrow-Schabernack,Mecklenburg-Vorpommern                  ,
1891,3,5.7,Rheda-Wiedenbrück-Lintel,Nordrhein-Westfalen                     ,68.3
1892,3,5.8,Gütersloh (Flugplatz),Nordrhein-Westfalen                     ,
1920,3,5.8,Hagen-Fley,Nordrhein-Westfalen                     ,77.5
1957,3,5.0,Halle-Kröllwitz,Sachsen-Anhalt                          ,40.0
1960,3,5.0,Halle (Stadt),Sachsen-Anhalt                          ,38.2
1972,3,4.7,Hamburg-Bergedorf,Hamburg                                 ,60.7
1973,3,4.9,Hamburg-Botanischer Garten,Hamburg                                 ,65.5
1975,3,4.5,Hamburg-Fuhlsbüttel,Hamburg                                 ,68.5
1979,3,4.7,Hamburg-Kirchwerder,Hamburg                                 ,58.0
1981,3,5.0,Hamburg-Neuwiedenthal,Hamburg                                 ,63.2
1986,3,4.7,Hamburg-Reitbrook,Hamburg                                 ,60.6
1990,3,4.9,Hamburg-Wandsbek,Hamburg                                 ,72.1
1993,3,5.4,Hameln,Niedersachsen                           ,59.2
2000,3,6.4,Hanau,Hessen                                  ,51.1
2005,3,4.2,Hankensbüttel,Niedersachsen                           ,61.0
2014,3,5.0,Hannover,Niedersachsen                           ,54.9
2023,3,4.1,Harburg,Bayern                                  ,48.0
2039,3,4.4,"Harzburg, Bad",Niedersachsen                           ,75.5
2044,3,2.9,Harzgerode,Sachsen-Anhalt                          ,45.0
2048,3,4.6,Haseldorf,Schleswig-Holstein                      ,64.9
2053,3,2.5,Hasselfelde,Sachsen-Anhalt                          ,75.5
2069,3,1.3,Hausstein,Bayern                                  ,163.0
2074,3,4.5,Hechingen,Baden-Württemberg                       ,56.1
2078,3,4.1,Weddingstedt,Schleswig-Holstein                      ,63.0
2080,3,7.5,Heidelberg,Baden-Württemberg                       ,56.7
2081,3,4.5,Königstuhl,Baden-Württemberg                       ,90.4
2083,3,7.0,Heidelberg-Grenzhof,Baden-Württemberg                       ,57.0
2092,3,3.7,Heidenrod-Mappershain,Hessen                                  ,71.5
2095,3,6.4,Heilbronn,Baden-Württemberg                       ,58.3
2110,3,6.4,Heinsberg-Schleiden,Nordrhein-Westfalen                     ,55.7
2120,3,4.5,Helmstedt,Niedersachsen                           ,48.9
2122,3,4.2,"Helse, Kr. Dithmarschen",Schleswig-Holstein                      ,55.1
2147,3,5.8,Herford,Nordrhein-Westfalen                     ,73.1
2151,3,4.5,Herleshausen,Hessen                                  ,53.8
2159,3,4.7,Herrenberg,Baden-Württemberg                       ,59.0
2160,3,3.7,Herrenhof,Thüringen                               ,60.1
2166,3,3.4,Herrnhut,Sachsen                                 ,50.2
2167,3,4.6,Niederwörresbach,Rheinland-Pfalz                         ,60.6
2171,3,4.3,"Hersfeld, Bad",Hessen                                  ,55.6
2173,3,6.5,Herten,Nordrhein-Westfalen                     ,79.7
2174,3,4.0,Herzberg,Niedersachsen                           ,76.0
2201,3,3.3,Hiddensee-Vitte,Mecklenburg-Vorpommern                  ,36.0
2206,3,5.2,Hildesheim,Niedersachsen                           ,58.9
2211,3,5.0,Hilgenroth,Rheinland-Pfalz                         ,93.3
2223,3,4.2,Hindfeld,Thüringen                               ,46.6
2225,3,3.0,Hinterhermsdorf,Sachsen                                 ,71.8
2226,3,2.0,Eisfeld-Waffenrod-Hinterrod,Thüringen                               ,81.2
2250,3,2.4,Höllenstein (Kraftwerk),Bayern                                  ,64.6
2252,3,3.8,Bertsdorf-Hörnitz,Sachsen                                 ,51.0
2260,3,2.8,Hof (Stadt),Bayern                                  ,52.4
2261,3,2.6,Hof,Bayern                                  ,56.0
2264,3,4.1,Hofgeismar-Beberbeck,Hessen                                  ,63.5
2268,3,4.6,Hofheim,Bayern                                  ,49.4
2289,3,4.5,Hohennauen,Brandenburg                             ,
2290,3,2.3,Hohenpeißenberg,Bayern                                  ,72.3
2302,3,4.1,Hohlstedt-Kötschau,Thüringen                               ,45.4
2303,3,3.7,Hohn,Schleswig-Holstein                      ,58.7
2306,3,4.1,Hohwacht,Schleswig-Holstein                      ,51.9
2315,3,4.7,Holzdorf (Flugplatz),Brandenburg                             ,
2318,3,4.2,Holzhausen a.d. Haide,Rheinland-Pfalz                         ,60.1
2319,3,3.3,Holzkirchen,Bayern                                  ,107.8
2323,3,5.1,"Bevern, Kr. Holzminden",Niedersachsen                           ,68.0
2324,3,2.7,Holzminden-Silberborn,Niedersachsen                           ,99.6
2327,3,4.6,Homberg/Ohm,Hessen                                  ,65.7
2331,3,5.4,Homburg/Saar,Saarland                                ,69.7
2338,3,5.6,Hopsten (Flugplatz),Nordrhein-Westfalen                     ,
2344,3,2.4,Horlachen,Bayern                                  ,82.7
2354,3,4.5,Hoyerswerda Kr. Bautzen,Sachsen                                 ,49.0
2360,3,4.2,Hüll,Bayern                                  ,65.9
2362,3,4.9,Hümmerich,Rheinland-Pfalz                         ,78.0
2374,3,3.9,Husum,Schleswig-Holstein                      ,58.0
2385,3,4.6,Idar-Oberstein,Rheinland-Pfalz                         ,
2388,3,6.7,Ihringen,Baden-Württemberg                       ,46.0
2396,3,3.7,Ilsenburg,Sachsen-Anhalt                          ,
2406,3,5.4,Ingelfingen,Baden-Württemberg                       ,74.9
2410,3,4.5,Ingolstadt (Flugplatz),Bayern                                  ,
2417,3,3.5,Mittbach,Bayern                                  ,82.7
2422,3,4.9,Iserlohn-Westig,Nordrhein-Westfalen                     ,98.9
2429,3,4.2,Itzehoe,Schleswig-Holstein                      ,66.0
2437,3,3.9,Schleswig-Jagel,Schleswig-Holstein                      ,62.0
2444,3,5.4,Jena (Sternwarte),Thüringen                               ,45.9
2451,3,4.8,Jessen/Elster,Sachsen-Anhalt                          ,41.1
2464,3,4.7,Jork,Niedersachsen                           ,63.0
2474,3,6.4,Jülich (Forsch.-Anlage),Nordrhein-Westfalen                     ,53.9
2475,3,4.6,Jüterbog,Brandenburg                             ,40.0
2477,3,2.4,Jungholz (Kühmoos),Baden-Württemberg                       ,101.1
2480,3,6.1,Kahl/Main,Bayern                                  ,54.6
2483,3,0.7,Kahler Asten,Nordrhein-Westfalen                     ,127.9
2485,3,4.2,Kaisersbach-Cronhütte,Baden-Württemberg                       ,93.0
2486,3,5.5,Kaiserslautern,Rheinland-Pfalz                         ,65.0
2488,3,3.9,Kaisheim-Neuhof,Bayern                                  ,57.2
2494,3,6.3,Kalkar,Nordrhein-Westfalen                     ,
2497,3,3.7,Kall-Sistig,Nordrhein-Westfalen                     ,75.8
2502,3,3.3,"Heiligenstadt, Heilbad-Kalteneber",Thüringen                               ,70.3
2503,3,2.9,Kaltennordheim,Thüringen                               ,74.1
2506,3,4.2,Kamenz,Sachsen                                 ,55.0
2521,3,4.4,Karlshuld,Bayern                                  ,49.1
2522,3,6.9,Karlsruhe,Baden-Württemberg                       ,59.6
2532,3,4.8,Kassel,Hessen                                  ,57.7
2533,3,4.8,Kassel-Harleshausen,Hessen                                  ,59.9
2542,3,2.9,Kaufbeuren,Bayern                                  ,80.7
2543,3,4.2,Kaufering,Bayern                                  ,66.3
2546,3,7.1,Kehl-Odelshofen,Baden-Württemberg                       ,58.0
2559,3,3.4,Kempten,Bayern                                  ,94.9
2564,3,4.0,Kiel-Holtenau,Schleswig-Holstein                      ,57.0
2565,3,4.0,Kiel-Kronshagen,Schleswig-Holstein                      ,61.6
2575,3,4.3,Kirchberg/Jagst-Herboldshausen,Baden-Württemberg                       ,77.1
2578,3,4.1,Kirchdorf/Poel,Mecklenburg-Vorpommern                  ,39.5
2597,3,4.7,"Kissingen, Bad",Bayern                                  ,54.9
2600,3,5.3,Kitzingen,Bayern                                  ,46.5
2601,3,1.5,Kleiner Feldberg/Taunus,Hessen                                  ,92.0
2609,3,4.1,Klein Rönnau,Schleswig-Holstein                      ,63.7
2618,3,1.1,Kleiner Inselsberg,Thüringen                               ,112.6
2621,3,4.8,Kleinmachnow,Brandenburg                             ,41.8
2627,3,4.3,Schipkau-Klettwitz,Brandenburg                             ,49.0
2629,3,6.0,Kleve,Nordrhein-Westfalen                     ,64.6
2638,3,2.1,Klippeneck,Baden-Württemberg                       ,70.0
2641,3,4.8,Klitzschen bei Torgau,Sachsen                                 ,47.0
2654,3,6.0,Knittlingen,Baden-Württemberg                       ,65.4
2657,3,6.7,Koblenz-Horchheim,Rheinland-Pfalz                         ,50.0
2665,3,7.1,Köln-Botanischer Garten,Nordrhein-Westfalen                     ,65.9
2667,3,6.4,Köln/Bonn,Nordrhein-Westfalen                     ,64.6
2680,3,4.2,"Königshofen, Bad",Bayern                                  ,42.3
2689,3,4.6,Königsmoor,Niedersachsen                           ,65.1
2691,3,4.4,Königsmoos-Untermaxfeld,Bayern                                  ,50.8
2700,3,4.3,Kösching,Bayern                                  ,49.9
2701,3,4.8,"Kösen, Bad",Sachsen-Anhalt                          ,45.7
2703,3,3.3,Köterberg,Nordrhein-Westfalen                     ,
2704,3,5.0,Köthen (Anhalt),Sachsen-Anhalt                          ,39.5
2708,3,3.1,"Kohlgrub, Bad (Rosshof)",Bayern                                  ,98.0
2712,3,5.5,Konstanz,Baden-Württemberg                       ,54.7
2717,3,3.6,Korbach-Lengefeld,Hessen                                  ,68.7
2750,3,3.9,Kronach,Bayern                                  ,64.4
2761,3,3.8,Krumbach-Edenhausen,Bayern                                  ,67.9
2770,3,4.1,Kükels,Schleswig-Holstein                      ,66.9
2773,3,3.7,Kümmersbruck,Bayern                                  ,
2775,3,5.4,Künzelsau,Baden-Württemberg                       ,74.8
2780,3,3.9,Kulmbach,Bayern                                  ,
2783,3,4.2,Kumhausen,Bayern                                  ,64.6
2790,3,5.0,Kusel-Fünfbirken,Rheinland-Pfalz                         ,75.9
2794,3,4.3,Kyritz,Brandenburg                             ,44.0
2796,3,3.6,Laage (Flugplatz),Mecklenburg-Vorpommern                  ,
2812,3,6.5,Lahr,Baden-Württemberg                       ,57.0
2814,3,2.6,Merklingen,Baden-Württemberg                       ,88.9
2821,3,4.4,Lamspringe,Niedersachsen                           ,66.7
2829,3,3.7,Landsberg (Flugplatz),Bayern                                  ,
2830,3,3.8,Landsberg/Lech,Bayern                                  ,70.3
2831,3,4.4,Landshut,Bayern                                  ,56.0
2843,3,6.3,,,
2856,3,4.5,Langenlipsdorf,Brandenburg                             ,41.0
2857,3,4.7,"Langensalza, Bad",Thüringen                               ,38.8
2861,3,4.8,Langeoog,Niedersachsen                           ,53.9
2872,3,5.2,Lathen,Niedersachsen                           ,61.7
2878,3,5.1,"Lauchstädt, Bad",Sachsen-Anhalt                          ,34.8
2879,3,5.3,Lauda-Königshofen-Gerlachsheim,Baden-Württemberg                       ,54.6
2886,3,4.1,Laupheim,Baden-Württemberg                       ,
2905,3,4.0,Lechfeld,Bayern                                  ,
2906,3,3.5,Leck (A),Schleswig-Holstein                      ,61.0
2907,3,3.3,Leck,Schleswig-Holstein                      ,57.0
2912,3,3.7,Lehbek,Schleswig-Holstein                      ,56.2
2915,3,1.6,Lehesten/Thüringer Wald,Thüringen                               ,74.9
2920,3,4.1,Leiblfing,Bayern                                  ,52.1
2923,3,3.4,Leinau,Bayern                                  ,79.4
2925,3,3.6,Leinefelde,Thüringen                               ,62.2
2928,3,5.0,Leipzig-Holzhausen,Sachsen                                 ,48.3
2931,3,5.0,Leipzig-Mockau,Sachsen                                 ,48.1
2932,3,4.6,Leipzig/Halle,Sachsen                                 ,38.8
2947,3,4.3,Lennestadt-Theten,Nordrhein-Westfalen                     ,94.7
2949,3,3.3,Lenningen-Schopfloch,Baden-Württemberg                       ,77.9
2950,3,3.8,Lensahn,Schleswig-Holstein                      ,50.5
2951,3,4.4,Lenzen/Elbe,Brandenburg                             ,47.4
2953,3,2.2,Lenzkirch-Ruhbühl,Baden-Württemberg                       ,107.6
2963,3,5.1,Leunawerke,Sachsen-Anhalt                          ,39.1
2968,3,7.3,Köln-Stammheim,Nordrhein-Westfalen                     ,61.7
2985,3,3.6,Lichtenhain-Mittelndorf,Sachsen                                 ,66.0
2996,3,3.9,"Liebenzell, Bad",Baden-Württemberg                       ,78.1
3001,3,5.9,Liliental,Baden-Württemberg                       ,57.2
3004,3,5.8,Limburg/Lahn-Offheim,Hessen                                  ,55.8
3007,3,6.8,Limburgerhof,Rheinland-Pfalz                         ,44.5
3015,3,4.3,Lindenberg,Brandenburg                             ,44.1
3016,3,3.1,Lindenberg/Allgäu,Bayern                                  ,159.8
3017,3,5.6,Lindenfels,Hessen                                  ,101.0
3018,3,4.6,Lindenfels-Winterkasten,Hessen                                  ,104.4
3023,3,5.8,Lingen,Niedersachsen                           ,66.8
3028,3,5.0,"Lippspringe, Bad",Nordrhein-Westfalen                     ,78.6
3031,3,5.8,Lippstadt-Bökenförde,Nordrhein-Westfalen                     ,70.1
3034,3,2.7,"Lobenstein, Bad",Thüringen                               ,70.8
3042,3,4.6,Löhnberg-Obershausen,Hessen                                  ,77.0
3044,3,5.4,Löningen,Niedersachsen                           ,70.0
3045,3,5.2,Löningen-Hagel,Niedersachsen                           ,66.2
3062,3,6.4,Lorch/Rhein,Hessen                                  ,46.0
3076,3,6.8,Ludwigshafen-Mundenheim,Rheinland-Pfalz                         ,42.7
3082,3,4.6,Lübben,Brandenburg                             ,41.3
3083,3,4.6,Lübben-Blumenfelde,Brandenburg                             ,41.0
3085,3,4.2,Lübeck,Schleswig-Holstein                      ,50.1
3086,3,4.0,Lübeck-Blankensee,Schleswig-Holstein                      ,55.0
3088,3,4.2,Lübeck-Werft,Schleswig-Holstein                      ,49.6
3096,3,4.1,Lüdenscheid (Zeppelin-Gymnasium),Nordrhein-Westfalen                     ,110.6
3098,3,4.2,Lüdenscheid,Nordrhein-Westfalen                     ,112.0
3101,3,6.0,Lüdinghausen,Nordrhein-Westfalen                     ,71.5
3103,3,4.7,Lüneburg,Niedersachsen                           ,51.9
3113,3,2.9,Luisenthal/Ohra,Thüringen                               ,89.7
3126,3,5.0,Magdeburg,Sachsen-Anhalt                          ,38.6
3135,3,4.2,Mainhardt-Ziegelbronn,Baden-Württemberg                       ,96.4
3137,3,6.2,Mainz-Lerchenberg (ZDF),Rheinland-Pfalz                         ,47.8
3139,3,4.1,Maisach-Gernlinden,Bayern                                  ,62.0
3147,3,4.3,Mallersdorf-Pfaffenberg-Oberlindhart,Bayern                                  ,49.6
3155,3,4.1,Manderscheid-Sonnenhof,Rheinland-Pfalz                         ,84.2
3158,3,4.3,Manschnow,Brandenburg                             ,29.0
3160,3,4.0,Vatterode-Gräfenstuhl,Sachsen-Anhalt                          ,45.0
3164,3,5.1,"Cölbe, Kr. Marburg-Biedenkopf",Hessen                                  ,54.0
3166,3,1.9,Marienberg,Sachsen                                 ,64.0
3196,3,3.9,Marnitz,Mecklenburg-Vorpommern                  ,53.3
3204,3,3.4,Martinroda,Thüringen                               ,60.4
3211,3,1.1,Mauth-Finsterau,Bayern                                  ,130.6
3212,3,5.6,Mayen,Rheinland-Pfalz                         ,49.2
3222,3,5.4,Meerbeck,Niedersachsen                           ,55.5
3223,3,5.4,Meersburg,Baden-Württemberg                       ,56.9
3226,3,4.9,Aschersleben-Mehringen,Sachsen-Anhalt                          ,41.6
3228,3,3.5,Meinerzhagen (A),Nordrhein-Westfalen                     ,143.5
3231,3,3.3,Meiningen,Thüringen                               ,51.4
3234,3,4.8,Klipphausen-Garsebach,Sachsen                                 ,47.0
3236,3,5.2,Melle,Niedersachsen                           ,66.0
3244,3,3.7,Memmingen,Bayern                                  ,64.3
3245,3,3.6,Memmingen (Flugplatz),Bayern                                  ,
3246,3,6.0,Mendig,Rheinland-Pfalz                         ,
3254,3,5.5,Meppen,Niedersachsen                           ,
3257,3,5.0,"Mergentheim, Bad-Neunkirchen",Baden-Württemberg                       ,67.3
3265,3,4.1,Mespelbrunn,Bayern                                  ,83.8
3268,3,2.0,Meßstetten-Appental,Baden-Württemberg                       ,80.2
3271,3,3.9,Metten,Bayern                                  ,80.0
3278,3,5.3,Metzingen,Baden-Württemberg                       ,57.8
3284,3,5.3,Michelstadt,Hessen                                  ,84.4
3287,3,4.3,Michelstadt-Vielbrunn,Hessen                                  ,91.0
3289,3,3.7,Schmieritz-Weltwitz,Thüringen                               ,49.5
3291,3,5.8,Miltenberg,Bayern                                  ,64.3
3300,3,5.5,Mittel-Gründau,Hessen                                  ,61.8
3307,3,2.2,Mittenwald-Buckelwiesen,Bayern                                  ,103.9
3313,3,4.7,Modautal-Neunkirchen,Hessen                                  ,103.4
3317,3,4.1,Mölln,Schleswig-Holstein                      ,63.1
3319,3,5.4,Röllbach,Bayern                                  ,62.5
3320,3,6.4,Mönchengladbach,Nordrhein-Westfalen                     ,59.8
3340,3,5.0,Montabaur,Rheinland-Pfalz                         ,80.0
3348,3,4.0,Moringen-Lutterbeck,Niedersachsen                           ,74.0
3362,3,5.7,Mühlacker,Baden-Württemberg                       ,62.0
3366,3,3.9,Mühldorf,Bayern                                  ,63.4
3370,3,3.9,Mühlhausen,Thüringen                               ,60.6
3376,3,3.9,Müncheberg,Brandenburg                             ,40.7
3382,3,4.8,München-Bogenhausen,Bayern                                  ,66.2
3383,3,4.8,München-Botanischer Garten,Bayern                                  ,68.0
3385,3,4.6,München-Nymphenburg,Bayern                                  ,68.0
3388,3,4.3,München-Perlach,Bayern                                  ,73.7
3390,3,4.2,München-Riem,Bayern                                  ,71.0
3402,3,2.8,Münsingen-Apfelstetten,Baden-Württemberg                       ,71.4
3404,3,5.8,Münster,Nordrhein-Westfalen                     ,65.1
3425,3,4.4,Murrhardt,Baden-Württemberg                       ,109.1
3426,3,4.3,"Muskau, Bad",Sachsen                                 ,46.7
3432,3,4.2,Nagold,Baden-Württemberg                       ,66.0
3442,3,5.8,"Nauheim, Bad",Hessen                                  ,46.5
3484,3,4.4,Neuburg/Donau (Flugplatz),Bayern                                  ,
3485,3,4.1,Neuburg/Kammel-Langenhaslach,Bayern                                  ,58.0
3486,3,5.8,Neudenau,Baden-Württemberg                       ,70.0
3490,3,6.2,"Neuenahr, Bad-Ahrweiler",Rheinland-Pfalz                         ,56.7
3509,3,3.6,Menz,Brandenburg                             ,47.1
3513,3,0.7,Neuhaus am Rennweg,Thüringen                               ,113.0
3518,3,2.8,Neuhausen ob Eck,Baden-Württemberg                       ,68.8
3519,3,3.4,Neuhausen ob Eck-Unterschwandorf,Baden-Württemberg                       ,62.0
3527,3,3.1,Neukirchen-Hauptschwenda,Hessen                                  ,64.3
3537,3,4.3,Neumünster,Schleswig-Holstein                      ,66.6
3540,3,5.5,Neunkirchen-Seelscheid-Krawinkel,Nordrhein-Westfalen                     ,93.0
3541,3,5.7,Neunkirchen-Seelscheid-Meisenbach,Nordrhein-Westfalen                     ,89.8
3545,3,5.7,Neunkirchen-Wellesweiler,Saarland                                ,74.0
3552,3,4.1,Neuruppin,Brandenburg                             ,40.1
3565,3,4.5,Neustadt/Aisch,Bayern                                  ,58.6
3571,3,3.4,Neustadt am Kulm-Filchendorf,Bayern                                  ,64.2
3575,3,6.7,Neustadt/Weinstraße,Rheinland-Pfalz                         ,47.7
3576,3,6.7,Neustadt/Weinstraße (Heidehof),Rheinland-Pfalz                         ,40.7
3577,3,3.7,Neustrelitz,Mecklenburg-Vorpommern                  ,50.0
3591,3,4.9,Nideggen-Schmidt,Nordrhein-Westfalen                     ,78.0
3595,3,4.8,Niederelbert,Rheinland-Pfalz                         ,88.5
3603,3,4.1,Niederstetten,Baden-Württemberg                       ,
3605,3,4.3,Niederstotzingen,Baden-Württemberg                       ,45.0
3612,3,5.0,Nienburg,Niedersachsen                           ,61.0
3621,3,4.3,Reimlingen,Bayern                                  ,43.3
3623,3,6.4,Nörvenich (Flugplatz),Nordrhein-Westfalen                     ,
3639,3,4.4,Nordholz (Flugplatz),Niedersachsen                           ,
3640,3,5.7,Nordhorn-Blanke,Niedersachsen                           ,67.8
3659,3,3.2,Nürburg,Rheinland-Pfalz                         ,75.2
3660,3,4.0,Nürburg-Barweiler,Rheinland-Pfalz                         ,64.0
3666,3,4.5,Nürnberg-Buchenbuehl,Bayern                                  ,56.3
3667,3,3.9,Nürnberg-Netzstall,Bayern                                  ,59.9
3668,3,4.8,Nürnberg,Bayern                                  ,47.0
3671,3,5.6,Nürtingen,Baden-Württemberg                       ,55.8
3672,3,4.5,Nufringen,Baden-Württemberg                       ,53.0
3679,3,3.8,Kiefersfelden-Gach,Bayern                                  ,101.0
3694,3,0.4,Oberhof,Thüringen                               ,125.8
3702,3,4.1,Münstertal-Obermünstertal,Baden-Württemberg                       ,95.0
3705,3,4.0,Oberndorf/Neckar-Aistaig,Baden-Württemberg                       ,82.0
3722,3,4.1,Oberschleißheim,Bayern                                  ,59.3
3730,3,1.7,Oberstdorf,Bayern                                  ,140.3
3734,3,5.9,Obersulm-Willsbach,Baden-Württemberg                       ,71.8
3735,3,4.1,Obertaufkirchen,Bayern                                  ,66.0
3739,3,2.7,Oberviechtach,Bayern                                  ,60.6
3744,3,4.3,Oberweser-Gieselwerder,Hessen                                  ,78.7
3751,3,3.5,Ochsenhausen-Mittelbuch,Baden-Württemberg                       ,68.9
3752,3,0.7,Ochsenkopf,Bayern                                  ,120.3
3753,3,5.8,Ochtrup,Nordrhein-Westfalen                     ,68.5
3761,3,5.7,Öhringen,Baden-Württemberg                       ,72.7
3776,3,6.7,Offenbach/M. (Stadt),Hessen                                  ,51.9
3777,3,6.8,Offenburg,Baden-Württemberg                       ,66.0
3788,3,3.4,Olbersdorf,Sachsen                                 ,55.4
3790,3,5.0,Oldenburg (A),Niedersachsen                           ,64.4
3791,3,5.0,Oldenburg,Niedersachsen                           ,66.0
3811,3,4.6,Oschatz,Sachsen                                 ,43.9
3815,3,5.5,Osnabrück,Niedersachsen                           ,71.0
3818,3,4.4,Osterburg,Sachsen-Anhalt                          ,
3821,3,4.4,Osterfeld,Sachsen-Anhalt                          ,46.0
3825,3,5.2,Osterhof,Saarland                                ,85.1
3836,3,3.9,Ostheim v.d. Rhön,Bayern                                  ,50.0
3856,3,1.9,Oy-Mittelberg,Bayern                                  ,110.7
3857,3,2.5,Oy-Mittelberg-Petersthal,Bayern                                  ,114.0
3867,3,5.1,Papenburg,Niedersachsen                           ,64.6
3875,3,3.4,Parsberg/Oberpfalz-Eglwang,Bayern                                  ,66.5
3878,3,4.4,Passau-Maierhof,Bayern                                  ,74.5
3879,3,4.3,Passau-Oberhaus,Bayern                                  ,77.2
3883,3,3.0,Pausa-Unterreichenau,Sachsen                                 ,51.1
3897,3,4.2,Pelzerhaken,Schleswig-Holstein                      ,47.0
3903,3,6.3,Perl-Besch,Saarland                                ,62.4
3904,3,6.3,Perl-Nennig,Saarland                                ,63.0
3915,3,4.1,Petkus,Brandenburg                             ,42.7
3922,3,4.0,Pfofeld-Langlau,Bayern                                  ,55.4
3925,3,5.3,Pforzheim-Ispringen,Baden-Württemberg                       ,74.0
3927,3,3.0,Pfullendorf,Baden-Württemberg                       ,55.9
3929,3,6.8,Philippsburg,Baden-Württemberg                       ,56.0
3939,3,4.2,Pirmasens,Rheinland-Pfalz                         ,82.4
3946,3,3.6,Plauen,Sachsen                                 ,42.0
3955,3,3.9,Plön (See),Schleswig-Holstein                      ,49.7
3974,3,3.9,Pommelsbrunn,Bayern                                  ,87.1
3975,3,3.1,Pommelsbrunn-Mittelburg,Bayern                                  ,86.0
3987,3,4.5,Potsdam,Brandenburg                             ,42.4
3988,3,4.4,Potsdam (Säkularstation),Brandenburg                             ,44.1
4005,3,3.9,Prien-Stock,Bayern                                  ,102.5
4018,3,4.0,Puch,Bayern                                  ,74.1
4024,3,3.2,Putbus,Mecklenburg-Vorpommern                  ,45.0
4029,3,5.3,Quakenbrück,Niedersachsen                           ,
4032,3,4.7,Quedlinburg,Sachsen-Anhalt                          ,39.0
4036,3,4.3,Querfurt-Mühle Lodersleben,Sachsen-Anhalt                          ,41.3
4038,3,4.2,Quickborn (Kurzer Kamp),Schleswig-Holstein                      ,67.2
4039,3,4.3,Quickborn,Schleswig-Holstein                      ,66.0
4053,3,5.2,Radolfzell-Markelfingen,Baden-Württemberg                       ,51.0
4063,3,5.1,Rahden-Kleinendorf,Nordrhein-Westfalen                     ,55.4
4066,3,4.0,Raisting,Bayern                                  ,67.0
4077,3,6.8,Rastatt,Baden-Württemberg                       ,74.9
4079,3,4.5,Rastenberg,Thüringen                               ,
4091,3,-0.7,Rauschberg bei Ruhpolding,Bayern                                  ,192.6
4094,3,4.7,"Weingarten, Kr. Ravensburg",Baden-Württemberg                       ,62.0
4100,3,6.0,Recklinghausen,Nordrhein-Westfalen                     ,71.9
4104,3,4.5,Regensburg,Bayern                                  ,46.1
4127,3,4.7,Reichshof-Eckenhagen,Nordrhein-Westfalen                     ,119.0
4149,3,1.2,Marienberg-Reitzenhain,Sachsen                                 ,72.0
4152,3,3.0,Remetschwiel,Baden-Württemberg                       ,109.9
4154,3,4.6,Remscheid-Lennep,Nordrhein-Westfalen                     ,132.0
4156,3,4.0,Rendsburg,Schleswig-Holstein                      ,67.1
4160,3,4.4,Renningen-Ihinger Hof,Baden-Württemberg                       ,53.7
4166,3,5.4,Reutlingen-Betzingen,Baden-Württemberg                       ,55.5
4169,3,6.5,Rheinau-Memprechtshofen,Baden-Württemberg                       ,66.3
4174,3,5.7,Rheine-Bentlage,Nordrhein-Westfalen                     ,
4175,3,6.5,Rheinfelden,Baden-Württemberg                       ,74.8
4177,3,6.7,Rheinstetten,Baden-Württemberg                       ,65.0
4189,3,4.0,"Altheim, Kreis Biberach",Baden-Württemberg                       ,44.8
4222,3,3.3,Rodewisch,Sachsen                                 ,60.4
4233,3,3.4,Röhrigshof bei Schlüchtern,Hessen                                  ,82.9
4240,3,4.4,Roetgen,Nordrhein-Westfalen                     ,91.1
4261,3,4.7,Rosenheim,Bayern                                  ,72.6
4271,3,4.2,Rostock-Warnemünde,Mecklenburg-Vorpommern                  ,41.5
4275,3,4.6,Rotenburg (Wümme),Niedersachsen                           ,68.5
4278,3,4.4,Roth bei Nürnberg,Bayern                                  ,55.0
4280,3,4.1,Roth,Bayern                                  ,54.9
4287,3,4.3,Rothenburg ob der Tauber,Bayern                                  ,57.3
4288,3,5.4,"Rothenfelde, Bad",Niedersachsen                           ,74.5
4294,3,5.1,Rottenburg-Kiebingen,Baden-Württemberg                       ,45.3
4300,3,3.5,Rottweil,Baden-Württemberg                       ,62.0
4301,3,6.4,"Kreuznach, Bad",Rheinland-Pfalz                         ,39.1
4318,3,1.9,Ruhpolding,Bayern                                  ,176.1
4320,3,4.0,Ruhwinkel,Schleswig-Holstein                      ,64.4
4323,3,4.6,Ruppertsecken,Rheinland-Pfalz                         ,50.8
4327,3,1.6,Rusel-Irlmoos,Bayern                                  ,142.0
4330,3,5.1,Rutesheim,Baden-Württemberg                       ,56.2
4332,3,4.4,Saalfeld,Thüringen                               ,41.0
4336,3,5.4,Saarbrücken-Ensheim,Saarland                                ,72.4
4339,3,6.6,Saarbrücken-Sankt Johann,Saarland                                ,69.3
4347,3,3.1,"Sachsa, Bad",Niedersachsen                           ,93.2
4349,3,6.0,Sachsenheim,Baden-Württemberg                       ,54.0
4350,3,5.5,"Säckingen, Bad (Bergseestr.)",Baden-Württemberg                       ,84.2
4354,3,3.0,Saldenburg-Entschenreuth,Bayern                                  ,112.9
4364,3,4.9,Salzgitter-Ringelheim,Niedersachsen                           ,61.6
4367,3,4.6,Salzhemmendorf-Lauenstein,Niedersachsen                           ,75.0
4371,3,5.4,"Salzuflen, Bad",Nordrhein-Westfalen                     ,67.7
4373,3,4.4,Salzwedel,Sachsen-Anhalt                          ,43.3
4377,3,3.3,Sandberg,Bayern                                  ,80.4
4386,3,2.2,Sankt Blasien,Baden-Württemberg                       ,145.4
4391,3,4.2,Sankt Michaelisdonn,Schleswig-Holstein                      ,59.0
4396,3,5.0,Sankt Wendel-Hof,Saarland                                ,90.2
4397,3,4.9,Sankt Wendel-Urweiler,Saarland                                ,81.7
4401,3,5.8,"Sassendorf, Bad-Ostinghausen",Nordrhein-Westfalen                     ,65.1
4411,3,5.9,Schaafheim-Schlierbach,Hessen                                  ,53.1
4419,3,6.9,Schallstadt-Mengen,Baden-Württemberg                       ,51.0
4425,3,4.4,Schaumberg-Tholey,Saarland                                ,92.3
4433,3,4.0,Schemmerhofen-Ingerkingen,Baden-Württemberg                       ,44.7
4436,3,4.0,Schenklengsfeld,Hessen                                  ,56.1
4438,3,4.4,Scheßlitz,Bayern                                  ,61.1
4442,3,5.0,Schieder,Nordrhein-Westfalen                     ,75.0
4445,3,0.7,Wernigerode-Schierke,Sachsen-Anhalt                          ,138.1
4464,3,2.9,Schleiz,Thüringen                               ,53.0
4466,3,3.8,Schleswig,Schleswig-Holstein                      ,67.0
4468,3,3.8,Schleswig-Stadtfeld,Schleswig-Holstein                      ,66.2
4474,3,5.7,Schlossböckelheim,Rheinland-Pfalz                         ,46.7
4479,3,3.7,Schlüchtern-Kloster Gomfritz,Hessen                                  ,80.3
4480,3,4.7,Schlüchtern-Herolz,Hessen                                  ,77.0
4484,3,4.3,Schmalenbeck,Schleswig-Holstein                      ,72.2
4485,3,4.1,"Schmalkalden, Kurort",Thüringen                               ,60.9
4489,3,4.3,Schmatzfeld,Sachsen-Anhalt                          ,54.2
4490,3,5.5,Schmelz-Hüttersdorf,Saarland                                ,84.8
4501,3,0.0,Schmücke,Thüringen                               ,119.3
4505,3,1.6,Schnarrtanne-Vogelsgrün,Sachsen                                 ,79.8
4508,3,2.6,Schneifelforsthaus,Rheinland-Pfalz                         ,113.2
4548,3,2.0,Schönwald/Ofr.-Brunn,Bayern                                  ,59.9
4549,3,1.3,Schönwald/Schwarzwald,Baden-Württemberg                       ,168.8
4557,3,5.0,Schopfheim-Eichen,Baden-Württemberg                       ,100.6
4559,3,3.7,Schorndorf-Knöbling,Bayern                                  ,53.0
4560,3,4.6,Schotten,Hessen                                  ,80.9
4571,3,2.4,Schulenberg,Niedersachsen                           ,115.5
4576,3,4.4,Schwabach (A),Bayern                                  ,53.7
4581,3,5.0,Schwäbisch Gmünd-Strassdorf,Baden-Württemberg                       ,77.8
4582,3,4.9,Schwäbisch Hall-Bibersfeld,Baden-Württemberg                       ,81.0
4584,3,4.2,Schwaigermoos,Bayern                                  ,54.9
4586,3,4.6,"Schwalbach, Bad",Hessen                                  ,68.7
4592,3,4.1,Schwandorf,Bayern                                  ,44.6
4593,3,4.7,Schwanebeck,Sachsen-Anhalt                          ,44.9
4597,3,2.9,Schwangau-Horn,Bayern                                  ,94.7
4605,3,3.9,Schwarzburg,Thüringen                               ,46.4
4606,3,4.5,Schwarze Pumpe,Brandenburg                             ,52.1
4612,3,3.3,Schwarzenberg,Sachsen                                 ,67.5
4621,3,5.0,Schweinfurt-Gartenstadt,Bayern                                  ,43.5
4625,3,4.1,Schwerin,Mecklenburg-Vorpommern                  ,48.5
4629,3,3.6,Schwesing,Schleswig-Holstein                      ,57.3
4642,3,4.3,Seehausen,Sachsen-Anhalt                          ,42.8
4649,3,5.6,Seelscheid,Nordrhein-Westfalen                     ,90.9
4651,3,4.4,Seesen,Niedersachsen                           ,71.6
4656,3,4.1,"Segeberg, Bad",Schleswig-Holstein                      ,62.2
4664,3,2.1,Selb/Oberfranken-Wildenau,Bayern                                  ,57.2
4692,3,4.9,Siegen (Kläranlage),Nordrhein-Westfalen                     ,111.6
4702,3,3.2,Sigmaringen (Flugplatz),Baden-Württemberg                       ,
4703,3,3.3,Sigmaringen-Laiz,Baden-Württemberg                       ,51.4
4704,3,4.7,Sigmarszell-Zeisertsweiler,Bayern                                  ,102.9
4705,3,1.5,Silberhütte,Bayern                                  ,75.4
4706,3,4.6,Simbach/Inn,Bayern                                  ,73.0
4709,3,4.2,Simmern-Wahlbach,Rheinland-Pfalz                         ,53.1
4719,3,6.1,Sinsheim,Baden-Württemberg                       ,68.5
4729,3,4.1,Steinau-Seidenroth,Hessen                                  ,80.9
4741,3,5.7,Solingen-Hohenscheid,Nordrhein-Westfalen                     ,96.4
4745,3,4.2,Soltau,Niedersachsen                           ,72.1
4748,3,4.5,Sondershausen,Thüringen                               ,46.1
4752,3,2.0,Sonneberg-Neufang,Thüringen                               ,92.0
4763,3,4.3,Sontra,Hessen                                  ,60.0
4765,3,4.8,"Sooden-Allendorf, Bad",Hessen                                  ,64.0
4775,3,3.7,Speinshart,Bayern                                  ,60.6
4782,3,4.8,Spören-Prussendorf,Sachsen-Anhalt                          ,39.4
4813,3,3.8,"Staffelstein, Bad-Stublang",Bayern                                  ,56.6
4818,3,2.2,Stammbach-Querenbach,Bayern                                  ,83.2
4837,3,6.0,Stegen,Baden-Württemberg                       ,84.4
4841,3,4.5,"Steinau, Kr. Cuxhaven",Niedersachsen                           ,59.8
4847,3,2.9,Steinberg,Niedersachsen                           ,85.3
4857,3,4.7,Mittelnkirchen-Hohenfelde,Niedersachsen                           ,65.0
4878,3,2.4,Oberharz am Brocken-Stiege,Sachsen-Anhalt                          ,81.2
4881,3,4.3,Stockach,Baden-Württemberg                       ,55.0
4896,3,3.5,Wagersrott,Schleswig-Holstein                      ,57.2
4911,3,4.2,Straubing,Bayern                                  ,57.0
4926,3,7.1,Stuttgart (Neckartal),Baden-Württemberg                       ,42.9
4927,3,6.4,Stuttgart-Stadt,Baden-Württemberg                       ,48.5
4928,3,6.2,Stuttgart (Schnarrenberg),Baden-Württemberg                       ,40.3
4931,3,5.2,Stuttgart-Echterdingen,Baden-Württemberg                       ,47.6
4933,3,5.3,Stuttgart-Hohenheim,Baden-Württemberg                       ,46.2
4939,3,4.4,"Suderode, Bad",Sachsen-Anhalt                          ,
4977,3,4.6,Tangermünde,Sachsen-Anhalt                          ,37.5
4978,3,3.8,Tann/Rhön,Hessen                                  ,68.6
4987,3,5.1,Tauberbischofsheim-Dittigheim,Baden-Württemberg                       ,56.9
4997,3,4.4,Starkenberg-Tegkwitz,Thüringen                               ,45.0
5009,3,3.6,Teterow,Mecklenburg-Vorpommern                  ,43.0
5014,3,4.6,Worpswede-Hüttenbusch,Niedersachsen                           ,59.5
5017,3,1.9,Teuschnitz,Bayern                                  ,88.3
5024,3,4.7,Möckern-Räckendorf,Sachsen-Anhalt                          ,44.2
5029,3,5.1,Tholey,Saarland                                ,90.5
5032,3,5.4,Thüngersheim,Bayern                                  ,52.0
5039,3,4.4,Tiefenort,Thüringen                               ,50.0
5046,3,3.0,Tirschenreuth-Lodermühl,Bayern                                  ,58.0
5047,3,1.8,Titisee-Neustadt-Langenordnach,Baden-Württemberg                       ,114.0
5059,3,2.0,Todtmoos,Baden-Württemberg                       ,188.3
5063,3,3.2,"Tölz, Bad",Bayern                                  ,104.6
5064,3,6.6,Tönisvorst,Nordrhein-Westfalen                     ,60.5
5067,3,2.6,Torfhaus im Solling,Niedersachsen                           ,105.6
5068,3,4.7,Torgau,Sachsen                                 ,44.1
5074,3,3.7,Traunstein-Sparz,Bayern                                  ,127.8
5075,3,3.7,Traunstein-Axdorf,Bayern                                  ,125.5
5078,3,4.3,Travemünde,Schleswig-Holstein                      ,52.1
5088,3,3.3,Trent,Mecklenburg-Vorpommern                  ,39.5
5097,3,3.4,Tribsees,Mecklenburg-Vorpommern                  ,43.6
5099,3,6.6,Trier-Zewen,Rheinland-Pfalz                         ,57.0
5100,3,5.9,Trier-Petrisberg,Rheinland-Pfalz                         ,61.9
5105,3,2.9,Trochtelfingen,Baden-Württemberg                       ,66.7
5107,3,2.6,Trochtelfingen-Wilsingen,Baden-Württemberg                       ,64.0
5109,3,3.6,Trollenhagen,Mecklenburg-Vorpommern                  ,42.4
5111,3,4.1,Trostberg,Bayern                                  ,84.2
5120,3,5.3,Tübingen,Baden-Württemberg                       ,
5127,3,3.1,Tuttlingen,Baden-Württemberg                       ,62.5
5128,3,3.5,Tuttlingen-Möhringen-Vorstadt,Baden-Württemberg                       ,60.9
5133,3,4.2,Twistetal-Mühlhausen,Hessen                                  ,56.1
5138,3,5.0,Überlingen/Bodensee,Baden-Württemberg                       ,59.9
5142,3,3.7,Ueckermünde,Mecklenburg-Vorpommern                  ,38.4
5146,3,4.4,Uelzen,Niedersachsen                           ,53.0
5149,3,4.7,Gollhofen,Bayern                                  ,52.0
5155,3,4.2,Ulm,Baden-Württemberg                       ,49.2
5158,3,4.3,Ummendorf,Sachsen-Anhalt                          ,43.0
5165,3,3.7,Unterlüß,Niedersachsen                           ,70.7
5185,3,4.3,Uttenreuth,Bayern                                  ,62.2
5229,3,3.1,Villingen-Schwenningen,Baden-Württemberg                       ,69.2
5236,3,4.9,Visbek,Niedersachsen                           ,74.9
5244,3,6.5,Völklingen-Stadt,Saarland                                ,55.9
5250,3,6.8,Vogtsburg-Oberrotweil,Baden-Württemberg                       ,
5252,3,4.9,Voldagsen,Niedersachsen                           ,69.4
5267,3,4.9,Wackersleben,Sachsen-Anhalt                          ,48.8
5275,3,6.8,Waghäusel-Kirrlach,Baden-Württemberg                       ,54.0
5277,3,4.1,Wahlen,Hessen                                  ,
5279,3,4.7,Wesertal-Lippoldsberg,Hessen                                  ,69.1
5280,3,3.9,Wittenborn,Schleswig-Holstein                      ,68.1
5282,3,4.6,Wahnsdorf bei Dresden,Sachsen                                 ,48.7
5284,3,6.1,Waiblingen,Baden-Württemberg                       ,57.1
5291,3,1.3,Waldau-Jostal,Baden-Württemberg                       ,133.2
5296,3,3.9,Waldeck,Hessen                                  ,49.3
5300,3,4.4,Waldems-Reinborn,Hessen                                  ,57.7
5306,3,1.0,Waldhäuser (National Park),Bayern                                  ,126.6
5317,3,2.6,Waldsassen,Bayern                                  ,53.2
5320,3,5.1,Waldshut,Baden-Württemberg                       ,101.9
5335,3,3.8,Waltershausen,Thüringen                               ,69.0
5344,3,4.6,Wangerooge,Niedersachsen                           ,55.0
5347,3,4.4,Warburg,Nordrhein-Westfalen                     ,58.0
5349,3,3.5,Waren (Müritz),Mecklenburg-Vorpommern                  ,48.0
5361,3,4.6,Wartenberg-Angersbach,Hessen                                  ,57.9
5369,3,4.3,Wasserburg,Bayern                                  ,77.2
5371,3,0.5,Wasserkuppe,Hessen                                  ,93.8
5377,3,-2.4,Watzmannhaus,Bayern                                  ,218.1
5397,3,3.7,Weiden,Bayern                                  ,52.3
5398,3,4.0,"Weidenbach, Kr.Ansbach",Bayern                                  ,51.1
5403,3,4.7,Weigenheim-Reusch,Bayern                                  ,49.7
5404,3,3.9,Weihenstephan-Dürnast,Bayern                                  ,50.4
5410,3,5.3,Weilburg (Kläranlage),Hessen                                  ,65.5
5419,3,4.4,Weimar,Thüringen                               ,44.0
5424,3,3.9,Weimar-Schöndorf,Thüringen                               ,42.4
5426,3,4.2,Weinbiet,Rheinland-Pfalz                         ,47.5
5429,3,6.2,Weinsberg,Baden-Württemberg                       ,62.2
5431,3,4.3,Weisen bei Wittenberge,Sachsen-Anhalt                          ,48.0
5433,3,5.3,Weiskirchen/Saar,Saarland                                ,107.8
5434,3,3.8,Weismain,Bayern                                  ,73.1
5435,3,4.9,Weissach,Baden-Württemberg                       ,61.7
5440,3,4.2,Weißenburg-Emetzheim,Bayern                                  ,49.0
5442,3,5.2,Weißenfels,Sachsen-Anhalt                          ,36.2
5445,3,4.5,Weißensee-Ottenhausen,Thüringen                               ,37.7
5453,3,6.6,Weisweil-Waldeckhof,Baden-Württemberg                       ,48.0
5460,3,3.3,Wellendingen,Baden-Württemberg                       ,68.1
5463,3,4.3,Wellmitz,Brandenburg                             ,44.8
5467,3,-2.7,Wendelstein,Bayern                                  ,168.2
5480,3,5.9,Werl,Nordrhein-Westfalen                     ,67.0
5488,3,4.8,"Mühlhausen, Kr. Schweinfurt",Bayern                                  ,49.0
5490,3,4.2,Wernigerode,Sachsen-Anhalt                          ,54.0
5498,3,5.5,Wertheim-Eichel,Baden-Württemberg                       ,61.7
5514,3,3.8,Westerland,Schleswig-Holstein                      ,50.0
5516,3,3.7,Fehmarn,Schleswig-Holstein                      ,38.0
5538,3,4.0,Wielenbach (Demollstr.),Bayern                                  ,65.0
5540,3,6.6,Wiesbaden (Süd),Hessen                                  ,50.7
5541,3,5.2,Wiesbaden-Auringen,Hessen                                  ,58.0
5543,3,5.5,Wiesbaden-Dotzheim,Hessen                                  ,58.8
5546,3,4.0,Wiesenburg,Brandenburg                             ,51.0
5559,3,3.9,"Wildbad, Bad-Calmbach",Baden-Württemberg                       ,100.0
5562,3,3.6,Neubulach-Oberhaugstett,Baden-Württemberg                       ,75.1
5568,3,4.1,"Wildungen, Bad",Hessen                                  ,49.7
5575,3,4.9,Wilhelmshaven,Niedersachsen                           ,67.3
5582,3,2.4,Willingen/Upland,Hessen                                  ,109.0
5609,3,5.7,"Winterbach, Rems-Murr-Kreis",Baden-Württemberg                       ,66.2
5610,3,1.9,Winterberg,Nordrhein-Westfalen                     ,127.4
5624,3,4.0,Wismar,Mecklenburg-Vorpommern                  ,47.1
5629,3,4.6,Wittenberg,Sachsen-Anhalt                          ,44.3
5640,3,4.9,Wittmundhafen,Niedersachsen                           ,
5642,3,3.8,Wittstock,Brandenburg                             ,
5643,3,3.8,Wittstock-Rote Mühle,Brandenburg                             ,46.7
5644,3,5.0,Witzenhausen,Hessen                                  ,56.0
5654,3,4.0,Wörnitz-Bottenweiler,Bayern                                  ,74.2
5663,3,3.2,Woldegk,Mecklenburg-Vorpommern                  ,43.7
5664,3,5.2,Wolfach,Baden-Württemberg                       ,107.8
5675,3,5.0,Wolfsburg,Niedersachsen                           ,47.4
5676,3,4.7,Wolfsburg (Südwest),Niedersachsen                           ,56.0
5681,3,5.7,Wolfstein/Pfalz,Rheinland-Pfalz                         ,62.3
5688,3,1.8,Dachsberg-Wolpadingen,Baden-Württemberg                       ,147.1
5692,3,6.4,Worms,Rheinland-Pfalz                         ,40.7
5703,3,5.5,Würzburg/Main,Bayern                                  ,53.4
5705,3,5.3,Würzburg,Bayern                                  ,47.2
5707,3,5.6,Würzburg (Physikalisches-Institut),Bayern                                  ,50.9
5715,3,5.2,Wunstorf,Niedersachsen                           ,51.4
5717,3,5.9,Wuppertal-Buchenhofen,Nordrhein-Westfalen                     ,102.6
5719,3,5.4,Remscheid,Nordrhein-Westfalen                     ,114.0
5728,3,4.3,Wustrau-Ziethenhorst,Brandenburg                             ,42.9
5731,3,5.1,Wutöschingen-Ofteringen,Baden-Württemberg                       ,82.2
5732,3,3.9,Wrixum/Föhr,Schleswig-Holstein                      ,55.1
5745,3,3.8,Zehdenick,Brandenburg                             ,41.6
5750,3,4.7,Zeitz,Sachsen-Anhalt                          ,42.4
5761,3,4.9,Zerbst,Sachsen-Anhalt                          ,42.0
5778,3,3.5,Zinnowitz,Mecklenburg-Vorpommern                  ,44.8
5779,3,-0.2,Zinnwald-Georgenfeld,Sachsen                                 ,75.9
5792,3,-9.7,Zugspitze,Bayern                                  ,228.1
5797,3,4.0,Lichtentanne,Sachsen                                 ,51.0
5800,3,2.1,Zwiesel,Bayern                                  ,106.0
5802,3,2.0,Zwieselberg,Bayern                                  ,90.6
5821,3,4.8,Bassum (A),Niedersachsen                           ,56.6
5822,3,4.8,Bassum,Niedersachsen                           ,58.0
5825,3,4.4,Berge,Brandenburg                             ,37.8
5832,3,4.4,Dannenberg,Niedersachsen                           ,50.3
5839,3,4.9,Emden,Niedersachsen                           ,64.0
5856,3,3.7,Fürstenzell,Bayern                                  ,77.0
5871,3,3.9,Hahn,Rheinland-Pfalz                         ,72.0
5885,3,5.6,Kirchheim/Teck-Ötlingen,Baden-Württemberg                       ,58.3
5890,3,2.6,"Kohlgrub, Bad (A)",Bayern                                  ,103.6
5898,3,6.0,Ludwigsburg,Baden-Württemberg                       ,
5904,3,4.1,Mainburg,Bayern                                  ,63.0
5906,3,6.8,Mannheim,Baden-Württemberg                       ,50.8
5912,3,4.6,Malsfeld,Hessen                                  ,52.3
5920,3,6.5,Neuwied,Rheinland-Pfalz                         ,51.9
5930,3,3.9,Schönhagen (Ostseebad),Schleswig-Holstein                      ,55.0
5941,3,2.1,Reit im Winkl,Bayern                                  ,152.0
5971,3,4.1,Welzheim (A),Baden-Württemberg                       ,95.1
6086,3,4.2,Melchow-Schönholz,Brandenburg                             ,44.0
6093,3,4.4,Wendisch Evern,Niedersachsen                           ,59.0
6095,3,3.9,Taubenheim-Seeligstadt,Sachsen                                 ,57.9
6105,3,4.0,Ostenfeld (Rendsburg),Schleswig-Holstein                      ,64.0
6109,3,3.6,Grambow-Schwennenz,Mecklenburg-Vorpommern                  ,40.0
6110,3,3.6,Medow-Wussentin,Mecklenburg-Vorpommern                  ,40.0
6129,3,3.3,Sohland/Spree,Sachsen                                 ,63.0
6157,3,4.9,Wangerland-Hooksiel,Niedersachsen                           ,65.0
6158,3,3.8,Weidenbach-Weiherschneidbach,Bayern                                  ,57.0
6159,3,5.3,Dörpen,Niedersachsen                           ,65.4
6163,3,3.9,Dörnick,Schleswig-Holstein                      ,53.0
6170,3,4.4,Coschen,Brandenburg                             ,43.0
6182,3,4.2,Mallersdorf-Pfaffenberg,Bayern                                  ,56.0
6184,3,4.9,Wilhelmshaven (Flugplatz),Niedersachsen                           ,
6186,3,5.2,Nastätten,Rheinland-Pfalz                         ,57.0
6196,3,2.3,Selb-Spielberg,Bayern                                  ,66.6
6197,3,4.2,Lügde-Paenbruch,Nordrhein-Westfalen                     ,78.0
6199,3,3.4,Steinhagen-Negast,Mecklenburg-Vorpommern                  ,46.0
6217,3,6.6,Saarbrücken-Burbach,Saarland                                ,66.0
6219,3,4.3,Dollnstein-Breitenfurt,Bayern                                  ,51.4
6258,3,4.8,Friedrichshafen-Unterraderach,Baden-Württemberg                       ,68.0
6259,3,3.8,Großerlach-Mannenweiler,Baden-Württemberg                       ,101.0
6260,3,4.5,Ingelfingen-Stachenhausen,Baden-Württemberg                       ,81.0
6262,3,4.9,Schwäbisch Gmünd-Weiler,Baden-Württemberg                       ,79.0
6263,3,4.9,Singen,Baden-Württemberg                       ,54.0
6264,3,3.4,Brilon-Thülen,Nordrhein-Westfalen                     ,89.0
6265,3,4.7,Wusterwitz,Brandenburg                             ,42.0
6266,3,4.7,Huy-Pabstorf,Sachsen-Anhalt                          ,47.0
6272,3,4.1,"Salzungen, Bad-Gräfen-Nitzendorf",Thüringen                               ,60.0
6273,3,4.7,Demker,Sachsen-Anhalt                          ,39.0
6275,3,5.4,Notzingen,Baden-Württemberg                       ,62.0
6304,3,3.0,Pilsach-Litzlohe,Bayern                                  ,80.0
6305,3,4.6,Mühlhausen/Thüringen-Görmar,Thüringen                               ,47.0
6310,3,3.4,Karlshagen,Mecklenburg-Vorpommern                  ,44.0
6312,3,4.3,Markt Erlbach-Mosbach,Bayern                                  ,58.0
6314,3,4.0,Nossen,Sachsen                                 ,60.0
6336,3,4.5,Lohr/Main-Halsbach,Bayern                                  ,71.0
6337,3,6.0,Lüdinghausen-Brochtrup,Nordrhein-Westfalen                     ,71.0
6344,3,5.6,Runkel-Ennerich,Hessen                                  ,56.0
6346,3,4.0,Maisach-Galgen,Bayern                                  ,69.0
6347,3,4.6,Schonungen-Mainberg,Bayern                                  ,52.0
7075,3,4.1,Elsendorf-Horneck,Bayern                                  ,56.0
7099,3,4.5,Liebenburg-Othfresen,Niedersachsen                           ,65.0
7105,3,3.1,Siegsdorf-Höll,Bayern                                  ,140.0
7106,3,5.3,Bielefeld-Deppendorf,Nordrhein-Westfalen                     ,77.0
7135,3,4.0,Aulendorf-Haslach,Baden-Württemberg                       ,54.0
7187,3,5.2,Freudenberg/Main-Boxtal,Baden-Württemberg                       ,67.0
7244,3,3.6,Neuglobsow (HM),Brandenburg                             ,47.0
7298,3,3.8,Hattstedt,Schleswig-Holstein                      ,57.0
7319,3,4.3,Donauwörth-Osterweiler,Bayern                                  ,51.0
7321,3,4.6,Olbersleben,Thüringen                               ,43.0
7325,3,-9.1,,,220.0
7329,3,3.0,Treuen,Sachsen                                 ,59.0
7330,3,5.1,Arnsberg-Neheim,Nordrhein-Westfalen                     ,78.0
7331,3,4.1,Hermaringen-Allewind,Baden-Württemberg                       ,58.0
7341,3,6.5,Offenbach-Wetterpark,Hessen                                  ,53.0
7343,3,1.1,Deutschneudorf-Brüderwiese,Sachsen                                 ,81.0
7350,3,2.2,Prackenbach-Neuhäusl,Bayern                                  ,67.0
7351,3,3.3,Feldberg/Mecklenburg,Mecklenburg-Vorpommern                  ,50.0
7364,3,5.3,Jeßnitz,Sachsen-Anhalt                          ,45.0
7367,3,4.8,Alfeld,Niedersachsen                           ,74.0
7368,3,3.9,Eisenach,Thüringen                               ,64.0
7369,3,3.9,Feuchtwangen-Heilbronn,Bayern                                  ,64.0
7370,3,2.9,Waldmünchen,Bayern                                  ,64.0
7373,3,5.1,Borkum-Flugplatz,Niedersachsen                           ,58.0
7374,3,5.9,Ahaus,Nordrhein-Westfalen                     ,70.0
7389,3,4.1,Heckelberg,Brandenburg                             ,46.0
7393,3,4.5,Hoyerswerda,Sachsen                                 ,51.0
7394,3,2.2,Wunsiedel-Schönbrunn,Bayern                                  ,72.0
7395,3,4.4,Gottfrieding,Bayern                                  ,57.0
7396,3,1.8,Hoherodskopf/Vogelsberg,Hessen                                  ,114.0
7403,3,3.2,Leutkirch-Herlazhofen,Baden-Württemberg                       ,101.1
7410,3,4.0,Neu-Ulrichstein,Hessen                                  ,68.0
7412,3,4.3,Neuhütten/Spessart,Bayern                                  ,93.0
7419,3,3.4,Langenwetzendorf-Göttendorf,Thüringen                               ,51.0
7420,3,4.3,Naumburg/Saale-Kreipitzsch,Sachsen-Anhalt                          ,51.0
7424,3,4.5,Piding,Bayern                                  ,121.0
7427,3,4.3,Padenstedt (Pony-Park),Schleswig-Holstein                      ,68.0
7428,3,3.6,Veilsdorf,Thüringen                               ,65.0
7431,3,3.8,Oberhaching-Laufzorn,Bayern                                  ,80.0
7432,3,4.6,Wittingen-Vorhop,Niedersachsen                           ,54.0
13670,3,6.8,Duisburg-Baerl,Nordrhein-Westfalen                     ,65.0
13674,3,5.7,Waibstadt,Baden-Württemberg                       ,77.0
13675,3,5.3,Hameln-Hastenbeck,Niedersachsen                           ,64.0
13696,3,6.3,Waltrop-Abdinghof,Nordrhein-Westfalen                     ,69.0
13700,3,5.5,Gevelsberg-Oberbröking,Nordrhein-Westfalen                     ,91.0
13710,3,3.9,Landshut-Reithof,Bayern                                  ,62.0
13711,3,4.1,Krölpa-Rockendorf,Thüringen                               ,40.0
13713,3,4.1,Meinerzhagen-Redlendorf,Nordrhein-Westfalen                     ,133.0
13776,3,5.1,Hildesheim-Drispenstedt,Niedersachsen                           ,55.8
13777,3,4.7,Helmstedt-Emmerstedt,Niedersachsen                           ,50.0
13965,3,3.7,Balingen-Bronnhaupten,Baden-Württemberg                       ,64.0
14138,3,4.4,,,44.0
14311,3,3.5,Hersdorf-Weißenseifen,Rheinland-Pfalz                         ,89.7
15000,3,6.0,Aachen-Orsbach,Nordrhein-Westfalen                     ,72.0
15207,3,4.2,Schauenburg-Elgershausen,Hessen                                  ,58.0
15444,3,3.8,Ulm-Mähringen,Baden-Württemberg                       ,61.0
15555,3,2.8,Kaufbeuren-Oberbeuren,Bayern                                  ,90.6
15926,3,4.0,Fronberg (Schwandorf),Bayern                                  ,46.4
15951,3,4.8,Pirmasens (Kläranlage),Rheinland-Pfalz                         ,77.9
15963,3,6.6,St. Tönis,Nordrhein-Westfalen                     ,63.1
15965,3,4.3,"Brückenau, Bad (Elisabethenhof)",Bayern                                  ,74.9
15979,3,4.6,Sargenroth,Rheinland-Pfalz                         ,59.0
16085,3,4.9,Leherheide,Bremen                                  ,59.6
19087,3,2.4,Freyung vorm Wald,Bayern                                  ,97.6
19171,3,4.2,Hasenkrug-Hardebek,Schleswig-Holstein                      ,70.8
19172,3,4.1,Wacken,Schleswig-Holstein                      ,70.2
19580,3,4.6,"Urach, Bad/Erms",Baden-Württemberg                       ,74.2
19607,3,1.7,Cämmerswalde-Rauschenbach,Sachsen                                 ,
19617,3,4.3,Burghaslach,Bayern                                  ,60.5
19647,3,5.5,Eberbach/Neckar,Baden-Württemberg                       ,
19781,3,4.3,Ingolstadt,Bayern                                  ,47.6
1,4,8.7,Aach,Baden-Württemberg                       ,51.5
3,4,9.5,Aachen,Nordrhein-Westfalen                     ,55.7
44,4,8.7,Großenkneten,Niedersachsen                           ,45.3
52,4,8.1,Ahrensburg-Wulfsdorf,Schleswig-Holstein                      ,46.0
61,4,8.8,Aiterhofen,Bayern                                  ,43.1
70,4,6.8,Albstadt-Ebingen,Baden-Württemberg                       ,65.6
71,4,6.6,Albstadt-Badkap,Baden-Württemberg                       ,72.0
72,4,6.2,Albstadt-Onstmettingen,Baden-Württemberg                       ,85.5
73,4,8.9,Aldersbach-Kriestorf,Bayern                                  ,49.1
78,4,8.6,Alfhausen,Niedersachsen                           ,49.7
91,4,7.8,Alsfeld-Eifa,Hessen                                  ,43.8
93,4,8.2,Alsfeld-Reibertenrod,Hessen                                  ,43.7
96,4,8.7,Neuruppin-Alt Ruppin,Brandenburg                             ,35.0
98,4,5.8,Altastenberg,Nordrhein-Westfalen                     ,76.2
116,4,8.7,Altenburg,Thüringen                               ,42.9
125,4,7.0,Altenstadt,Bayern                                  ,
129,4,7.9,Altentreptow,Mecklenburg-Vorpommern                  ,34.0
131,4,8.2,Geringswalde-Altgeringswalde,Sachsen                                 ,49.9
132,4,6.4,Altglashütte,Bayern                                  ,58.1
142,4,8.1,Altomünster-Maisbrunn,Bayern                                  ,58.1
150,4,9.8,Alzey,Rheinland-Pfalz                         ,39.1
151,4,8.3,Amberg-Unterammersricht,Bayern                                  ,37.9
154,4,8.1,Amerang-Pfaffing,Bayern                                  ,76.0
161,4,10.2,Andernach,Rheinland-Pfalz                         ,42.7
164,4,8.5,Angermünde,Brandenburg                             ,32.0
167,4,7.8,Anklam,Mecklenburg-Vorpommern                  ,34.5
169,4,6.8,Annaberg-Buchholz,Sachsen                                 ,56.0
172,4,7.2,Annaturm,Niedersachsen                           ,54.7
174,4,9.3,Annweiler-Bindersbach,Rheinland-Pfalz                         ,57.2
175,4,8.1,Ansbach,Bayern                                  ,44.8
177,4,8.2,Ansbach-Hennenbach,Bayern                                  ,41.3
183,4,6.1,Arkona,Mecklenburg-Vorpommern                  ,31.4
184,4,8.8,Arneburg,Sachsen-Anhalt                          ,31.8
185,4,7.4,Arnis,Schleswig-Holstein                      ,36.8
186,4,8.0,Arnsberg,Nordrhein-Westfalen                     ,68.8
191,4,8.8,Arnstein-Müdesheim,Bayern                                  ,44.0
193,4,7.9,Arolsen-Neu Berich,Hessen                                  ,47.3
198,4,8.9,Artern,Thüringen                               ,34.2
202,4,9.9,Aschaffenburg,Bayern                                  ,46.8
207,4,8.9,Aschersleben,Sachsen-Anhalt                          ,34.1
211,4,8.8,Aßlar Klein-Altenstädten,Hessen                                  ,48.4
217,4,7.6,Attenkam,Bayern                                  ,78.6
221,4,8.3,Au i.d.Hallertau-Günzenhausen,Bayern                                  ,56.0
222,4,7.6,Aue,Sachsen                                 ,58.0
231,4,8.2,Augsburg (Sankt Stephan),Bayern                                  ,57.0
232,4,8.1,Augsburg,Bayern                                  ,50.8
243,4,7.9,Aurich,Niedersachsen                           ,46.6
257,4,9.5,Baden-Baden-Geroldsau,Baden-Württemberg                       ,90.2
259,4,9.7,Müllheim,Baden-Württemberg                       ,79.3
268,4,7.1,Baiersbronn-Obertal,Baden-Württemberg                       ,114.4
273,4,8.6,Baindt,Baden-Württemberg                       ,68.6
282,4,8.8,Bamberg,Bayern                                  ,41.2
283,4,8.5,Bamberg-Altenburg,Bayern                                  ,44.9
284,4,8.4,Bamberg (Sternwarte),Bayern                                  ,44.6
288,4,7.9,Bargischow-Gnevezin,Mecklenburg-Vorpommern                  ,32.6
294,4,9.0,Barsinghausen-Hohenbostel,Niedersachsen                           ,49.0
298,4,7.1,Barth,Mecklenburg-Vorpommern                  ,36.1
303,4,9.1,Baruth,Brandenburg                             ,35.3
314,4,8.8,"Kubschütz, Kr. Bautzen",Sachsen                                 ,40.0
320,4,8.2,Heinersreuth-Vollhof,Bayern                                  ,45.7
326,4,9.1,Beckum-Unterberg,Nordrhein-Westfalen                     ,48.0
327,4,8.3,Bederkesa,Niedersachsen                           ,46.6
330,4,8.3,Oberzent-Beerfelden,Hessen                                  ,64.5
335,4,7.7,Behrensdorf,Schleswig-Holstein                      ,36.5
342,4,8.8,Belm,Niedersachsen                           ,49.0
348,4,10.1,Bendorf,Rheinland-Pfalz                         ,44.7
355,4,10.6,Bensheim,Hessen                                  ,54.9
361,4,8.0,Berchtesgaden (KKst),Bayern                                  ,95.8
365,4,8.0,Berg/Oberpfalz,Bayern                                  ,49.8
368,4,8.5,Bergen,Niedersachsen                           ,
377,4,10.2,"Bergzabern, Bad",Rheinland-Pfalz                         ,52.6
379,4,8.2,"Berka, Bad (Flugplatz)",Thüringen                               ,50.2
386,4,7.1,"Berleburg, Bad",Nordrhein-Westfalen                     ,63.6
390,4,6.1,"Berleburg, Bad-Stünzel",Nordrhein-Westfalen                     ,70.0
395,4,9.2,Berlin-Adlershof,Berlin                                  ,
399,4,10.0,Berlin-Alexanderplatz,Berlin                                  ,34.0
400,4,9.2,Berlin-Buch,Berlin                                  ,34.4
402,4,9.4,Berlin-Dahlem (LFAG),Berlin                                  ,33.7
403,4,9.4,Berlin-Dahlem (FU),Berlin                                  ,33.4
405,4,9.3,Berlin-Friedrichshagen,Berlin                                  ,
407,4,9.7,Berlin-Frohnau,Berlin                                  ,35.5
408,4,9.8,Berlin-Invalidenstraße,Berlin                                  ,
410,4,9.1,Berlin-Kaniswall,Berlin                                  ,34.0
416,4,9.4,Berlin-Lichtenrade,Berlin                                  ,32.9
417,4,9.5,Berlin-Lichterfelde (Süd),Berlin                                  ,33.9
420,4,9.5,Berlin-Marzahn,Berlin                                  ,34.0
422,4,9.8,Berlin-Mitte,Berlin                                  ,31.7
424,4,9.9,Berlin-Ostkreuz,Berlin                                  ,
425,4,9.2,Berlin-Rudow,Berlin                                  ,34.1
427,4,9.2,Berlin Brandenburg,Brandenburg                             ,31.0
429,4,9.5,Berlin-Spandau,Berlin                                  ,32.2
430,4,9.6,Berlin-Tegel,Berlin                                  ,30.5
432,4,9.4,Berlin-Tegeler Fliesstal,Berlin                                  ,31.5
433,4,9.7,Berlin-Tempelhof,Berlin                                  ,33.1
434,4,9.5,Berlin-Treptow,Berlin                                  ,34.0
435,4,9.3,Berlin-Zehlendorf,Berlin                                  ,38.2
445,4,9.2,Bernburg/Saale (Nord),Sachsen-Anhalt                          ,33.5
450,4,10.3,Bernkastel-Kues,Rheinland-Pfalz                         ,47.1
460,4,9.1,Berus,Saarland                                ,56.0
474,4,7.7,Warthausen-Birkenhard,Baden-Württemberg                       ,65.0
480,4,7.6,Biedenkopf-Wallau,Hessen                                  ,54.9
502,4,7.5,Bischbrunn,Bayern                                  ,68.0
524,4,9.7,Bitterfeld,Sachsen-Anhalt                          ,36.5
526,4,8.5,"Blankenburg, Bad",Thüringen                               ,43.2
535,4,8.0,Blankenrath,Rheinland-Pfalz                         ,60.2
550,4,7.9,Bobeck,Thüringen                               ,49.0
553,4,9.4,Bocholt (Marienschule),Nordrhein-Westfalen                     ,43.8
555,4,9.6,Bochum,Nordrhein-Westfalen                     ,50.0
576,4,8.3,Böblingen,Baden-Württemberg                       ,55.3
578,4,8.0,Böhming,Bayern                                  ,52.9
588,4,9.0,Boffzen,Niedersachsen                           ,47.7
591,4,8.5,Boizenburg,Mecklenburg-Vorpommern                  ,39.8
592,4,8.1,Bokel,Schleswig-Holstein                      ,45.9
596,4,7.4,Boltenhagen,Mecklenburg-Vorpommern                  ,33.8
598,4,10.1,Bonn,Nordrhein-Westfalen                     ,45.3
599,4,10.1,Bonn-Friesdorf,Nordrhein-Westfalen                     ,48.0
601,4,9.5,,,
603,4,9.4,Königswinter-Heiderhof,Nordrhein-Westfalen                     ,54.0
606,4,7.9,Boos,Bayern                                  ,69.1
614,4,8.4,Borgentreich-Bühne,Nordrhein-Westfalen                     ,47.7
617,4,9.6,Borken in Westfalen,Nordrhein-Westfalen                     ,49.4
619,4,8.2,Borkum-Süderstraße,Niedersachsen                           ,42.1
642,4,8.6,Brake,Niedersachsen                           ,41.6
643,4,8.6,Brake-Süderfeld,Niedersachsen                           ,40.7
645,4,8.8,Bramsche,Niedersachsen                           ,47.4
648,4,7.7,Brande-Hörnerkirchen,Schleswig-Holstein                      ,51.8
650,4,9.1,Brandenburg-Görden,Brandenburg                             ,33.8
652,4,8.2,Hagenbüchach,Bayern                                  ,45.0
656,4,5.3,Braunlage,Niedersachsen                           ,74.0
660,4,9.1,Braunschweig-Gliesmarode,Niedersachsen                           ,41.0
661,4,9.1,Braunschweig (T.H.),Niedersachsen                           ,41.0
662,4,9.0,Braunschweig,Niedersachsen                           ,41.9
685,4,6.9,Breitsol,Bayern                                  ,73.6
691,4,8.8,Bremen,Bremen                                  ,39.5
699,4,8.8,Bremen-Seefahrtschule,Bremen                                  ,41.2
701,4,8.9,Bremerhaven,Bremen                                  ,37.9
702,4,8.7,Bremerhaven-Speckenbüttel,Bremen                                  ,39.4
703,4,8.4,Bremervörde (A),Niedersachsen                           ,44.6
704,4,8.4,Bremervörde,Niedersachsen                           ,43.0
705,4,8.4,Bremervörde-Niederochtenhausen,Niedersachsen                           ,40.8
706,4,10.2,Eschbach,Baden-Württemberg                       ,51.0
710,4,9.6,Bretten,Baden-Württemberg                       ,51.9
717,4,7.0,Brilon,Nordrhein-Westfalen                     ,72.1
722,4,2.1,Brocken,Sachsen-Anhalt                          ,101.5
727,4,8.9,Brombachtal-Kirch-Brombach,Hessen                                  ,63.5
729,4,6.5,Brotterode,Thüringen                               ,82.8
736,4,7.8,Brücken,Rheinland-Pfalz                         ,63.8
755,4,8.2,"Buchen, Kr. Neckar-Odenwald",Baden-Württemberg                       ,51.4
757,4,8.7,Buchenbach,Baden-Württemberg                       ,90.0
760,4,7.9,Rosengarten-Klecken,Niedersachsen                           ,49.6
766,4,7.6,Büchel (Flugplatz),Rheinland-Pfalz                         ,
769,4,9.2,Bückeburg,Niedersachsen                           ,44.4
771,4,9.5,Büdingen,Hessen                                  ,51.6
772,4,10.4,Bühlertal,Baden-Württemberg                       ,95.8
773,4,8.4,Bühlertal-Obertal,Baden-Württemberg                       ,111.3
793,4,7.3,Buhlenberg,Rheinland-Pfalz                         ,67.3
817,4,7.7,Burgwald-Bottendorf,Hessen                                  ,40.4
840,4,4.5,Carlsfeld,Sachsen                                 ,75.0
848,4,9.2,Celle (Stadt),Niedersachsen                           ,41.9
850,4,8.9,Celle,Niedersachsen                           ,44.8
851,4,8.3,Pemfling-Pitzling,Bayern                                  ,44.0
853,4,8.0,Chemnitz,Sachsen                                 ,46.8
856,4,8.1,Chieming,Bayern                                  ,83.0
863,4,5.9,Clausthal-Zellerfeld,Niedersachsen                           ,79.4
865,4,8.7,Cloppenburg,Niedersachsen                           ,44.8
867,4,8.4,Lautertal-Oberlauter,Bayern                                  ,48.5
876,4,8.2,Collmberg,Sachsen                                 ,45.9
879,4,9.3,Cottbus (Flugplatz),Brandenburg                             ,
880,4,9.3,Cottbus,Brandenburg                             ,36.8
881,4,8.3,Crailsheim-Alexandersreut,Baden-Württemberg                       ,51.3
888,4,8.4,Crimmitschau,Sachsen                                 ,44.8
891,4,8.3,Cuxhaven,Niedersachsen                           ,38.4
896,4,8.7,Dachwig,Thüringen                               ,38.6
917,4,9.8,Darmstadt,Hessen                                  ,49.0
918,4,10.2,Darmstadt (A),Hessen                                  ,48.0
919,4,9.9,Darmstadt-Botanischer Garten,Hessen                                  ,47.4
931,4,7.4,Deggenhausertal-Azenweiler,Baden-Württemberg                       ,83.0
948,4,9.4,Dessau,Sachsen-Anhalt                          ,35.1
953,4,7.7,Deuselbach,Rheinland-Pfalz                         ,53.0
963,4,8.9,Diepholz,Niedersachsen                           ,40.0
964,4,7.7,Dierfeld,Rheinland-Pfalz                         ,59.4
965,4,9.4,Diesbar-Seußlitz,Sachsen                                 ,39.3
970,4,8.0,Dietenhofen,Bayern                                  ,44.0
979,4,7.9,Dillenburg,Hessen                                  ,47.3
982,4,8.8,Dillingen/Donau,Bayern                                  ,51.6
983,4,8.9,Dillingen/Donau-Fristingen,Bayern                                  ,47.1
991,4,7.6,Dippoldiswalde-Reinberg,Sachsen                                 ,51.2
998,4,6.8,Dobel,Baden-Württemberg                       ,107.3
1000,4,7.7,"Doberan, Bad-Heiligendamm",Mecklenburg-Vorpommern                  ,34.3
1001,4,8.7,Doberlug-Kirchhain,Brandenburg                             ,34.8
1003,4,8.6,Döbeln,Sachsen                                 ,44.7
1006,4,8.7,Dömitz,Mecklenburg-Vorpommern                  ,37.4
1018,4,7.1,Donaueschingen,Baden-Württemberg                       ,54.8
1032,4,9.4,Dortmund,Nordrhein-Westfalen                     ,55.4
1047,4,9.5,Dresden (Mitte),Sachsen                                 ,37.4
1048,4,8.9,Dresden-Klotzsche,Sachsen                                 ,42.1
1050,4,9.3,Dresden-Hosterwitz,Sachsen                                 ,43.9
1051,4,9.4,Dresden-Strehlen,Sachsen                                 ,39.0
1052,4,8.9,Möckern-Drewitz,Sachsen-Anhalt                          ,33.0
1066,4,8.4,Duderstadt,Niedersachsen                           ,42.2
1072,4,10.5,"Dürkheim, Bad",Rheinland-Pfalz                         ,38.7
1073,4,10.3,"Dürkheim, Bad (Saline)",Rheinland-Pfalz                         ,40.5
1074,4,9.3,"Dürrenberg, Bad",Sachsen-Anhalt                          ,40.0
1078,4,10.0,Düsseldorf,Nordrhein-Westfalen                     ,51.8
1079,4,10.2,Düsseldorf-Südfriedhof,Nordrhein-Westfalen                     ,50.5
1084,4,10.5,Duisburg-Friemersheim,Nordrhein-Westfalen                     ,51.4
1087,4,10.6,Duisburg-Laar,Nordrhein-Westfalen                     ,47.4
1102,4,9.5,Ebersbach/Fils,Baden-Württemberg                       ,63.8
1103,4,8.2,Ebersberg-Halbing,Bayern                                  ,69.8
1106,4,9.0,Eberswalde,Brandenburg                             ,35.5
1107,4,7.8,Ebrach,Bayern                                  ,56.3
1130,4,7.5,Eggebek,Schleswig-Holstein                      ,40.0
1146,4,8.1,Ehningen,Baden-Württemberg                       ,55.1
1154,4,8.4,Eiberg,Bayern                                  ,62.3
1161,4,8.4,Eichstätt-Landershofen,Bayern                                  ,41.0
1169,4,10.1,Eimeldingen,Baden-Württemberg                       ,63.9
1172,4,9.0,Einbeck,Niedersachsen                           ,42.8
1182,4,8.9,Eisleben-Helfta,Sachsen-Anhalt                          ,35.0
1188,4,6.4,Elgersburg,Thüringen                               ,66.9
1197,4,7.8,Ellwangen-Rindelbach,Baden-Württemberg                       ,52.0
1200,4,7.9,Elpersbüttel,Schleswig-Holstein                      ,40.0
1201,4,9.8,Elsdorf/Erftkreis,Nordrhein-Westfalen                     ,49.5
1204,4,8.7,Elsfleth,Niedersachsen                           ,39.9
1207,4,6.5,"Elster, Bad-Sohl",Sachsen                                 ,51.9
1214,4,8.3,Elzach-Fisnacht,Baden-Württemberg                       ,104.0
1219,4,8.4,Emden-Nesserland,Niedersachsen                           ,40.4
1221,4,8.3,Emden-Wolthusen,Niedersachsen                           ,41.2
1224,4,9.3,Emmendingen-Mundingen,Baden-Württemberg                       ,69.3
1229,4,9.6,"Ems, Bad",Rheinland-Pfalz                         ,59.9
1238,4,8.9,Engelskirchen,Nordrhein-Westfalen                     ,73.9
1239,4,8.3,Engen/Hegau,Baden-Württemberg                       ,48.0
1243,4,6.6,Eningen,Baden-Württemberg                       ,76.3
1246,4,9.2,Ennigerloh-Ostenfelde,Nordrhein-Westfalen                     ,45.7
1254,4,9.8,Eppingen,Baden-Württemberg                       ,56.3
1255,4,9.7,Eppingen-Elsenz,Baden-Württemberg                       ,52.1
1262,4,8.5,München-Flughafen,Bayern                                  ,53.0
1266,4,7.8,Erfde,Schleswig-Holstein                      ,40.4
1270,4,8.2,Erfurt-Weimar,Thüringen                               ,41.9
1275,4,8.8,Ering,Bayern                                  ,51.4
1276,4,9.1,Eriskirch-Mariabrunn,Baden-Württemberg                       ,75.5
1279,4,9.1,Möhrendorf-Kleinseebach,Bayern                                  ,43.0
1280,4,9.0,Erlangen-Bruck,Bayern                                  ,43.7
1287,4,8.5,Eschau-Hobbach,Bayern                                  ,58.4
1292,4,8.0,Eschenbach/Oberpfalz,Bayern                                  ,43.3
1297,4,8.6,Eschwege,Hessen                                  ,42.9
1299,4,8.3,Esens,Niedersachsen                           ,43.1
1300,4,7.1,Eslohe,Nordrhein-Westfalen                     ,69.4
1303,4,9.6,Essen-Bredeney,Nordrhein-Westfalen                     ,60.1
1327,4,9.2,Weilerswist-Lommersum,Nordrhein-Westfalen                     ,47.1
1329,4,7.6,Eutin,Schleswig-Holstein                      ,42.1
1332,4,8.7,"Falkenberg,Kr.Rottal-Inn",Bayern                                  ,50.0
1339,4,8.3,Faßberg,Niedersachsen                           ,
1345,4,7.7,Feldberg,Mecklenburg-Vorpommern                  ,33.0
1346,4,1.9,Feldberg/Schwarzwald,Baden-Württemberg                       ,96.9
1357,4,6.1,Fichtelberg/Oberfranken-Hüttstadl,Bayern                                  ,66.7
1358,4,2.4,Fichtelberg,Sachsen                                 ,71.6
1374,4,7.9,Fladungen-Heufurt,Bayern                                  ,48.5
1378,4,7.4,Flensburg,Schleswig-Holstein                      ,44.7
1379,4,7.3,Flensburg (Schäferhaus),Schleswig-Holstein                      ,42.4
1380,4,7.4,Flensburg-Mürwik,Schleswig-Holstein                      ,43.2
1392,4,6.6,Flossenbürg,Bayern                                  ,55.0
1403,4,8.1,Frammersbach,Bayern                                  ,63.0
1410,4,9.1,"Frankenhausen, Bad/Kyffhäuser",Thüringen                               ,39.1
1411,4,5.4,Birx/Rhön,Thüringen                               ,67.8
1420,4,10.4,Frankfurt/Main,Hessen                                  ,42.1
1421,4,10.6,Frankfurt/Main (Stadt),Hessen                                  ,38.6
1424,4,10.6,Frankfurt/Main-Westend,Hessen                                  ,41.0
1425,4,10.7,Frankfurt/Main (Feldbergstr.),Hessen                                  ,40.1
1426,4,8.8,Frankfurt/Oder,Brandenburg                             ,36.0
1428,4,9.3,Frankweiler,Rheinland-Pfalz                         ,54.8
1440,4,9.0,Freiamt-Ottoschwanden,Baden-Württemberg                       ,79.7
1441,4,7.7,Freiberg,Sachsen                                 ,53.7
1443,4,10.3,Freiburg,Baden-Württemberg                       ,71.1
1447,4,10.8,Freiburg im Breisgau-Herdern,Baden-Württemberg                       ,71.4
1451,4,8.2,Freiburg/Elbe,Niedersachsen                           ,41.0
1468,4,6.0,Freudenstadt,Baden-Württemberg                       ,105.7
1473,4,8.2,Freystadt-Michelbach,Bayern                                  ,47.5
1488,4,6.4,Friedrichsbrunn,Sachsen-Anhalt                          ,51.7
1490,4,9.1,Friedrichshafen,Baden-Württemberg                       ,72.7
1492,4,6.0,Malsburg-Marzell-Friedrichsheim,Baden-Württemberg                       ,125.3
1503,4,8.4,Friesoythe-Altenoythe,Niedersachsen                           ,45.0
1504,4,8.8,Fritzlar (Flugplatz),Hessen                                  ,39.0
1513,4,6.2,Fuchskauten,Rheinland-Pfalz                         ,73.4
1515,4,8.3,Fürstenfeldbruck,Bayern                                  ,
1522,4,8.8,Fürth/Bayern (A),Bayern                                  ,42.2
1526,4,8.1,Fulda-Horas,Hessen                                  ,42.8
1544,4,8.5,Gardelegen,Sachsen-Anhalt                          ,34.9
1550,4,7.0,Garmisch-Partenkirchen,Bayern                                  ,87.8
1552,4,8.7,Gartz/Oder,Brandenburg                             ,32.0
1568,4,4.0,Gehlberg-Schmücke,Thüringen                               ,90.7
1572,4,9.6,Geilenkirchen (Flugplatz),Nordrhein-Westfalen                     ,
1580,4,10.3,Geisenheim,Hessen                                  ,34.8
1583,4,5.4,Geisingberg,Sachsen                                 ,65.7
1584,4,7.3,Geisingen,Baden-Württemberg                       ,57.0
1586,4,7.9,Traunstein-Geißing,Bayern                                  ,91.3
1587,4,7.9,Gelbelsee,Bayern                                  ,54.0
1590,4,9.8,Geldern-Walbeck,Nordrhein-Westfalen                     ,46.5
1593,4,9.5,Gelnhausen,Hessen                                  ,58.3
1602,4,9.7,Ohlsbach,Baden-Württemberg                       ,80.3
1605,4,8.8,Genthin,Sachsen-Anhalt                          ,28.0
1612,4,8.1,Gera-Leumnitz,Thüringen                               ,41.9
1619,4,10.2,Gernsheim,Hessen                                  ,43.9
1621,4,7.5,Geroda-Platz,Bayern                                  ,51.2
1638,4,9.4,Gießen (Lahntal),Hessen                                  ,43.7
1639,4,9.0,Gießen/Wettenberg,Hessen                                  ,42.8
1645,4,7.3,Gilserberg-Moischeid,Hessen                                  ,46.5
1666,4,7.4,Glücksburg-Meierwik,Schleswig-Holstein                      ,40.0
1667,4,7.9,Glückstadt,Schleswig-Holstein                      ,40.2
1684,4,8.6,Görlitz,Sachsen                                 ,40.0
1689,4,7.9,Gößweinstein,Bayern                                  ,57.3
1691,4,8.4,Göttingen,Niedersachsen                           ,40.5
1694,4,7.9,Goldberg,Mecklenburg-Vorpommern                  ,35.0
1709,4,7.3,"Gottleuba, Bad",Sachsen                                 ,49.5
1721,4,7.8,Gräfenberg-Kasberg,Bayern                                  ,60.0
1735,4,7.4,Grainet-Rehberg,Bayern                                  ,64.5
1757,4,7.5,Greifswald,Mecklenburg-Vorpommern                  ,35.2
1762,4,7.6,Greiz-Dölau,Thüringen                               ,44.9
1766,4,9.3,Münster/Osnabrück,Nordrhein-Westfalen                     ,41.0
1792,4,8.9,Groß Berßen,Niedersachsen                           ,44.2
1803,4,7.5,Groß Lüsewitz,Mecklenburg-Vorpommern                  ,34.5
1833,4,3.2,Grosser Falkenstein,Bayern                                  ,71.8
1834,4,4.5,Grosser Inselsberg,Thüringen                               ,93.8
1844,4,8.4,Feldkirchen-Westerham-Lenzmühle,Bayern                                  ,73.0
1849,4,8.5,Großmehring-Theißing,Bayern                                  ,43.7
1863,4,8.9,Gründau-Breitenborn,Hessen                                  ,58.0
1869,4,8.1,Grünow,Brandenburg                             ,29.0
1875,4,8.0,"Gschwend, Kr. Ostalb",Baden-Württemberg                       ,70.5
1886,4,8.5,Günzburg,Bayern                                  ,49.9
1890,4,8.0,Güstrow-Schabernack,Mecklenburg-Vorpommern                  ,
1891,4,9.4,Rheda-Wiedenbrück-Lintel,Nordrhein-Westfalen                     ,45.9
1892,4,9.4,Gütersloh (Flugplatz),Nordrhein-Westfalen                     ,
1920,4,9.1,Hagen-Fley,Nordrhein-Westfalen                     ,57.1
1957,4,9.2,Halle-Kröllwitz,Sachsen-Anhalt                          ,36.0
1960,4,9.2,Halle (Stadt),Sachsen-Anhalt                          ,35.1
1972,4,8.8,Hamburg-Bergedorf,Hamburg                                 ,42.3
1973,4,9.0,Hamburg-Botanischer Garten,Hamburg                                 ,45.2
1975,4,8.5,Hamburg-Fuhlsbüttel,Hamburg                                 ,43.0
1979,4,8.8,Hamburg-Kirchwerder,Hamburg                                 ,40.0
1981,4,9.0,Hamburg-Neuwiedenthal,Hamburg                                 ,42.0
1986,4,8.8,Hamburg-Reitbrook,Hamburg                                 ,41.4
1990,4,8.8,Hamburg-Wandsbek,Hamburg                                 ,50.5
1993,4,9.1,Hameln,Niedersachsen                           ,46.4
2000,4,10.3,Hanau,Hessen                                  ,43.8
2005,4,8.4,Hankensbüttel,Niedersachsen                           ,45.0
2014,4,8.9,Hannover,Niedersachsen                           ,39.6
2023,4,8.3,Harburg,Bayern                                  ,44.0
2039,4,8.2,"Harzburg, Bad",Niedersachsen                           ,60.2
2044,4,6.8,Harzgerode,Sachsen-Anhalt                          ,42.0
2048,4,8.6,Haseldorf,Schleswig-Holstein                      ,41.7
2053,4,6.5,Hasselfelde,Sachsen-Anhalt                          ,54.5
2069,4,5.7,Hausstein,Bayern                                  ,93.3
2074,4,8.1,Hechingen,Baden-Württemberg                       ,64.0
2078,4,7.9,Weddingstedt,Schleswig-Holstein                      ,43.0
2080,4,11.2,Heidelberg,Baden-Württemberg                       ,50.1
2081,4,8.0,Königstuhl,Baden-Württemberg                       ,72.9
2083,4,10.9,Heidelberg-Grenzhof,Baden-Württemberg                       ,51.3
2092,4,7.2,Heidenrod-Mappershain,Hessen                                  ,55.8
2095,4,10.4,Heilbronn,Baden-Württemberg                       ,48.4
2110,4,9.5,Heinsberg-Schleiden,Nordrhein-Westfalen                     ,43.1
2120,4,8.7,Helmstedt,Niedersachsen                           ,42.5
2122,4,7.9,"Helse, Kr. Dithmarschen",Schleswig-Holstein                      ,41.3
2147,4,9.5,Herford,Nordrhein-Westfalen                     ,55.1
2151,4,8.5,Herleshausen,Hessen                                  ,45.4
2159,4,8.4,Herrenberg,Baden-Württemberg                       ,55.0
2160,4,7.8,Herrenhof,Thüringen                               ,55.5
2166,4,8.0,Herrnhut,Sachsen                                 ,39.8
2167,4,7.9,Niederwörresbach,Rheinland-Pfalz                         ,48.1
2171,4,8.1,"Hersfeld, Bad",Hessen                                  ,48.1
2173,4,10.0,Herten,Nordrhein-Westfalen                     ,56.5
2174,4,8.1,Herzberg,Niedersachsen                           ,56.0
2201,4,7.0,Hiddensee-Vitte,Mecklenburg-Vorpommern                  ,30.0
2206,4,9.0,Hildesheim,Niedersachsen                           ,49.4
2211,4,8.6,Hilgenroth,Rheinland-Pfalz                         ,62.9
2223,4,8.4,Hindfeld,Thüringen                               ,40.6
2225,4,7.4,Hinterhermsdorf,Sachsen                                 ,51.5
2226,4,6.3,Eisfeld-Waffenrod-Hinterrod,Thüringen                               ,57.2
2250,4,6.7,Höllenstein (Kraftwerk),Bayern                                  ,51.1
2252,4,8.3,Bertsdorf-Hörnitz,Sachsen                                 ,41.0
2260,4,7.1,Hof (Stadt),Bayern                                  ,45.4
2261,4,7.0,Hof,Bayern                                  ,46.4
2264,4,7.8,Hofgeismar-Beberbeck,Hessen                                  ,50.9
2268,4,8.7,Hofheim,Bayern                                  ,46.8
2289,4,9.0,Hohennauen,Brandenburg                             ,
2290,4,6.0,Hohenpeißenberg,Bayern                                  ,78.2
2302,4,8.2,Hohlstedt-Kötschau,Thüringen                               ,45.1
2303,4,7.5,Hohn,Schleswig-Holstein                      ,42.2
2306,4,7.5,Hohwacht,Schleswig-Holstein                      ,38.2
2315,4,9.1,Holzdorf (Flugplatz),Brandenburg                             ,
2318,4,7.7,Holzhausen a.d. Haide,Rheinland-Pfalz                         ,51.1
2319,4,7.6,Holzkirchen,Bayern                                  ,94.4
2323,4,9.0,"Bevern, Kr. Holzminden",Niedersachsen                           ,49.0
2324,4,6.5,Holzminden-Silberborn,Niedersachsen                           ,70.7
2327,4,8.4,Homberg/Ohm,Hessen                                  ,54.6
2331,4,9.0,Homburg/Saar,Saarland                                ,55.0
2338,4,9.2,Hopsten (Flugplatz),Nordrhein-Westfalen                     ,
2344,4,6.7,Horlachen,Bayern                                  ,61.0
2354,4,9.0,Hoyerswerda Kr. Bautzen,Sachsen                                 ,43.7
2360,4,8.4,Hüll,Bayern                                  ,58.4
2362,4,8.5,Hümmerich,Rheinland-Pfalz                         ,61.0
2374,4,7.6,Husum,Schleswig-Holstein                      ,39.1
2385,4,8.0,Idar-Oberstein,Rheinland-Pfalz                         ,
2388,4,10.5,Ihringen,Baden-Württemberg                       ,55.0
2396,4,7.6,Ilsenburg,Sachsen-Anhalt                          ,
2406,4,9.4,Ingelfingen,Baden-Württemberg                       ,54.7
2410,4,8.9,Ingolstadt (Flugplatz),Bayern                                  ,
2417,4,7.7,Mittbach,Bayern                                  ,72.8
2422,4,8.4,Iserlohn-Westig,Nordrhein-Westfalen                     ,67.5
2429,4,8.0,Itzehoe,Schleswig-Holstein                      ,42.0
2437,4,7.6,Schleswig-Jagel,Schleswig-Holstein                      ,39.0
2444,4,9.4,Jena (Sternwarte),Thüringen                               ,45.5
2451,4,9.4,Jessen/Elster,Sachsen-Anhalt                          ,34.7
2464,4,8.7,Jork,Niedersachsen                           ,41.2
2474,4,9.6,Jülich (Forsch.-Anlage),Nordrhein-Westfalen                     ,47.6
2475,4,9.0,Jüterbog,Brandenburg                             ,32.0
2477,4,5.9,Jungholz (Kühmoos),Baden-Württemberg                       ,107.3
2480,4,10.0,Kahl/Main,Bayern                                  ,47.2
2483,4,4.5,Kahler Asten,Nordrhein-Westfalen                     ,85.4
2485,4,8.0,Kaisersbach-Cronhütte,Baden-Württemberg                       ,69.0
2486,4,9.1,Kaiserslautern,Rheinland-Pfalz                         ,53.0
2488,4,8.1,Kaisheim-Neuhof,Bayern                                  ,51.2
2494,4,9.6,Kalkar,Nordrhein-Westfalen                     ,
2497,4,6.9,Kall-Sistig,Nordrhein-Westfalen                     ,61.5
2502,4,7.1,"Heiligenstadt, Heilbad-Kalteneber",Thüringen                               ,52.6
2503,4,7.0,Kaltennordheim,Thüringen                               ,57.2
2506,4,8.7,Kamenz,Sachsen                                 ,43.1
2521,4,8.7,Karlshuld,Bayern                                  ,46.6
2522,4,10.5,Karlsruhe,Baden-Württemberg                       ,54.2
2532,4,8.8,Kassel,Hessen                                  ,42.0
2533,4,8.8,Kassel-Harleshausen,Hessen                                  ,44.4
2542,4,6.6,Kaufbeuren,Bayern                                  ,80.3
2543,4,8.1,Kaufering,Bayern                                  ,74.4
2546,4,10.9,Kehl-Odelshofen,Baden-Württemberg                       ,59.0
2559,4,7.1,Kempten,Bayern                                  ,81.8
2564,4,7.6,Kiel-Holtenau,Schleswig-Holstein                      ,40.0
2565,4,7.7,Kiel-Kronshagen,Schleswig-Holstein                      ,41.3
2575,4,8.3,Kirchberg/Jagst-Herboldshausen,Baden-Württemberg                       ,51.2
2578,4,8.0,Kirchdorf/Poel,Mecklenburg-Vorpommern                  ,35.0
2597,4,8.8,"Kissingen, Bad",Bayern                                  ,43.8
2600,4,9.7,Kitzingen,Bayern                                  ,39.6
2601,4,5.4,Kleiner Feldberg/Taunus,Hessen                                  ,68.0
2609,4,7.9,Klein Rönnau,Schleswig-Holstein                      ,43.4
2618,4,5.4,Kleiner Inselsberg,Thüringen                               ,81.7
2621,4,9.5,Kleinmachnow,Brandenburg                             ,33.2
2627,4,8.8,Schipkau-Klettwitz,Brandenburg                             ,40.0
2629,4,9.4,Kleve,Nordrhein-Westfalen                     ,43.0
2638,4,5.7,Klippeneck,Baden-Württemberg                       ,68.0
2641,4,8.9,Klitzschen bei Torgau,Sachsen                                 ,38.0
2654,4,9.7,Knittlingen,Baden-Württemberg                       ,54.9
2657,4,10.1,Koblenz-Horchheim,Rheinland-Pfalz                         ,51.5
2665,4,10.6,Köln-Botanischer Garten,Nordrhein-Westfalen                     ,53.7
2667,4,9.8,Köln/Bonn,Nordrhein-Westfalen                     ,53.9
2680,4,8.3,"Königshofen, Bad",Bayern                                  ,41.1
2689,4,8.4,Königsmoor,Niedersachsen                           ,45.0
2691,4,8.7,Königsmoos-Untermaxfeld,Bayern                                  ,45.9
2700,4,8.8,Kösching,Bayern                                  ,42.7
2701,4,9.0,"Kösen, Bad",Sachsen-Anhalt                          ,44.7
2703,4,6.9,Köterberg,Nordrhein-Westfalen                     ,
2704,4,9.3,Köthen (Anhalt),Sachsen-Anhalt                          ,34.3
2708,4,7.0,"Kohlgrub, Bad (Rosshof)",Bayern                                  ,90.0
2712,4,9.4,Konstanz,Baden-Württemberg                       ,61.5
2717,4,7.3,Korbach-Lengefeld,Hessen                                  ,50.3
2750,4,8.1,Kronach,Bayern                                  ,51.5
2761,4,7.7,Krumbach-Edenhausen,Bayern                                  ,71.2
2770,4,7.9,Kükels,Schleswig-Holstein                      ,44.1
2773,4,8.1,Kümmersbruck,Bayern                                  ,
2775,4,9.5,Künzelsau,Baden-Württemberg                       ,54.7
2780,4,8.2,Kulmbach,Bayern                                  ,
2783,4,8.6,Kumhausen,Bayern                                  ,57.1
2790,4,8.6,Kusel-Fünfbirken,Rheinland-Pfalz                         ,54.1
2794,4,8.7,Kyritz,Brandenburg                             ,30.0
2796,4,7.6,Laage (Flugplatz),Mecklenburg-Vorpommern                  ,
2812,4,10.2,Lahr,Baden-Württemberg                       ,62.1
2814,4,6.6,Merklingen,Baden-Württemberg                       ,74.3
2821,4,8.4,Lamspringe,Niedersachsen                           ,48.6
2829,4,7.8,Landsberg (Flugplatz),Bayern                                  ,
2830,4,7.8,Landsberg/Lech,Bayern                                  ,74.0
2831,4,8.9,Landshut,Bayern                                  ,48.0
2843,4,10.3,,,
2856,4,8.9,Langenlipsdorf,Brandenburg                             ,33.0
2857,4,8.8,"Langensalza, Bad",Thüringen                               ,37.0
2861,4,8.2,Langeoog,Niedersachsen                           ,34.3
2872,4,8.8,Lathen,Niedersachsen                           ,46.9
2878,4,9.2,"Lauchstädt, Bad",Sachsen-Anhalt                          ,33.3
2879,4,9.3,Lauda-Königshofen-Gerlachsheim,Baden-Württemberg                       ,44.8
2886,4,8.0,Laupheim,Baden-Württemberg                       ,
2905,4,8.1,Lechfeld,Bayern                                  ,
2906,4,7.2,Leck (A),Schleswig-Holstein                      ,42.4
2907,4,6.4,Leck,Schleswig-Holstein                      ,38.0
2912,4,7.2,Lehbek,Schleswig-Holstein                      ,37.6
2915,4,5.9,Lehesten/Thüringer Wald,Thüringen                               ,61.8
2920,4,8.6,Leiblfing,Bayern                                  ,44.2
2923,4,7.3,Leinau,Bayern                                  ,77.3
2925,4,7.7,Leinefelde,Thüringen                               ,49.3
2928,4,9.4,Leipzig-Holzhausen,Sachsen                                 ,44.8
2931,4,9.2,Leipzig-Mockau,Sachsen                                 ,43.0
2932,4,8.9,Leipzig/Halle,Sachsen                                 ,39.5
2947,4,7.7,Lennestadt-Theten,Nordrhein-Westfalen                     ,66.0
2949,4,7.0,Lenningen-Schopfloch,Baden-Württemberg                       ,82.3
2950,4,7.4,Lensahn,Schleswig-Holstein                      ,41.9
2951,4,8.8,Lenzen/Elbe,Brandenburg                             ,37.9
2953,4,5.6,Lenzkirch-Ruhbühl,Baden-Württemberg                       ,83.1
2963,4,9.4,Leunawerke,Sachsen-Anhalt                          ,38.3
2968,4,10.8,Köln-Stammheim,Nordrhein-Westfalen                     ,52.4
2985,4,8.1,Lichtenhain-Mittelndorf,Sachsen                                 ,50.0
2996,4,7.5,"Liebenzell, Bad",Baden-Württemberg                       ,61.1
3001,4,9.6,Liliental,Baden-Württemberg                       ,66.0
3004,4,9.4,Limburg/Lahn-Offheim,Hessen                                  ,44.5
3007,4,10.6,Limburgerhof,Rheinland-Pfalz                         ,41.4
3015,4,9.1,Lindenberg,Brandenburg                             ,37.6
3016,4,6.9,Lindenberg/Allgäu,Bayern                                  ,135.2
3017,4,9.5,Lindenfels,Hessen                                  ,67.6
3018,4,7.9,Lindenfels-Winterkasten,Hessen                                  ,80.8
3023,4,9.4,Lingen,Niedersachsen                           ,44.8
3028,4,8.7,"Lippspringe, Bad",Nordrhein-Westfalen                     ,58.5
3031,4,9.1,Lippstadt-Bökenförde,Nordrhein-Westfalen                     ,51.6
3034,4,6.9,"Lobenstein, Bad",Thüringen                               ,55.0
3042,4,8.4,Löhnberg-Obershausen,Hessen                                  ,54.0
3044,4,9.0,Löningen,Niedersachsen                           ,45.0
3045,4,8.9,Löningen-Hagel,Niedersachsen                           ,42.9
3062,4,10.0,Lorch/Rhein,Hessen                                  ,42.5
3076,4,10.6,Ludwigshafen-Mundenheim,Rheinland-Pfalz                         ,39.6
3082,4,9.3,Lübben,Brandenburg                             ,37.3
3083,4,9.3,Lübben-Blumenfelde,Brandenburg                             ,38.0
3085,4,8.1,Lübeck,Schleswig-Holstein                      ,39.6
3086,4,7.9,Lübeck-Blankensee,Schleswig-Holstein                      ,42.0
3088,4,8.1,Lübeck-Werft,Schleswig-Holstein                      ,39.3
3096,4,7.6,Lüdenscheid (Zeppelin-Gymnasium),Nordrhein-Westfalen                     ,70.2
3098,4,7.7,Lüdenscheid,Nordrhein-Westfalen                     ,70.0
3101,4,9.5,Lüdinghausen,Nordrhein-Westfalen                     ,46.8
3103,4,8.8,Lüneburg,Niedersachsen                           ,40.5
3113,4,6.9,Luisenthal/Ohra,Thüringen                               ,74.8
3126,4,9.4,Magdeburg,Sachsen-Anhalt                          ,32.2
3135,4,8.0,Mainhardt-Ziegelbronn,Baden-Württemberg                       ,70.2
3137,4,10.3,Mainz-Lerchenberg (ZDF),Rheinland-Pfalz                         ,43.3
3139,4,8.3,Maisach-Gernlinden,Bayern                                  ,59.6
3147,4,8.7,Mallersdorf-Pfaffenberg-Oberlindhart,Bayern                                  ,39.4
3155,4,7.4,Manderscheid-Sonnenhof,Rheinland-Pfalz                         ,61.9
3158,4,9.0,Manschnow,Brandenburg                             ,30.5
3160,4,8.1,Vatterode-Gräfenstuhl,Sachsen-Anhalt                          ,41.0
3164,4,8.8,"Cölbe, Kr. Marburg-Biedenkopf",Hessen                                  ,42.0
3166,4,6.2,Marienberg,Sachsen                                 ,59.0
3196,4,8.2,Marnitz,Mecklenburg-Vorpommern                  ,39.7
3204,4,7.4,Martinroda,Thüringen                               ,56.9
3211,4,5.5,Mauth-Finsterau,Bayern                                  ,69.4
3212,4,9.1,Mayen,Rheinland-Pfalz                         ,42.4
3222,4,9.2,Meerbeck,Niedersachsen                           ,48.0
3223,4,9.4,Meersburg,Baden-Württemberg                       ,66.2
3226,4,8.9,Aschersleben-Mehringen,Sachsen-Anhalt                          ,36.7
3228,4,7.1,Meinerzhagen (A),Nordrhein-Westfalen                     ,83.8
3231,4,7.6,Meiningen,Thüringen                               ,42.0
3234,4,9.1,Klipphausen-Garsebach,Sachsen                                 ,39.0
3236,4,8.9,Melle,Niedersachsen                           ,45.0
3244,4,7.6,Memmingen,Bayern                                  ,68.4
3245,4,7.5,Memmingen (Flugplatz),Bayern                                  ,
3246,4,9.5,Mendig,Rheinland-Pfalz                         ,
3254,4,9.1,Meppen,Niedersachsen                           ,
3257,4,8.9,"Mergentheim, Bad-Neunkirchen",Baden-Württemberg                       ,51.7
3265,4,7.9,Mespelbrunn,Bayern                                  ,63.7
3268,4,5.6,Meßstetten-Appental,Baden-Württemberg                       ,77.7
3271,4,8.8,Metten,Bayern                                  ,54.3
3278,4,9.2,Metzingen,Baden-Württemberg                       ,67.0
3284,4,9.1,Michelstadt,Hessen                                  ,57.6
3287,4,8.0,Michelstadt-Vielbrunn,Hessen                                  ,69.0
3289,4,7.8,Schmieritz-Weltwitz,Thüringen                               ,46.4
3291,4,9.5,Miltenberg,Bayern                                  ,47.2
3300,4,9.5,Mittel-Gründau,Hessen                                  ,51.3
3307,4,6.0,Mittenwald-Buckelwiesen,Bayern                                  ,95.0
3313,4,8.4,Modautal-Neunkirchen,Hessen                                  ,71.4
3317,4,8.0,Mölln,Schleswig-Holstein                      ,47.6
3319,4,9.2,Röllbach,Bayern                                  ,49.3
3320,4,9.8,Mönchengladbach,Nordrhein-Westfalen                     ,46.3
3340,4,8.6,Montabaur,Rheinland-Pfalz                         ,57.0
3348,4,7.9,Moringen-Lutterbeck,Niedersachsen                           ,49.0
3362,4,9.4,Mühlacker,Baden-Württemberg                       ,54.0
3366,4,8.3,Mühldorf,Bayern                                  ,51.3
3370,4,7.9,Mühlhausen,Thüringen                               ,46.0
3376,4,8.7,Müncheberg,Brandenburg                             ,34.0
3382,4,8.9,München-Bogenhausen,Bayern                                  ,64.6
3383,4,8.9,München-Botanischer Garten,Bayern                                  ,65.4
3385,4,8.8,München-Nymphenburg,Bayern                                  ,65.3
3388,4,8.5,München-Perlach,Bayern                                  ,70.1
3390,4,8.5,München-Riem,Bayern                                  ,67.8
3402,4,6.7,Münsingen-Apfelstetten,Baden-Württemberg                       ,67.8
3404,4,9.4,Münster,Nordrhein-Westfalen                     ,43.6
3425,4,8.4,Murrhardt,Baden-Württemberg                       ,79.9
3426,4,8.9,"Muskau, Bad",Sachsen                                 ,39.6
3432,4,7.9,Nagold,Baden-Württemberg                       ,58.0
3442,4,9.6,"Nauheim, Bad",Hessen                                  ,41.3
3484,4,8.7,Neuburg/Donau (Flugplatz),Bayern                                  ,
3485,4,8.1,Neuburg/Kammel-Langenhaslach,Bayern                                  ,61.0
3486,4,9.8,Neudenau,Baden-Württemberg                       ,53.7
3490,4,9.5,"Neuenahr, Bad-Ahrweiler",Rheinland-Pfalz                         ,50.7
3509,4,8.1,Menz,Brandenburg                             ,33.5
3513,4,4.9,Neuhaus am Rennweg,Thüringen                               ,82.0
3518,4,6.6,Neuhausen ob Eck,Baden-Württemberg                       ,64.8
3519,4,7.2,Neuhausen ob Eck-Unterschwandorf,Baden-Württemberg                       ,62.0
3527,4,7.2,Neukirchen-Hauptschwenda,Hessen                                  ,53.3
3537,4,8.1,Neumünster,Schleswig-Holstein                      ,44.7
3540,4,9.0,Neunkirchen-Seelscheid-Krawinkel,Nordrhein-Westfalen                     ,66.0
3541,4,9.1,Neunkirchen-Seelscheid-Meisenbach,Nordrhein-Westfalen                     ,65.0
3545,4,9.3,Neunkirchen-Wellesweiler,Saarland                                ,55.0
3552,4,8.7,Neuruppin,Brandenburg                             ,30.9
3565,4,8.7,Neustadt/Aisch,Bayern                                  ,44.0
3571,4,7.9,Neustadt am Kulm-Filchendorf,Bayern                                  ,45.7
3575,4,10.6,Neustadt/Weinstraße,Rheinland-Pfalz                         ,44.9
3576,4,10.6,Neustadt/Weinstraße (Heidehof),Rheinland-Pfalz                         ,37.9
3577,4,8.2,Neustrelitz,Mecklenburg-Vorpommern                  ,34.0
3591,4,8.0,Nideggen-Schmidt,Nordrhein-Westfalen                     ,62.0
3595,4,8.5,Niederelbert,Rheinland-Pfalz                         ,62.9
3603,4,8.0,Niederstetten,Baden-Württemberg                       ,
3605,4,8.4,Niederstotzingen,Baden-Württemberg                       ,45.3
3612,4,9.0,Nienburg,Niedersachsen                           ,45.7
3621,4,8.5,Reimlingen,Bayern                                  ,38.0
3623,4,9.7,Nörvenich (Flugplatz),Nordrhein-Westfalen                     ,
3639,4,8.1,Nordholz (Flugplatz),Niedersachsen                           ,
3640,4,9.0,Nordhorn-Blanke,Niedersachsen                           ,48.2
3659,4,6.5,Nürburg,Rheinland-Pfalz                         ,62.4
3660,4,7.4,Nürburg-Barweiler,Rheinland-Pfalz                         ,55.0
3666,4,8.8,Nürnberg-Buchenbuehl,Bayern                                  ,47.0
3667,4,7.9,Nürnberg-Netzstall,Bayern                                  ,50.3
3668,4,9.1,Nürnberg,Bayern                                  ,39.8
3671,4,9.5,Nürtingen,Baden-Württemberg                       ,60.8
3672,4,8.2,Nufringen,Baden-Württemberg                       ,51.0
3679,4,8.3,Kiefersfelden-Gach,Bayern                                  ,83.0
3694,4,4.4,Oberhof,Thüringen                               ,89.7
3702,4,7.1,Münstertal-Obermünstertal,Baden-Württemberg                       ,93.0
3705,4,7.7,Oberndorf/Neckar-Aistaig,Baden-Württemberg                       ,66.0
3722,4,8.4,Oberschleißheim,Bayern                                  ,61.2
3730,4,5.8,Oberstdorf,Bayern                                  ,110.5
3734,4,9.8,Obersulm-Willsbach,Baden-Württemberg                       ,58.9
3735,4,8.5,Obertaufkirchen,Bayern                                  ,54.8
3739,4,7.3,Oberviechtach,Bayern                                  ,46.4
3744,4,8.0,Oberweser-Gieselwerder,Hessen                                  ,60.1
3751,4,7.4,Ochsenhausen-Mittelbuch,Baden-Württemberg                       ,74.1
3752,4,4.9,Ochsenkopf,Bayern                                  ,72.5
3753,4,9.3,Ochtrup,Nordrhein-Westfalen                     ,43.9
3761,4,9.7,Öhringen,Baden-Württemberg                       ,57.2
3776,4,10.6,Offenbach/M. (Stadt),Hessen                                  ,44.6
3777,4,10.5,Offenburg,Baden-Württemberg                       ,67.0
3788,4,7.8,Olbersdorf,Sachsen                                 ,43.1
3790,4,8.7,Oldenburg (A),Niedersachsen                           ,41.6
3791,4,8.7,Oldenburg,Niedersachsen                           ,44.0
3811,4,8.9,Oschatz,Sachsen                                 ,38.2
3815,4,9.1,Osnabrück,Niedersachsen                           ,47.0
3818,4,8.6,Osterburg,Sachsen-Anhalt                          ,
3821,4,8.5,Osterfeld,Sachsen-Anhalt                          ,45.0
3825,4,9.0,Osterhof,Saarland                                ,59.2
3836,4,8.1,Ostheim v.d. Rhön,Bayern                                  ,40.0
3856,4,5.4,Oy-Mittelberg,Bayern                                  ,104.7
3857,4,6.2,Oy-Mittelberg-Petersthal,Bayern                                  ,100.0
3867,4,8.7,Papenburg,Niedersachsen                           ,45.0
3875,4,8.0,Parsberg/Oberpfalz-Eglwang,Bayern                                  ,49.2
3878,4,9.3,Passau-Maierhof,Bayern                                  ,49.8
3879,4,9.1,Passau-Oberhaus,Bayern                                  ,55.7
3883,4,7.1,Pausa-Unterreichenau,Sachsen                                 ,48.8
3897,4,7.7,Pelzerhaken,Schleswig-Holstein                      ,36.0
3903,4,9.6,Perl-Besch,Saarland                                ,52.6
3904,4,9.6,Perl-Nennig,Saarland                                ,53.0
3915,4,8.6,Petkus,Brandenburg                             ,38.8
3922,4,8.2,Pfofeld-Langlau,Bayern                                  ,44.4
3925,4,8.9,Pforzheim-Ispringen,Baden-Württemberg                       ,61.0
3927,4,6.8,Pfullendorf,Baden-Württemberg                       ,66.3
3929,4,10.7,Philippsburg,Baden-Württemberg                       ,49.7
3939,4,7.8,Pirmasens,Rheinland-Pfalz                         ,62.2
3946,4,7.6,Plauen,Sachsen                                 ,42.0
3955,4,7.7,Plön (See),Schleswig-Holstein                      ,39.8
3974,4,8.2,Pommelsbrunn,Bayern                                  ,64.6
3975,4,7.3,Pommelsbrunn-Mittelburg,Bayern                                  ,62.0
3987,4,9.2,Potsdam,Brandenburg                             ,33.6
3988,4,9.2,Potsdam (Säkularstation),Brandenburg                             ,34.4
4005,4,8.2,Prien-Stock,Bayern                                  ,86.2
4018,4,8.1,Puch,Bayern                                  ,68.0
4024,4,7.0,Putbus,Mecklenburg-Vorpommern                  ,35.0
4029,4,9.0,Quakenbrück,Niedersachsen                           ,
4032,4,8.7,Quedlinburg,Sachsen-Anhalt                          ,38.0
4036,4,8.5,Querfurt-Mühle Lodersleben,Sachsen-Anhalt                          ,36.6
4038,4,8.0,Quickborn (Kurzer Kamp),Schleswig-Holstein                      ,46.4
4039,4,8.1,Quickborn,Schleswig-Holstein                      ,45.0
4053,4,9.2,Radolfzell-Markelfingen,Baden-Württemberg                       ,58.0
4063,4,8.8,Rahden-Kleinendorf,Nordrhein-Westfalen                     ,40.9
4066,4,8.0,Raisting,Bayern                                  ,69.1
4077,4,10.5,Rastatt,Baden-Württemberg                       ,62.7
4079,4,8.7,Rastenberg,Thüringen                               ,
4091,4,2.8,Rauschberg bei Ruhpolding,Bayern                                  ,128.2
4094,4,8.6,"Weingarten, Kr. Ravensburg",Baden-Württemberg                       ,64.2
4100,4,9.6,Recklinghausen,Nordrhein-Westfalen                     ,52.6
4104,4,9.1,Regensburg,Bayern                                  ,38.4
4127,4,8.0,Reichshof-Eckenhagen,Nordrhein-Westfalen                     ,77.0
4149,4,5.4,Marienberg-Reitzenhain,Sachsen                                 ,60.0
4152,4,6.8,Remetschwiel,Baden-Württemberg                       ,83.8
4154,4,8.0,Remscheid-Lennep,Nordrhein-Westfalen                     ,85.0
4156,4,7.7,Rendsburg,Schleswig-Holstein                      ,45.1
4160,4,8.2,Renningen-Ihinger Hof,Baden-Württemberg                       ,51.9
4166,4,9.2,Reutlingen-Betzingen,Baden-Württemberg                       ,61.7
4169,4,10.2,Rheinau-Memprechtshofen,Baden-Württemberg                       ,63.6
4174,4,9.3,Rheine-Bentlage,Nordrhein-Westfalen                     ,
4175,4,10.0,Rheinfelden,Baden-Württemberg                       ,79.0
4177,4,10.5,Rheinstetten,Baden-Württemberg                       ,59.0
4189,4,7.8,"Altheim, Kreis Biberach",Baden-Württemberg                       ,50.7
4222,4,7.2,Rodewisch,Sachsen                                 ,55.3
4233,4,7.3,Röhrigshof bei Schlüchtern,Hessen                                  ,61.4
4240,4,7.4,Roetgen,Nordrhein-Westfalen                     ,75.9
4261,4,8.8,Rosenheim,Bayern                                  ,68.9
4271,4,7.8,Rostock-Warnemünde,Mecklenburg-Vorpommern                  ,34.9
4275,4,8.6,Rotenburg (Wümme),Niedersachsen                           ,43.6
4278,4,8.7,Roth bei Nürnberg,Bayern                                  ,49.9
4280,4,8.5,Roth,Bayern                                  ,45.9
4287,4,8.4,Rothenburg ob der Tauber,Bayern                                  ,45.5
4288,4,9.1,"Rothenfelde, Bad",Niedersachsen                           ,47.8
4294,4,8.8,Rottenburg-Kiebingen,Baden-Württemberg                       ,51.3
4300,4,7.1,Rottweil,Baden-Württemberg                       ,61.0
4301,4,10.3,"Kreuznach, Bad",Rheinland-Pfalz                         ,37.8
4318,4,5.7,Ruhpolding,Bayern                                  ,130.0
4320,4,7.8,Ruhwinkel,Schleswig-Holstein                      ,42.7
4323,4,8.4,Ruppertsecken,Rheinland-Pfalz                         ,45.8
4327,4,6.0,Rusel-Irlmoos,Bayern                                  ,88.0
4330,4,8.7,Rutesheim,Baden-Württemberg                       ,49.2
4332,4,8.6,Saalfeld,Thüringen                               ,42.0
4336,4,8.9,Saarbrücken-Ensheim,Saarland                                ,56.8
4339,4,10.2,Saarbrücken-Sankt Johann,Saarland                                ,55.6
4347,4,7.5,"Sachsa, Bad",Niedersachsen                           ,59.6
4349,4,9.9,Sachsenheim,Baden-Württemberg                       ,46.0
4350,4,9.1,"Säckingen, Bad (Bergseestr.)",Baden-Württemberg                       ,94.3
4354,4,8.1,Saldenburg-Entschenreuth,Bayern                                  ,61.2
4364,4,9.0,Salzgitter-Ringelheim,Niedersachsen                           ,46.8
4367,4,8.3,Salzhemmendorf-Lauenstein,Niedersachsen                           ,55.0
4371,4,9.1,"Salzuflen, Bad",Nordrhein-Westfalen                     ,51.2
4373,4,8.6,Salzwedel,Sachsen-Anhalt                          ,35.5
4377,4,7.7,Sandberg,Bayern                                  ,57.9
4386,4,5.7,Sankt Blasien,Baden-Württemberg                       ,104.3
4391,4,8.0,Sankt Michaelisdonn,Schleswig-Holstein                      ,40.7
4396,4,8.6,Sankt Wendel-Hof,Saarland                                ,61.5
4397,4,8.5,Sankt Wendel-Urweiler,Saarland                                ,61.1
4401,4,9.2,"Sassendorf, Bad-Ostinghausen",Nordrhein-Westfalen                     ,48.6
4411,4,9.5,Schaafheim-Schlierbach,Hessen                                  ,42.0
4419,4,10.7,Schallstadt-Mengen,Baden-Württemberg                       ,57.0
4425,4,8.0,Schaumberg-Tholey,Saarland                                ,62.5
4433,4,8.0,Schemmerhofen-Ingerkingen,Baden-Württemberg                       ,54.4
4436,4,7.9,Schenklengsfeld,Hessen                                  ,47.8
4438,4,8.8,Scheßlitz,Bayern                                  ,51.0
4442,4,8.6,Schieder,Nordrhein-Westfalen                     ,53.9
4445,4,4.3,Wernigerode-Schierke,Sachsen-Anhalt                          ,80.7
4464,4,7.1,Schleiz,Thüringen                               ,50.0
4466,4,7.5,Schleswig,Schleswig-Holstein                      ,42.6
4468,4,7.5,Schleswig-Stadtfeld,Schleswig-Holstein                      ,41.8
4474,4,9.5,Schlossböckelheim,Rheinland-Pfalz                         ,43.0
4479,4,7.6,Schlüchtern-Kloster Gomfritz,Hessen                                  ,58.7
4480,4,8.7,Schlüchtern-Herolz,Hessen                                  ,55.7
4484,4,8.1,Schmalenbeck,Schleswig-Holstein                      ,47.4
4485,4,8.1,"Schmalkalden, Kurort",Thüringen                               ,49.5
4489,4,8.1,Schmatzfeld,Sachsen-Anhalt                          ,43.9
4490,4,9.1,Schmelz-Hüttersdorf,Saarland                                ,63.9
4501,4,4.2,Schmücke,Thüringen                               ,85.5
4505,4,5.8,Schnarrtanne-Vogelsgrün,Sachsen                                 ,65.4
4508,4,6.0,Schneifelforsthaus,Rheinland-Pfalz                         ,80.5
4548,4,6.4,Schönwald/Ofr.-Brunn,Bayern                                  ,47.2
4549,4,4.8,Schönwald/Schwarzwald,Baden-Württemberg                       ,119.9
4557,4,8.8,Schopfheim-Eichen,Baden-Württemberg                       ,96.5
4559,4,8.2,Schorndorf-Knöbling,Bayern                                  ,45.0
4560,4,8.5,Schotten,Hessen                                  ,63.8
4571,4,6.3,Schulenberg,Niedersachsen                           ,74.0
4576,4,8.7,Schwabach (A),Bayern                                  ,43.3
4581,4,8.9,Schwäbisch Gmünd-Strassdorf,Baden-Württemberg                       ,62.9
4582,4,8.9,Schwäbisch Hall-Bibersfeld,Baden-Württemberg                       ,60.0
4584,4,8.5,Schwaigermoos,Bayern                                  ,54.0
4586,4,8.2,"Schwalbach, Bad",Hessen                                  ,53.9
4592,4,8.5,Schwandorf,Bayern                                  ,37.7
4593,4,8.8,Schwanebeck,Sachsen-Anhalt                          ,40.7
4597,4,7.0,Schwangau-Horn,Bayern                                  ,89.1
4605,4,7.8,Schwarzburg,Thüringen                               ,49.6
4606,4,9.0,Schwarze Pumpe,Brandenburg                             ,40.7
4612,4,7.4,Schwarzenberg,Sachsen                                 ,61.3
4621,4,9.3,Schweinfurt-Gartenstadt,Bayern                                  ,40.1
4625,4,8.3,Schwerin,Mecklenburg-Vorpommern                  ,38.8
4629,4,7.2,Schwesing,Schleswig-Holstein                      ,39.0
4642,4,8.5,Seehausen,Sachsen-Anhalt                          ,33.8
4649,4,9.0,Seelscheid,Nordrhein-Westfalen                     ,66.5
4651,4,8.3,Seesen,Niedersachsen                           ,56.4
4656,4,7.9,"Segeberg, Bad",Schleswig-Holstein                      ,41.6
4664,4,6.4,Selb/Oberfranken-Wildenau,Bayern                                  ,43.3
4692,4,8.7,Siegen (Kläranlage),Nordrhein-Westfalen                     ,70.3
4702,4,7.1,Sigmaringen (Flugplatz),Baden-Württemberg                       ,
4703,4,7.3,Sigmaringen-Laiz,Baden-Württemberg                       ,55.8
4704,4,8.5,Sigmarszell-Zeisertsweiler,Bayern                                  ,106.6
4705,4,6.1,Silberhütte,Bayern                                  ,60.6
4706,4,9.1,Simbach/Inn,Bayern                                  ,54.2
4709,4,7.7,Simmern-Wahlbach,Rheinland-Pfalz                         ,46.7
4719,4,10.0,Sinsheim,Baden-Württemberg                       ,51.1
4729,4,8.0,Steinau-Seidenroth,Hessen                                  ,61.2
4741,4,9.2,Solingen-Hohenscheid,Nordrhein-Westfalen                     ,66.2
4745,4,8.3,Soltau,Niedersachsen                           ,46.2
4748,4,8.6,Sondershausen,Thüringen                               ,39.2
4752,4,6.4,Sonneberg-Neufang,Thüringen                               ,67.0
4763,4,8.1,Sontra,Hessen                                  ,46.0
4765,4,8.7,"Sooden-Allendorf, Bad",Hessen                                  ,51.0
4775,4,8.1,Speinshart,Bayern                                  ,43.1
4782,4,9.1,Spören-Prussendorf,Sachsen-Anhalt                          ,34.0
4813,4,8.1,"Staffelstein, Bad-Stublang",Bayern                                  ,51.5
4818,4,6.5,Stammbach-Querenbach,Bayern                                  ,57.8
4837,4,9.5,Stegen,Baden-Württemberg                       ,84.0
4841,4,8.3,"Steinau, Kr. Cuxhaven",Niedersachsen                           ,40.0
4847,4,6.7,Steinberg,Niedersachsen                           ,61.7
4857,4,8.7,Mittelnkirchen-Hohenfelde,Niedersachsen                           ,43.0
4878,4,6.3,Oberharz am Brocken-Stiege,Sachsen-Anhalt                          ,57.5
4881,4,8.3,Stockach,Baden-Württemberg                       ,61.0
4896,4,7.2,Wagersrott,Schleswig-Holstein                      ,36.7
4911,4,8.8,Straubing,Bayern                                  ,43.0
4926,4,10.9,Stuttgart (Neckartal),Baden-Württemberg                       ,44.7
4927,4,10.2,Stuttgart-Stadt,Baden-Württemberg                       ,48.8
4928,4,9.9,Stuttgart (Schnarrenberg),Baden-Württemberg                       ,47.0
4931,4,9.0,Stuttgart-Echterdingen,Baden-Württemberg                       ,49.0
4933,4,9.1,Stuttgart-Hohenheim,Baden-Württemberg                       ,48.3
4939,4,8.4,"Suderode, Bad",Sachsen-Anhalt                          ,
4977,4,9.0,Tangermünde,Sachsen-Anhalt                          ,28.8
4978,4,7.8,Tann/Rhön,Hessen                                  ,56.0
4987,4,9.0,Tauberbischofsheim-Dittigheim,Baden-Württemberg                       ,45.4
4997,4,8.6,Starkenberg-Tegkwitz,Thüringen                               ,42.0
5009,4,7.8,Teterow,Mecklenburg-Vorpommern                  ,33.0
5014,4,8.3,Worpswede-Hüttenbusch,Niedersachsen                           ,41.2
5017,4,6.5,Teuschnitz,Bayern                                  ,63.1
5024,4,9.0,Möckern-Räckendorf,Sachsen-Anhalt                          ,33.1
5029,4,8.8,Tholey,Saarland                                ,59.8
5032,4,9.7,Thüngersheim,Bayern                                  ,43.0
5039,4,8.4,Tiefenort,Thüringen                               ,43.1
5046,4,7.5,Tirschenreuth-Lodermühl,Bayern                                  ,43.0
5047,4,5.5,Titisee-Neustadt-Langenordnach,Baden-Württemberg                       ,90.0
5059,4,5.5,Todtmoos,Baden-Württemberg                       ,133.9
5063,4,7.2,"Tölz, Bad",Bayern                                  ,104.8
5064,4,10.0,Tönisvorst,Nordrhein-Westfalen                     ,46.6
5067,4,6.5,Torfhaus im Solling,Niedersachsen                           ,69.8
5068,4,9.0,Torgau,Sachsen                                 ,37.1
5074,4,7.8,Traunstein-Sparz,Bayern                                  ,95.2
5075,4,7.9,Traunstein-Axdorf,Bayern                                  ,101.3
5078,4,7.9,Travemünde,Schleswig-Holstein                      ,38.9
5088,4,7.0,Trent,Mecklenburg-Vorpommern                  ,30.8
5097,4,7.5,Tribsees,Mecklenburg-Vorpommern                  ,34.6
5099,4,10.1,Trier-Zewen,Rheinland-Pfalz                         ,49.0
5100,4,9.3,Trier-Petrisberg,Rheinland-Pfalz                         ,51.8
5105,4,6.7,Trochtelfingen,Baden-Württemberg                       ,65.5
5107,4,6.3,Trochtelfingen-Wilsingen,Baden-Württemberg                       ,64.0
5109,4,7.8,Trollenhagen,Mecklenburg-Vorpommern                  ,33.8
5111,4,8.5,Trostberg,Bayern                                  ,70.0
5120,4,9.1,Tübingen,Baden-Württemberg                       ,
5127,4,6.8,Tuttlingen,Baden-Württemberg                       ,60.9
5128,4,7.2,Tuttlingen-Möhringen-Vorstadt,Baden-Württemberg                       ,59.0
5133,4,7.9,Twistetal-Mühlhausen,Hessen                                  ,44.9
5138,4,9.0,Überlingen/Bodensee,Baden-Württemberg                       ,61.6
5142,4,7.9,Ueckermünde,Mecklenburg-Vorpommern                  ,31.6
5146,4,8.6,Uelzen,Niedersachsen                           ,41.0
5149,4,8.7,Gollhofen,Bayern                                  ,45.0
5155,4,8.4,Ulm,Baden-Württemberg                       ,50.1
5158,4,8.5,Ummendorf,Sachsen-Anhalt                          ,39.0
5165,4,7.8,Unterlüß,Niedersachsen                           ,51.6
5185,4,8.6,Uttenreuth,Bayern                                  ,53.7
5229,4,6.9,Villingen-Schwenningen,Baden-Württemberg                       ,58.0
5236,4,8.7,Visbek,Niedersachsen                           ,44.0
5244,4,10.2,Völklingen-Stadt,Saarland                                ,46.8
5250,4,10.5,Vogtsburg-Oberrotweil,Baden-Württemberg                       ,
5252,4,8.8,Voldagsen,Niedersachsen                           ,51.6
5267,4,9.0,Wackersleben,Sachsen-Anhalt                          ,40.9
5275,4,10.8,Waghäusel-Kirrlach,Baden-Württemberg                       ,49.9
5277,4,7.9,Wahlen,Hessen                                  ,
5279,4,8.5,Wesertal-Lippoldsberg,Hessen                                  ,50.2
5280,4,7.8,Wittenborn,Schleswig-Holstein                      ,45.2
5282,4,9.1,Wahnsdorf bei Dresden,Sachsen                                 ,40.7
5284,4,9.9,Waiblingen,Baden-Württemberg                       ,57.7
5291,4,4.7,Waldau-Jostal,Baden-Württemberg                       ,106.4
5296,4,7.7,Waldeck,Hessen                                  ,41.6
5300,4,8.2,Waldems-Reinborn,Hessen                                  ,51.6
5306,4,5.4,Waldhäuser (National Park),Bayern                                  ,73.9
5317,4,6.9,Waldsassen,Bayern                                  ,41.5
5320,4,9.0,Waldshut,Baden-Württemberg                       ,81.9
5335,4,7.9,Waltershausen,Thüringen                               ,57.0
5344,4,7.7,Wangerooge,Niedersachsen                           ,42.0
5347,4,8.1,Warburg,Nordrhein-Westfalen                     ,44.0
5349,4,8.1,Waren (Müritz),Mecklenburg-Vorpommern                  ,35.0
5361,4,8.0,Wartenberg-Angersbach,Hessen                                  ,50.5
5369,4,8.6,Wasserburg,Bayern                                  ,68.7
5371,4,4.7,Wasserkuppe,Hessen                                  ,69.6
5377,4,0.7,Watzmannhaus,Bayern                                  ,169.5
5397,4,8.1,Weiden,Bayern                                  ,40.9
5398,4,8.1,"Weidenbach, Kr.Ansbach",Bayern                                  ,42.8
5403,4,8.7,Weigenheim-Reusch,Bayern                                  ,42.7
5404,4,7.8,Weihenstephan-Dürnast,Bayern                                  ,48.6
5410,4,9.1,Weilburg (Kläranlage),Hessen                                  ,50.7
5419,4,8.5,Weimar,Thüringen                               ,44.0
5424,4,8.0,Weimar-Schöndorf,Thüringen                               ,42.4
5426,4,8.0,Weinbiet,Rheinland-Pfalz                         ,43.0
5429,4,10.0,Weinsberg,Baden-Württemberg                       ,51.1
5431,4,8.5,Weisen bei Wittenberge,Sachsen-Anhalt                          ,35.5
5433,4,9.1,Weiskirchen/Saar,Saarland                                ,70.0
5434,4,8.1,Weismain,Bayern                                  ,56.4
5435,4,8.6,Weissach,Baden-Württemberg                       ,54.8
5440,4,8.4,Weißenburg-Emetzheim,Bayern                                  ,44.1
5442,4,9.2,Weißenfels,Sachsen-Anhalt                          ,38.4
5445,4,8.8,Weißensee-Ottenhausen,Thüringen                               ,35.9
5453,4,10.4,Weisweil-Waldeckhof,Baden-Württemberg                       ,55.0
5460,4,7.0,Wellendingen,Baden-Württemberg                       ,63.8
5463,4,8.9,Wellmitz,Brandenburg                             ,38.1
5467,4,0.4,Wendelstein,Bayern                                  ,114.1
5480,4,9.3,Werl,Nordrhein-Westfalen                     ,50.0
5488,4,9.0,"Mühlhausen, Kr. Schweinfurt",Bayern                                  ,41.4
5490,4,8.1,Wernigerode,Sachsen-Anhalt                          ,45.0
5498,4,9.4,Wertheim-Eichel,Baden-Württemberg                       ,46.9
5514,4,7.5,Westerland,Schleswig-Holstein                      ,33.7
5516,4,7.2,Fehmarn,Schleswig-Holstein                      ,34.0
5538,4,8.0,Wielenbach (Demollstr.),Bayern                                  ,71.0
5540,4,10.6,Wiesbaden (Süd),Hessen                                  ,42.2
5541,4,9.1,Wiesbaden-Auringen,Hessen                                  ,45.0
5543,4,9.3,Wiesbaden-Dotzheim,Hessen                                  ,47.2
5546,4,8.5,Wiesenburg,Brandenburg                             ,37.0
5559,4,7.3,"Wildbad, Bad-Calmbach",Baden-Württemberg                       ,74.0
5562,4,7.3,Neubulach-Oberhaugstett,Baden-Württemberg                       ,61.1
5568,4,7.8,"Wildungen, Bad",Hessen                                  ,40.5
5575,4,8.4,Wilhelmshaven,Niedersachsen                           ,44.3
5582,4,5.9,Willingen/Upland,Hessen                                  ,78.0
5609,4,9.6,"Winterbach, Rems-Murr-Kreis",Baden-Württemberg                       ,62.1
5610,4,5.4,Winterberg,Nordrhein-Westfalen                     ,85.0
5624,4,7.8,Wismar,Mecklenburg-Vorpommern                  ,39.4
5629,4,9.1,Wittenberg,Sachsen-Anhalt                          ,36.4
5640,4,8.4,Wittmundhafen,Niedersachsen                           ,
5642,4,8.2,Wittstock,Brandenburg                             ,
5643,4,8.3,Wittstock-Rote Mühle,Brandenburg                             ,33.1
5644,4,8.6,Witzenhausen,Hessen                                  ,44.5
5654,4,8.2,Wörnitz-Bottenweiler,Bayern                                  ,54.2
5663,4,7.6,Woldegk,Mecklenburg-Vorpommern                  ,34.1
5664,4,8.7,Wolfach,Baden-Württemberg                       ,92.1
5675,4,9.3,Wolfsburg,Niedersachsen                           ,38.2
5676,4,9.1,Wolfsburg (Südwest),Niedersachsen                           ,43.0
5681,4,9.4,Wolfstein/Pfalz,Rheinland-Pfalz                         ,48.6
5688,4,5.4,Dachsberg-Wolpadingen,Baden-Württemberg                       ,103.8
5692,4,10.3,Worms,Rheinland-Pfalz                         ,38.6
5703,4,9.7,Würzburg/Main,Bayern                                  ,45.2
5705,4,9.5,Würzburg,Bayern                                  ,40.1
5707,4,9.8,Würzburg (Physikalisches-Institut),Bayern                                  ,42.3
5715,4,9.1,Wunstorf,Niedersachsen                           ,40.1
5717,4,9.2,Wuppertal-Buchenhofen,Nordrhein-Westfalen                     ,72.4
5719,4,8.8,Remscheid,Nordrhein-Westfalen                     ,76.0
5728,4,8.9,Wustrau-Ziethenhorst,Brandenburg                             ,31.6
5731,4,8.9,Wutöschingen-Ofteringen,Baden-Württemberg                       ,70.2
5732,4,7.6,Wrixum/Föhr,Schleswig-Holstein                      ,36.6
5745,4,8.5,Zehdenick,Brandenburg                             ,32.6
5750,4,9.0,Zeitz,Sachsen-Anhalt                          ,43.1
5761,4,9.2,Zerbst,Sachsen-Anhalt                          ,33.0
5778,4,7.4,Zinnowitz,Mecklenburg-Vorpommern                  ,35.0
5779,4,4.5,Zinnwald-Georgenfeld,Sachsen                                 ,60.5
5792,4,-7.2,Zugspitze,Bayern                                  ,178.5
5797,4,8.1,Lichtentanne,Sachsen                                 ,49.0
5800,4,6.5,Zwiesel,Bayern                                  ,63.0
5802,4,6.5,Zwieselberg,Bayern                                  ,55.7
5821,4,8.6,Bassum (A),Niedersachsen                           ,44.2
5822,4,8.6,Bassum,Niedersachsen                           ,43.0
5825,4,9.0,Berge,Brandenburg                             ,28.5
5832,4,8.6,Dannenberg,Niedersachsen                           ,36.9
5839,4,8.3,Emden,Niedersachsen                           ,41.0
5856,4,8.5,Fürstenzell,Bayern                                  ,56.0
5871,4,7.4,Hahn,Rheinland-Pfalz                         ,57.0
5885,4,9.5,Kirchheim/Teck-Ötlingen,Baden-Württemberg                       ,61.0
5890,4,6.4,"Kohlgrub, Bad (A)",Bayern                                  ,96.4
5898,4,9.8,Ludwigsburg,Baden-Württemberg                       ,
5904,4,8.5,Mainburg,Bayern                                  ,51.4
5906,4,10.7,Mannheim,Baden-Württemberg                       ,49.3
5912,4,8.3,Malsfeld,Hessen                                  ,47.0
5920,4,10.1,Neuwied,Rheinland-Pfalz                         ,44.3
5930,4,7.3,Schönhagen (Ostseebad),Schleswig-Holstein                      ,37.0
5941,4,6.3,Reit im Winkl,Bayern                                  ,110.5
5971,4,7.8,Welzheim (A),Baden-Württemberg                       ,71.7
6086,4,8.9,Melchow-Schönholz,Brandenburg                             ,34.9
6093,4,8.5,Wendisch Evern,Niedersachsen                           ,42.0
6095,4,8.2,Taubenheim-Seeligstadt,Sachsen                                 ,48.1
6105,4,7.7,Ostenfeld (Rendsburg),Schleswig-Holstein                      ,42.0
6109,4,8.1,Grambow-Schwennenz,Mecklenburg-Vorpommern                  ,33.0
6110,4,7.8,Medow-Wussentin,Mecklenburg-Vorpommern                  ,33.0
6129,4,7.8,Sohland/Spree,Sachsen                                 ,47.0
6157,4,8.4,Wangerland-Hooksiel,Niedersachsen                           ,44.0
6158,4,7.9,Weidenbach-Weiherschneidbach,Bayern                                  ,46.0
6159,4,8.9,Dörpen,Niedersachsen                           ,43.1
6163,4,7.7,Dörnick,Schleswig-Holstein                      ,40.0
6170,4,9.1,Coschen,Brandenburg                             ,39.0
6182,4,8.7,Mallersdorf-Pfaffenberg,Bayern                                  ,44.0
6184,4,8.4,Wilhelmshaven (Flugplatz),Niedersachsen                           ,
6186,4,8.7,Nastätten,Rheinland-Pfalz                         ,48.0
6196,4,6.5,Selb-Spielberg,Bayern                                  ,48.7
6197,4,7.9,Lügde-Paenbruch,Nordrhein-Westfalen                     ,54.0
6199,4,7.4,Steinhagen-Negast,Mecklenburg-Vorpommern                  ,36.0
6217,4,10.2,Saarbrücken-Burbach,Saarland                                ,53.0
6219,4,8.6,Dollnstein-Breitenfurt,Bayern                                  ,42.5
6258,4,8.8,Friedrichshafen-Unterraderach,Baden-Württemberg                       ,75.0
6259,4,7.6,Großerlach-Mannenweiler,Baden-Württemberg                       ,75.0
6260,4,8.4,Ingelfingen-Stachenhausen,Baden-Württemberg                       ,61.0
6262,4,8.8,Schwäbisch Gmünd-Weiler,Baden-Württemberg                       ,63.0
6263,4,8.9,Singen,Baden-Württemberg                       ,59.0
6264,4,7.1,Brilon-Thülen,Nordrhein-Westfalen                     ,62.0
6265,4,9.1,Wusterwitz,Brandenburg                             ,30.0
6266,4,8.9,Huy-Pabstorf,Sachsen-Anhalt                          ,41.0
6272,4,8.1,"Salzungen, Bad-Gräfen-Nitzendorf",Thüringen                               ,50.0
6273,4,9.0,Demker,Sachsen-Anhalt                          ,30.0
6275,4,9.3,Notzingen,Baden-Württemberg                       ,63.0
6304,4,7.3,Pilsach-Litzlohe,Bayern                                  ,57.0
6305,4,8.6,Mühlhausen/Thüringen-Görmar,Thüringen                               ,38.0
6310,4,7.4,Karlshagen,Mecklenburg-Vorpommern                  ,35.0
6312,4,8.4,Markt Erlbach-Mosbach,Bayern                                  ,44.0
6314,4,8.2,Nossen,Sachsen                                 ,48.0
6336,4,8.5,Lohr/Main-Halsbach,Bayern                                  ,54.0
6337,4,9.5,Lüdinghausen-Brochtrup,Nordrhein-Westfalen                     ,49.0
6344,4,9.2,Runkel-Ennerich,Hessen                                  ,47.0
6346,4,8.2,Maisach-Galgen,Bayern                                  ,64.0
6347,4,8.8,Schonungen-Mainberg,Bayern                                  ,46.0
7075,4,8.6,Elsendorf-Horneck,Bayern                                  ,47.0
7099,4,8.6,Liebenburg-Othfresen,Niedersachsen                           ,49.0
7105,4,7.2,Siegsdorf-Höll,Bayern                                  ,105.0
7106,4,8.9,Bielefeld-Deppendorf,Nordrhein-Westfalen                     ,54.0
7135,4,7.9,Aulendorf-Haslach,Baden-Württemberg                       ,67.0
7187,4,9.0,Freudenberg/Main-Boxtal,Baden-Württemberg                       ,51.0
7244,4,8.0,Neuglobsow (HM),Brandenburg                             ,34.2
7298,4,7.5,Hattstedt,Schleswig-Holstein                      ,39.0
7319,4,8.6,Donauwörth-Osterweiler,Bayern                                  ,45.0
7321,4,8.9,Olbersleben,Thüringen                               ,38.0
7325,4,-6.2,,,170.0
7329,4,7.2,Treuen,Sachsen                                 ,52.0
7330,4,8.6,Arnsberg-Neheim,Nordrhein-Westfalen                     ,57.0
7331,4,8.2,Hermaringen-Allewind,Baden-Württemberg                       ,50.0
7341,4,10.4,Offenbach-Wetterpark,Hessen                                  ,46.0
7343,4,5.5,Deutschneudorf-Brüderwiese,Sachsen                                 ,60.0
7350,4,6.6,Prackenbach-Neuhäusl,Bayern                                  ,58.0
7351,4,7.8,Feldberg/Mecklenburg,Mecklenburg-Vorpommern                  ,35.0
7364,4,9.6,Jeßnitz,Sachsen-Anhalt                          ,36.0
7367,4,8.7,Alfeld,Niedersachsen                           ,54.0
7368,4,8.0,Eisenach,Thüringen                               ,52.0
7369,4,8.0,Feuchtwangen-Heilbronn,Bayern                                  ,48.0
7370,4,7.5,Waldmünchen,Bayern                                  ,48.0
7373,4,8.3,Borkum-Flugplatz,Niedersachsen                           ,39.0
7374,4,9.4,Ahaus,Nordrhein-Westfalen                     ,48.0
7389,4,8.8,Heckelberg,Brandenburg                             ,36.0
7393,4,9.1,Hoyerswerda,Sachsen                                 ,41.0
7394,4,6.5,Wunsiedel-Schönbrunn,Bayern                                  ,51.0
7395,4,8.9,Gottfrieding,Bayern                                  ,46.0
7396,4,5.5,Hoherodskopf/Vogelsberg,Hessen                                  ,82.0
7403,4,7.2,Leutkirch-Herlazhofen,Baden-Württemberg                       ,95.0
7410,4,7.9,Neu-Ulrichstein,Hessen                                  ,56.0
7412,4,8.3,Neuhütten/Spessart,Bayern                                  ,66.0
7419,4,7.5,Langenwetzendorf-Göttendorf,Thüringen                               ,47.0
7420,4,8.5,Naumburg/Saale-Kreipitzsch,Sachsen-Anhalt                          ,48.0
7424,4,8.6,Piding,Bayern                                  ,92.0
7427,4,8.1,Padenstedt (Pony-Park),Schleswig-Holstein                      ,43.0
7428,4,7.8,Veilsdorf,Thüringen                               ,52.0
7431,4,7.9,Oberhaching-Laufzorn,Bayern                                  ,79.0
7432,4,8.7,Wittingen-Vorhop,Niedersachsen                           ,39.0
13670,4,10.3,Duisburg-Baerl,Nordrhein-Westfalen                     ,48.0
13674,4,9.6,Waibstadt,Baden-Württemberg                       ,56.0
13675,4,9.1,Hameln-Hastenbeck,Niedersachsen                           ,48.0
13696,4,9.7,Waltrop-Abdinghof,Nordrhein-Westfalen                     ,48.0
13700,4,8.9,Gevelsberg-Oberbröking,Nordrhein-Westfalen                     ,65.0
13710,4,8.4,Landshut-Reithof,Bayern                                  ,53.0
13711,4,8.3,Krölpa-Rockendorf,Thüringen                               ,43.0
13713,4,7.7,Meinerzhagen-Redlendorf,Nordrhein-Westfalen                     ,79.0
13776,4,9.0,Hildesheim-Drispenstedt,Niedersachsen                           ,44.0
13777,4,9.0,Helmstedt-Emmerstedt,Niedersachsen                           ,40.0
13965,4,7.4,Balingen-Bronnhaupten,Baden-Württemberg                       ,65.0
14138,4,9.1,,,37.0
14311,4,6.7,Hersdorf-Weißenseifen,Rheinland-Pfalz                         ,67.5
15000,4,9.1,Aachen-Orsbach,Nordrhein-Westfalen                     ,59.0
15207,4,8.0,Schauenburg-Elgershausen,Hessen                                  ,48.0
15444,4,7.8,Ulm-Mähringen,Baden-Württemberg                       ,59.0
15555,4,6.5,Kaufbeuren-Oberbeuren,Bayern                                  ,86.2
15926,4,8.3,Fronberg (Schwandorf),Bayern                                  ,38.7
15951,4,8.3,Pirmasens (Kläranlage),Rheinland-Pfalz                         ,58.9
15963,4,10.0,St. Tönis,Nordrhein-Westfalen                     ,46.5
15965,4,8.5,"Brückenau, Bad (Elisabethenhof)",Bayern                                  ,56.5
15979,4,8.2,Sargenroth,Rheinland-Pfalz                         ,50.0
16085,4,8.7,Leherheide,Bremen                                  ,39.4
19087,4,7.2,Freyung vorm Wald,Bayern                                  ,59.9
19171,4,8.1,Hasenkrug-Hardebek,Schleswig-Holstein                      ,42.2
19172,4,7.9,Wacken,Schleswig-Holstein                      ,45.5
19580,4,8.1,"Urach, Bad/Erms",Baden-Württemberg                       ,71.6
19607,4,6.0,Cämmerswalde-Rauschenbach,Sachsen                                 ,
19617,4,8.3,Burghaslach,Bayern                                  ,44.1
19647,4,9.2,Eberbach/Neckar,Baden-Württemberg                       ,
19781,4,8.8,Ingolstadt,Bayern                                  ,42.0
1,5,13.3,Aach,Baden-Württemberg                       ,88.7
3,5,13.6,Aachen,Nordrhein-Westfalen                     ,72.0
44,5,12.9,Großenkneten,Niedersachsen                           ,61.6
52,5,12.5,Ahrensburg-Wulfsdorf,Schleswig-Holstein                      ,61.9
61,5,13.9,Aiterhofen,Bayern                                  ,70.9
70,5,11.4,Albstadt-Ebingen,Baden-Württemberg                       ,104.7
71,5,11.1,Albstadt-Badkap,Baden-Württemberg                       ,116.0
72,5,10.9,Albstadt-Onstmettingen,Baden-Württemberg                       ,121.4
73,5,14.0,Aldersbach-Kriestorf,Bayern                                  ,74.2
78,5,12.9,Alfhausen,Niedersachsen                           ,58.0
91,5,12.4,Alsfeld-Eifa,Hessen                                  ,69.4
93,5,12.7,Alsfeld-Reibertenrod,Hessen                                  ,64.0
96,5,13.7,Neuruppin-Alt Ruppin,Brandenburg                             ,57.0
98,5,10.3,Altastenberg,Nordrhein-Westfalen                     ,82.5
116,5,13.5,Altenburg,Thüringen                               ,57.8
125,5,11.9,Altenstadt,Bayern                                  ,
129,5,12.6,Altentreptow,Mecklenburg-Vorpommern                  ,50.0
131,5,13.1,Geringswalde-Altgeringswalde,Sachsen                                 ,61.0
132,5,11.3,Altglashütte,Bayern                                  ,92.8
142,5,13.0,Altomünster-Maisbrunn,Bayern                                  ,94.4
150,5,14.4,Alzey,Rheinland-Pfalz                         ,55.6
151,5,13.4,Amberg-Unterammersricht,Bayern                                  ,62.9
154,5,13.1,Amerang-Pfaffing,Bayern                                  ,117.0
161,5,14.6,Andernach,Rheinland-Pfalz                         ,56.8
164,5,13.4,Angermünde,Brandenburg                             ,53.6
167,5,12.5,Anklam,Mecklenburg-Vorpommern                  ,51.1
169,5,11.7,Annaberg-Buchholz,Sachsen                                 ,68.2
172,5,11.6,Annaturm,Niedersachsen                           ,69.3
174,5,13.8,Annweiler-Bindersbach,Rheinland-Pfalz                         ,73.6
175,5,12.9,Ansbach,Bayern                                  ,73.0
177,5,13.0,Ansbach-Hennenbach,Bayern                                  ,70.0
183,5,10.4,Arkona,Mecklenburg-Vorpommern                  ,43.1
184,5,13.7,Arneburg,Sachsen-Anhalt                          ,45.2
185,5,11.7,Arnis,Schleswig-Holstein                      ,52.5
186,5,12.6,Arnsberg,Nordrhein-Westfalen                     ,80.0
191,5,13.3,Arnstein-Müdesheim,Bayern                                  ,64.0
193,5,12.4,Arolsen-Neu Berich,Hessen                                  ,66.2
198,5,13.7,Artern,Thüringen                               ,59.5
202,5,14.5,Aschaffenburg,Bayern                                  ,72.0
207,5,13.7,Aschersleben,Sachsen-Anhalt                          ,56.0
211,5,13.3,Aßlar Klein-Altenstädten,Hessen                                  ,67.8
217,5,12.4,Attenkam,Bayern                                  ,118.5
221,5,13.4,Au i.d.Hallertau-Günzenhausen,Bayern                                  ,88.6
222,5,12.5,Aue,Sachsen                                 ,72.0
231,5,13.1,Augsburg (Sankt Stephan),Bayern                                  ,90.0
232,5,13.1,Augsburg,Bayern                                  ,85.5
243,5,12.1,Aurich,Niedersachsen                           ,56.1
257,5,14.1,Baden-Baden-Geroldsau,Baden-Württemberg                       ,123.6
259,5,14.0,Müllheim,Baden-Württemberg                       ,103.6
268,5,11.8,Baiersbronn-Obertal,Baden-Württemberg                       ,148.0
273,5,13.5,Baindt,Baden-Württemberg                       ,102.3
282,5,13.7,Bamberg,Bayern                                  ,64.5
283,5,13.4,Bamberg-Altenburg,Bayern                                  ,66.2
284,5,13.4,Bamberg (Sternwarte),Bayern                                  ,67.2
288,5,12.6,Bargischow-Gnevezin,Mecklenburg-Vorpommern                  ,52.6
294,5,13.3,Barsinghausen-Hohenbostel,Niedersachsen                           ,62.0
298,5,11.6,Barth,Mecklenburg-Vorpommern                  ,54.3
303,5,14.2,Baruth,Brandenburg                             ,52.2
314,5,13.7,"Kubschütz, Kr. Bautzen",Sachsen                                 ,64.3
320,5,13.1,Heinersreuth-Vollhof,Bayern                                  ,64.3
326,5,13.5,Beckum-Unterberg,Nordrhein-Westfalen                     ,68.0
327,5,12.5,Bederkesa,Niedersachsen                           ,62.3
330,5,12.8,Oberzent-Beerfelden,Hessen                                  ,92.1
335,5,12.0,Behrensdorf,Schleswig-Holstein                      ,52.2
342,5,13.1,Belm,Niedersachsen                           ,61.0
348,5,14.4,Bendorf,Rheinland-Pfalz                         ,60.7
355,5,15.1,Bensheim,Hessen                                  ,77.3
361,5,13.0,Berchtesgaden (KKst),Bayern                                  ,135.1
365,5,13.0,Berg/Oberpfalz,Bayern                                  ,75.6
368,5,13.1,Bergen,Niedersachsen                           ,
377,5,14.7,"Bergzabern, Bad",Rheinland-Pfalz                         ,68.4
379,5,12.9,"Berka, Bad (Flugplatz)",Thüringen                               ,72.1
386,5,11.6,"Berleburg, Bad",Nordrhein-Westfalen                     ,71.7
390,5,10.5,"Berleburg, Bad-Stünzel",Nordrhein-Westfalen                     ,85.0
395,5,14.2,Berlin-Adlershof,Berlin                                  ,
399,5,15.2,Berlin-Alexanderplatz,Berlin                                  ,56.0
400,5,14.2,Berlin-Buch,Berlin                                  ,58.5
402,5,14.3,Berlin-Dahlem (LFAG),Berlin                                  ,56.0
403,5,14.2,Berlin-Dahlem (FU),Berlin                                  ,57.1
405,5,14.3,Berlin-Friedrichshagen,Berlin                                  ,
407,5,14.3,Berlin-Frohnau,Berlin                                  ,56.3
408,5,14.7,Berlin-Invalidenstraße,Berlin                                  ,
410,5,14.2,Berlin-Kaniswall,Berlin                                  ,59.0
416,5,14.4,Berlin-Lichtenrade,Berlin                                  ,58.8
417,5,14.4,Berlin-Lichterfelde (Süd),Berlin                                  ,56.4
420,5,14.5,Berlin-Marzahn,Berlin                                  ,57.0
422,5,14.7,Berlin-Mitte,Berlin                                  ,56.1
424,5,14.9,Berlin-Ostkreuz,Berlin                                  ,
425,5,14.3,Berlin-Rudow,Berlin                                  ,59.0
427,5,14.3,Berlin Brandenburg,Brandenburg                             ,55.4
429,5,14.4,Berlin-Spandau,Berlin                                  ,57.4
430,5,14.6,Berlin-Tegel,Berlin                                  ,54.3
432,5,14.4,Berlin-Tegeler Fliesstal,Berlin                                  ,56.4
433,5,14.8,Berlin-Tempelhof,Berlin                                  ,55.8
434,5,14.5,Berlin-Treptow,Berlin                                  ,60.0
435,5,14.5,Berlin-Zehlendorf,Berlin                                  ,55.2
445,5,14.0,Bernburg/Saale (Nord),Sachsen-Anhalt                          ,56.8
450,5,14.7,Bernkastel-Kues,Rheinland-Pfalz                         ,62.6
460,5,13.3,Berus,Saarland                                ,74.0
474,5,12.5,Warthausen-Birkenhard,Baden-Württemberg                       ,100.0
480,5,12.4,Biedenkopf-Wallau,Hessen                                  ,70.9
502,5,12.3,Bischbrunn,Bayern                                  ,74.7
524,5,14.5,Bitterfeld,Sachsen-Anhalt                          ,53.1
526,5,13.2,"Blankenburg, Bad",Thüringen                               ,67.4
535,5,12.4,Blankenrath,Rheinland-Pfalz                         ,77.3
550,5,12.7,Bobeck,Thüringen                               ,68.0
553,5,13.7,Bocholt (Marienschule),Nordrhein-Westfalen                     ,67.3
555,5,14.0,Bochum,Nordrhein-Westfalen                     ,68.0
576,5,12.9,Böblingen,Baden-Württemberg                       ,85.4
578,5,12.9,Böhming,Bayern                                  ,88.4
588,5,13.5,Boffzen,Niedersachsen                           ,62.9
591,5,13.1,Boizenburg,Mecklenburg-Vorpommern                  ,56.1
592,5,12.4,Bokel,Schleswig-Holstein                      ,62.7
596,5,11.7,Boltenhagen,Mecklenburg-Vorpommern                  ,53.0
598,5,14.4,Bonn,Nordrhein-Westfalen                     ,61.9
599,5,14.4,Bonn-Friesdorf,Nordrhein-Westfalen                     ,64.0
601,5,13.8,,,
603,5,13.7,Königswinter-Heiderhof,Nordrhein-Westfalen                     ,72.0
606,5,12.8,Boos,Bayern                                  ,99.7
614,5,13.0,Borgentreich-Bühne,Nordrhein-Westfalen                     ,63.2
617,5,13.8,Borken in Westfalen,Nordrhein-Westfalen                     ,68.9
619,5,12.2,Borkum-Süderstraße,Niedersachsen                           ,53.4
642,5,12.8,Brake,Niedersachsen                           ,56.7
643,5,12.8,Brake-Süderfeld,Niedersachsen                           ,55.1
645,5,13.1,Bramsche,Niedersachsen                           ,61.5
648,5,12.2,Brande-Hörnerkirchen,Schleswig-Holstein                      ,66.0
650,5,14.1,Brandenburg-Görden,Brandenburg                             ,54.2
652,5,13.1,Hagenbüchach,Bayern                                  ,69.4
656,5,10.3,Braunlage,Niedersachsen                           ,80.0
660,5,13.6,Braunschweig-Gliesmarode,Niedersachsen                           ,54.1
661,5,13.6,Braunschweig (T.H.),Niedersachsen                           ,53.6
662,5,13.4,Braunschweig,Niedersachsen                           ,52.8
685,5,11.4,Breitsol,Bayern                                  ,87.9
691,5,13.0,Bremen,Bremen                                  ,54.2
699,5,13.0,Bremen-Seefahrtschule,Bremen                                  ,55.2
701,5,13.1,Bremerhaven,Bremen                                  ,50.7
702,5,12.9,Bremerhaven-Speckenbüttel,Bremen                                  ,53.0
703,5,12.8,Bremervörde (A),Niedersachsen                           ,60.4
704,5,12.7,Bremervörde,Niedersachsen                           ,59.0
705,5,12.8,Bremervörde-Niederochtenhausen,Niedersachsen                           ,59.4
706,5,14.8,Eschbach,Baden-Württemberg                       ,86.5
710,5,14.1,Bretten,Baden-Württemberg                       ,76.4
717,5,11.4,Brilon,Nordrhein-Westfalen                     ,82.4
722,5,6.7,Brocken,Sachsen-Anhalt                          ,116.6
727,5,13.4,Brombachtal-Kirch-Brombach,Hessen                                  ,86.3
729,5,11.2,Brotterode,Thüringen                               ,92.7
736,5,12.2,Brücken,Rheinland-Pfalz                         ,80.7
755,5,12.8,"Buchen, Kr. Neckar-Odenwald",Baden-Württemberg                       ,69.0
757,5,13.2,Buchenbach,Baden-Württemberg                       ,128.0
760,5,12.3,Rosengarten-Klecken,Niedersachsen                           ,59.7
766,5,11.9,Büchel (Flugplatz),Rheinland-Pfalz                         ,
769,5,13.6,Bückeburg,Niedersachsen                           ,63.3
771,5,14.2,Büdingen,Hessen                                  ,69.8
772,5,15.1,Bühlertal,Baden-Württemberg                       ,138.4
773,5,13.0,Bühlertal-Obertal,Baden-Württemberg                       ,145.9
793,5,11.6,Buhlenberg,Rheinland-Pfalz                         ,84.5
817,5,12.4,Burgwald-Bottendorf,Hessen                                  ,67.1
840,5,9.4,Carlsfeld,Sachsen                                 ,92.0
848,5,13.9,Celle (Stadt),Niedersachsen                           ,51.5
850,5,14.1,Celle,Niedersachsen                           ,53.1
851,5,13.4,Pemfling-Pitzling,Bayern                                  ,68.0
853,5,12.8,Chemnitz,Sachsen                                 ,65.8
856,5,13.2,Chieming,Bayern                                  ,125.0
863,5,10.7,Clausthal-Zellerfeld,Niedersachsen                           ,96.1
865,5,12.9,Cloppenburg,Niedersachsen                           ,58.9
867,5,13.3,Lautertal-Oberlauter,Bayern                                  ,69.7
876,5,13.1,Collmberg,Sachsen                                 ,57.0
879,5,14.4,Cottbus (Flugplatz),Brandenburg                             ,
880,5,14.4,Cottbus,Brandenburg                             ,59.2
881,5,13.2,Crailsheim-Alexandersreut,Baden-Württemberg                       ,81.4
888,5,13.2,Crimmitschau,Sachsen                                 ,62.2
891,5,12.4,Cuxhaven,Niedersachsen                           ,51.6
896,5,13.5,Dachwig,Thüringen                               ,60.3
917,5,14.3,Darmstadt,Hessen                                  ,76.0
918,5,14.7,Darmstadt (A),Hessen                                  ,64.0
919,5,14.5,Darmstadt-Botanischer Garten,Hessen                                  ,73.1
931,5,12.1,Deggenhausertal-Azenweiler,Baden-Württemberg                       ,115.0
948,5,14.2,Dessau,Sachsen-Anhalt                          ,59.0
953,5,12.1,Deuselbach,Rheinland-Pfalz                         ,69.0
963,5,13.2,Diepholz,Niedersachsen                           ,53.1
964,5,12.1,Dierfeld,Rheinland-Pfalz                         ,71.8
965,5,14.3,Diesbar-Seußlitz,Sachsen                                 ,57.8
970,5,12.8,Dietenhofen,Bayern                                  ,71.0
979,5,12.6,Dillenburg,Hessen                                  ,64.8
982,5,13.8,Dillingen/Donau,Bayern                                  ,82.6
983,5,13.8,Dillingen/Donau-Fristingen,Bayern                                  ,78.7
991,5,12.7,Dippoldiswalde-Reinberg,Sachsen                                 ,71.0
998,5,11.5,Dobel,Baden-Württemberg                       ,142.0
1000,5,12.1,"Doberan, Bad-Heiligendamm",Mecklenburg-Vorpommern                  ,49.2
1001,5,13.8,Doberlug-Kirchhain,Brandenburg                             ,57.8
1003,5,13.5,Döbeln,Sachsen                                 ,57.0
1006,5,13.4,Dömitz,Mecklenburg-Vorpommern                  ,47.1
1018,5,11.8,Donaueschingen,Baden-Württemberg                       ,90.4
1032,5,13.8,Dortmund,Nordrhein-Westfalen                     ,70.8
1047,5,14.5,Dresden (Mitte),Sachsen                                 ,58.7
1048,5,13.8,Dresden-Klotzsche,Sachsen                                 ,64.7
1050,5,14.2,Dresden-Hosterwitz,Sachsen                                 ,66.8
1051,5,14.5,Dresden-Strehlen,Sachsen                                 ,61.0
1052,5,13.8,Möckern-Drewitz,Sachsen-Anhalt                          ,55.0
1066,5,13.0,Duderstadt,Niedersachsen                           ,62.4
1072,5,15.0,"Dürkheim, Bad",Rheinland-Pfalz                         ,58.4
1073,5,14.7,"Dürkheim, Bad (Saline)",Rheinland-Pfalz                         ,58.3
1074,5,14.1,"Dürrenberg, Bad",Sachsen-Anhalt                          ,52.0
1078,5,14.2,Düsseldorf,Nordrhein-Westfalen                     ,68.7
1079,5,14.5,Düsseldorf-Südfriedhof,Nordrhein-Westfalen                     ,67.2
1084,5,14.8,Duisburg-Friemersheim,Nordrhein-Westfalen                     ,67.9
1087,5,15.0,Duisburg-Laar,Nordrhein-Westfalen                     ,63.5
1102,5,14.1,Ebersbach/Fils,Baden-Württemberg                       ,93.7
1103,5,13.1,Ebersberg-Halbing,Bayern                                  ,101.7
1106,5,14.0,Eberswalde,Brandenburg                             ,53.0
1107,5,12.7,Ebrach,Bayern                                  ,71.1
1130,5,11.8,Eggebek,Schleswig-Holstein                      ,55.0
1146,5,12.6,Ehningen,Baden-Württemberg                       ,88.9
1154,5,13.4,Eiberg,Bayern                                  ,99.1
1161,5,13.4,Eichstätt-Landershofen,Bayern                                  ,68.0
1169,5,14.5,Eimeldingen,Baden-Württemberg                       ,93.6
1172,5,13.5,Einbeck,Niedersachsen                           ,62.0
1182,5,13.6,Eisleben-Helfta,Sachsen-Anhalt                          ,53.2
1188,5,11.2,Elgersburg,Thüringen                               ,78.1
1197,5,12.7,Ellwangen-Rindelbach,Baden-Württemberg                       ,83.5
1200,5,12.1,Elpersbüttel,Schleswig-Holstein                      ,57.0
1201,5,14.0,Elsdorf/Erftkreis,Nordrhein-Westfalen                     ,63.6
1204,5,12.9,Elsfleth,Niedersachsen                           ,54.3
1207,5,11.8,"Elster, Bad-Sohl",Sachsen                                 ,65.4
1214,5,12.8,Elzach-Fisnacht,Baden-Württemberg                       ,152.0
1219,5,12.4,Emden-Nesserland,Niedersachsen                           ,54.8
1221,5,12.3,Emden-Wolthusen,Niedersachsen                           ,56.3
1224,5,13.8,Emmendingen-Mundingen,Baden-Württemberg                       ,104.7
1229,5,14.0,"Ems, Bad",Rheinland-Pfalz                         ,71.8
1238,5,13.3,Engelskirchen,Nordrhein-Westfalen                     ,83.1
1239,5,13.0,Engen/Hegau,Baden-Württemberg                       ,76.0
1243,5,11.2,Eningen,Baden-Württemberg                       ,114.8
1246,5,13.5,Ennigerloh-Ostenfelde,Nordrhein-Westfalen                     ,60.2
1254,5,14.4,Eppingen,Baden-Württemberg                       ,81.9
1255,5,14.3,Eppingen-Elsenz,Baden-Württemberg                       ,80.4
1262,5,13.5,München-Flughafen,Bayern                                  ,87.0
1266,5,12.0,Erfde,Schleswig-Holstein                      ,56.0
1270,5,12.9,Erfurt-Weimar,Thüringen                               ,63.9
1275,5,13.9,Ering,Bayern                                  ,83.8
1276,5,13.9,Eriskirch-Mariabrunn,Baden-Württemberg                       ,113.1
1279,5,14.0,Möhrendorf-Kleinseebach,Bayern                                  ,64.8
1280,5,13.9,Erlangen-Bruck,Bayern                                  ,65.4
1287,5,13.0,Eschau-Hobbach,Bayern                                  ,79.9
1292,5,13.2,Eschenbach/Oberpfalz,Bayern                                  ,62.2
1297,5,13.0,Eschwege,Hessen                                  ,64.1
1299,5,12.2,Esens,Niedersachsen                           ,50.4
1300,5,11.6,Eslohe,Nordrhein-Westfalen                     ,84.1
1303,5,13.8,Essen-Bredeney,Nordrhein-Westfalen                     ,74.9
1327,5,13.5,Weilerswist-Lommersum,Nordrhein-Westfalen                     ,63.7
1329,5,12.0,Eutin,Schleswig-Holstein                      ,58.4
1332,5,13.8,"Falkenberg,Kr.Rottal-Inn",Bayern                                  ,84.3
1339,5,13.0,Faßberg,Niedersachsen                           ,
1345,5,12.5,Feldberg,Mecklenburg-Vorpommern                  ,55.0
1346,5,6.4,Feldberg/Schwarzwald,Baden-Württemberg                       ,163.1
1357,5,11.0,Fichtelberg/Oberfranken-Hüttstadl,Bayern                                  ,86.0
1358,5,7.4,Fichtelberg,Sachsen                                 ,88.3
1374,5,12.5,Fladungen-Heufurt,Bayern                                  ,64.1
1378,5,11.8,Flensburg,Schleswig-Holstein                      ,60.7
1379,5,11.7,Flensburg (Schäferhaus),Schleswig-Holstein                      ,54.8
1380,5,11.8,Flensburg-Mürwik,Schleswig-Holstein                      ,59.3
1392,5,11.6,Flossenbürg,Bayern                                  ,77.0
1403,5,12.5,Frammersbach,Bayern                                  ,75.0
1410,5,13.8,"Frankenhausen, Bad/Kyffhäuser",Thüringen                               ,53.6
1411,5,10.3,Birx/Rhön,Thüringen                               ,86.4
1420,5,14.8,Frankfurt/Main,Hessen                                  ,63.4
1421,5,15.2,Frankfurt/Main (Stadt),Hessen                                  ,58.8
1424,5,15.1,Frankfurt/Main-Westend,Hessen                                  ,62.0
1425,5,15.2,Frankfurt/Main (Feldbergstr.),Hessen                                  ,60.8
1426,5,13.9,Frankfurt/Oder,Brandenburg                             ,56.5
1428,5,13.7,Frankweiler,Rheinland-Pfalz                         ,72.4
1440,5,13.6,Freiamt-Ottoschwanden,Baden-Württemberg                       ,124.4
1441,5,12.7,Freiberg,Sachsen                                 ,72.3
1443,5,14.7,Freiburg,Baden-Württemberg                       ,109.2
1447,5,15.4,Freiburg im Breisgau-Herdern,Baden-Württemberg                       ,108.6
1451,5,12.4,Freiburg/Elbe,Niedersachsen                           ,62.7
1468,5,10.7,Freudenstadt,Baden-Württemberg                       ,136.6
1473,5,13.2,Freystadt-Michelbach,Bayern                                  ,74.3
1488,5,11.1,Friedrichsbrunn,Sachsen-Anhalt                          ,65.1
1490,5,14.0,Friedrichshafen,Baden-Württemberg                       ,109.3
1492,5,10.5,Malsburg-Marzell-Friedrichsheim,Baden-Württemberg                       ,159.9
1503,5,12.8,Friesoythe-Altenoythe,Niedersachsen                           ,56.9
1504,5,13.2,Fritzlar (Flugplatz),Hessen                                  ,64.0
1513,5,10.7,Fuchskauten,Rheinland-Pfalz                         ,88.4
1515,5,13.2,Fürstenfeldbruck,Bayern                                  ,
1522,5,13.8,Fürth/Bayern (A),Bayern                                  ,63.1
1526,5,12.7,Fulda-Horas,Hessen                                  ,63.7
1544,5,13.4,Gardelegen,Sachsen-Anhalt                          ,48.4
1550,5,11.9,Garmisch-Partenkirchen,Bayern                                  ,130.0
1552,5,13.6,Gartz/Oder,Brandenburg                             ,51.0
1568,5,8.8,Gehlberg-Schmücke,Thüringen                               ,102.4
1572,5,13.8,Geilenkirchen (Flugplatz),Nordrhein-Westfalen                     ,
1580,5,14.7,Geisenheim,Hessen                                  ,50.2
1583,5,10.4,Geisingberg,Sachsen                                 ,87.6
1584,5,11.9,Geisingen,Baden-Württemberg                       ,91.0
1586,5,12.9,Traunstein-Geißing,Bayern                                  ,128.7
1587,5,12.7,Gelbelsee,Bayern                                  ,88.0
1590,5,14.0,Geldern-Walbeck,Nordrhein-Westfalen                     ,64.9
1593,5,14.0,Gelnhausen,Hessen                                  ,78.1
1602,5,14.1,Ohlsbach,Baden-Württemberg                       ,115.6
1605,5,13.8,Genthin,Sachsen-Anhalt                          ,57.0
1612,5,12.9,Gera-Leumnitz,Thüringen                               ,58.8
1619,5,14.8,Gernsheim,Hessen                                  ,72.3
1621,5,12.1,Geroda-Platz,Bayern                                  ,72.0
1638,5,13.9,Gießen (Lahntal),Hessen                                  ,66.7
1639,5,13.4,Gießen/Wettenberg,Hessen                                  ,68.2
1645,5,11.7,Gilserberg-Moischeid,Hessen                                  ,71.4
1666,5,11.8,Glücksburg-Meierwik,Schleswig-Holstein                      ,57.0
1667,5,12.4,Glückstadt,Schleswig-Holstein                      ,60.8
1684,5,13.5,Görlitz,Sachsen                                 ,57.6
1689,5,12.7,Gößweinstein,Bayern                                  ,73.9
1691,5,12.8,Göttingen,Niedersachsen                           ,64.9
1694,5,12.6,Goldberg,Mecklenburg-Vorpommern                  ,52.0
1709,5,12.2,"Gottleuba, Bad",Sachsen                                 ,75.8
1721,5,12.8,Gräfenberg-Kasberg,Bayern                                  ,81.0
1735,5,12.6,Grainet-Rehberg,Bayern                                  ,89.6
1757,5,12.1,Greifswald,Mecklenburg-Vorpommern                  ,52.8
1762,5,12.8,Greiz-Dölau,Thüringen                               ,60.8
1766,5,13.6,Münster/Osnabrück,Nordrhein-Westfalen                     ,62.0
1792,5,13.1,Groß Berßen,Niedersachsen                           ,57.7
1803,5,12.1,Groß Lüsewitz,Mecklenburg-Vorpommern                  ,54.4
1833,5,8.6,Grosser Falkenstein,Bayern                                  ,97.0
1834,5,9.2,Grosser Inselsberg,Thüringen                               ,109.3
1844,5,13.3,Feldkirchen-Westerham-Lenzmühle,Bayern                                  ,105.0
1849,5,13.4,Großmehring-Theißing,Bayern                                  ,68.3
1863,5,13.5,Gründau-Breitenborn,Hessen                                  ,77.0
1869,5,12.9,Grünow,Brandenburg                             ,52.0
1875,5,12.9,"Gschwend, Kr. Ostalb",Baden-Württemberg                       ,99.4
1886,5,13.3,Günzburg,Bayern                                  ,79.6
1890,5,12.6,Güstrow-Schabernack,Mecklenburg-Vorpommern                  ,
1891,5,13.8,Rheda-Wiedenbrück-Lintel,Nordrhein-Westfalen                     ,62.4
1892,5,13.7,Gütersloh (Flugplatz),Nordrhein-Westfalen                     ,
1920,5,13.6,Hagen-Fley,Nordrhein-Westfalen                     ,73.4
1957,5,13.9,Halle-Kröllwitz,Sachsen-Anhalt                          ,57.0
1960,5,14.0,Halle (Stadt),Sachsen-Anhalt                          ,54.8
1972,5,13.3,Hamburg-Bergedorf,Hamburg                                 ,53.4
1973,5,13.3,Hamburg-Botanischer Garten,Hamburg                                 ,56.5
1975,5,12.9,Hamburg-Fuhlsbüttel,Hamburg                                 ,57.4
1979,5,13.4,Hamburg-Kirchwerder,Hamburg                                 ,54.0
1981,5,13.5,Hamburg-Neuwiedenthal,Hamburg                                 ,57.1
1986,5,13.3,Hamburg-Reitbrook,Hamburg                                 ,53.9
1990,5,13.5,Hamburg-Wandsbek,Hamburg                                 ,57.8
1993,5,13.7,Hameln,Niedersachsen                           ,62.2
2000,5,14.9,Hanau,Hessen                                  ,65.5
2005,5,13.0,Hankensbüttel,Niedersachsen                           ,57.0
2014,5,13.4,Hannover,Niedersachsen                           ,56.1
2023,5,13.0,Harburg,Bayern                                  ,82.0
2039,5,12.9,"Harzburg, Bad",Niedersachsen                           ,72.3
2044,5,11.5,Harzgerode,Sachsen-Anhalt                          ,61.0
2048,5,12.9,Haseldorf,Schleswig-Holstein                      ,60.5
2053,5,11.3,Hasselfelde,Sachsen-Anhalt                          ,56.8
2069,5,10.8,Hausstein,Bayern                                  ,126.7
2074,5,12.7,Hechingen,Baden-Württemberg                       ,103.7
2078,5,12.2,Weddingstedt,Schleswig-Holstein                      ,57.0
2080,5,15.5,Heidelberg,Baden-Württemberg                       ,76.9
2081,5,12.6,Königstuhl,Baden-Württemberg                       ,105.9
2083,5,15.3,Heidelberg-Grenzhof,Baden-Württemberg                       ,74.6
2092,5,11.7,Heidenrod-Mappershain,Hessen                                  ,84.3
2095,5,14.9,Heilbronn,Baden-Württemberg                       ,80.8
2110,5,13.8,Heinsberg-Schleiden,Nordrhein-Westfalen                     ,61.1
2120,5,13.7,Helmstedt,Niedersachsen                           ,52.0
2122,5,12.1,"Helse, Kr. Dithmarschen",Schleswig-Holstein                      ,56.2
2147,5,14.1,Herford,Nordrhein-Westfalen                     ,70.2
2151,5,13.2,Herleshausen,Hessen                                  ,74.2
2159,5,13.0,Herrenberg,Baden-Württemberg                       ,88.0
2160,5,12.6,Herrenhof,Thüringen                               ,69.3
2166,5,12.9,Herrnhut,Sachsen                                 ,60.8
2167,5,12.2,Niederwörresbach,Rheinland-Pfalz                         ,62.8
2171,5,12.8,"Hersfeld, Bad",Hessen                                  ,69.1
2173,5,14.3,Herten,Nordrhein-Westfalen                     ,77.0
2174,5,12.9,Herzberg,Niedersachsen                           ,72.0
2201,5,11.5,Hiddensee-Vitte,Mecklenburg-Vorpommern                  ,42.0
2206,5,13.7,Hildesheim,Niedersachsen                           ,69.8
2211,5,12.9,Hilgenroth,Rheinland-Pfalz                         ,79.0
2223,5,13.0,Hindfeld,Thüringen                               ,60.8
2225,5,12.5,Hinterhermsdorf,Sachsen                                 ,75.5
2226,5,11.2,Eisfeld-Waffenrod-Hinterrod,Thüringen                               ,73.2
2250,5,12.4,Höllenstein (Kraftwerk),Bayern                                  ,81.7
2252,5,13.2,Bertsdorf-Hörnitz,Sachsen                                 ,64.0
2260,5,12.5,Hof (Stadt),Bayern                                  ,59.3
2261,5,12.0,Hof,Bayern                                  ,61.5
2264,5,12.3,Hofgeismar-Beberbeck,Hessen                                  ,72.1
2268,5,13.6,Hofheim,Bayern                                  ,59.9
2289,5,14.0,Hohennauen,Brandenburg                             ,
2290,5,10.8,Hohenpeißenberg,Bayern                                  ,122.8
2302,5,12.8,Hohlstedt-Kötschau,Thüringen                               ,64.8
2303,5,11.7,Hohn,Schleswig-Holstein                      ,53.8
2306,5,11.7,Hohwacht,Schleswig-Holstein                      ,54.1
2315,5,14.2,Holzdorf (Flugplatz),Brandenburg                             ,
2318,5,12.2,Holzhausen a.d. Haide,Rheinland-Pfalz                         ,68.4
2319,5,12.6,Holzkirchen,Bayern                                  ,134.4
2323,5,13.4,"Bevern, Kr. Holzminden",Niedersachsen                           ,64.0
2324,5,11.3,Holzminden-Silberborn,Niedersachsen                           ,82.3
2327,5,12.9,Homberg/Ohm,Hessen                                  ,81.6
2331,5,13.4,Homburg/Saar,Saarland                                ,71.5
2338,5,13.5,Hopsten (Flugplatz),Nordrhein-Westfalen                     ,
2344,5,11.7,Horlachen,Bayern                                  ,76.6
2354,5,14.1,Hoyerswerda Kr. Bautzen,Sachsen                                 ,54.5
2360,5,13.4,Hüll,Bayern                                  ,91.5
2362,5,12.8,Hümmerich,Rheinland-Pfalz                         ,74.0
2374,5,11.8,Husum,Schleswig-Holstein                      ,51.0
2385,5,12.4,Idar-Oberstein,Rheinland-Pfalz                         ,
2388,5,15.0,Ihringen,Baden-Württemberg                       ,91.0
2396,5,12.3,Ilsenburg,Sachsen-Anhalt                          ,
2406,5,14.1,Ingelfingen,Baden-Württemberg                       ,82.7
2410,5,13.8,Ingolstadt (Flugplatz),Bayern                                  ,
2417,5,12.7,Mittbach,Bayern                                  ,111.7
2422,5,12.7,Iserlohn-Westig,Nordrhein-Westfalen                     ,85.4
2429,5,12.3,Itzehoe,Schleswig-Holstein                      ,58.0
2437,5,11.9,Schleswig-Jagel,Schleswig-Holstein                      ,55.0
2444,5,14.2,Jena (Sternwarte),Thüringen                               ,60.0
2451,5,14.5,Jessen/Elster,Sachsen-Anhalt                          ,52.0
2464,5,13.0,Jork,Niedersachsen                           ,58.8
2474,5,13.7,Jülich (Forsch.-Anlage),Nordrhein-Westfalen                     ,69.3
2475,5,14.1,Jüterbog,Brandenburg                             ,52.0
2477,5,10.6,Jungholz (Kühmoos),Baden-Württemberg                       ,131.7
2480,5,14.6,Kahl/Main,Bayern                                  ,69.9
2483,5,9.1,Kahler Asten,Nordrhein-Westfalen                     ,92.5
2485,5,12.8,Kaisersbach-Cronhütte,Baden-Württemberg                       ,100.0
2486,5,13.7,Kaiserslautern,Rheinland-Pfalz                         ,69.0
2488,5,12.8,Kaisheim-Neuhof,Bayern                                  ,90.2
2494,5,13.8,Kalkar,Nordrhein-Westfalen                     ,
2497,5,11.2,Kall-Sistig,Nordrhein-Westfalen                     ,68.3
2502,5,11.6,"Heiligenstadt, Heilbad-Kalteneber",Thüringen                               ,71.2
2503,5,11.6,Kaltennordheim,Thüringen                               ,74.7
2506,5,13.6,Kamenz,Sachsen                                 ,61.9
2521,5,13.7,Karlshuld,Bayern                                  ,84.7
2522,5,15.2,Karlsruhe,Baden-Württemberg                       ,76.2
2532,5,13.2,Kassel,Hessen                                  ,70.5
2533,5,13.3,Kassel-Harleshausen,Hessen                                  ,70.7
2542,5,11.6,Kaufbeuren,Bayern                                  ,113.1
2543,5,13.1,Kaufering,Bayern                                  ,109.6
2546,5,15.4,Kehl-Odelshofen,Baden-Württemberg                       ,90.0
2559,5,12.1,Kempten,Bayern                                  ,114.8
2564,5,11.9,Kiel-Holtenau,Schleswig-Holstein                      ,54.0
2565,5,12.0,Kiel-Kronshagen,Schleswig-Holstein                      ,59.3
2575,5,13.1,Kirchberg/Jagst-Herboldshausen,Baden-Württemberg                       ,80.7
2578,5,12.5,Kirchdorf/Poel,Mecklenburg-Vorpommern                  ,51.8
2597,5,13.3,"Kissingen, Bad",Bayern                                  ,63.3
2600,5,14.5,Kitzingen,Bayern                                  ,58.3
2601,5,9.9,Kleiner Feldberg/Taunus,Hessen                                  ,96.0
2609,5,12.3,Klein Rönnau,Schleswig-Holstein                      ,54.4
2618,5,10.0,Kleiner Inselsberg,Thüringen                               ,98.3
2621,5,14.4,Kleinmachnow,Brandenburg                             ,58.1
2627,5,13.8,Schipkau-Klettwitz,Brandenburg                             ,57.0
2629,5,13.4,Kleve,Nordrhein-Westfalen                     ,65.9
2638,5,10.2,Klippeneck,Baden-Württemberg                       ,110.0
2641,5,13.9,Klitzschen bei Torgau,Sachsen                                 ,52.0
2654,5,14.2,Knittlingen,Baden-Württemberg                       ,78.9
2657,5,14.7,Koblenz-Horchheim,Rheinland-Pfalz                         ,64.3
2665,5,14.9,Köln-Botanischer Garten,Nordrhein-Westfalen                     ,70.7
2667,5,14.0,Köln/Bonn,Nordrhein-Westfalen                     ,72.2
2680,5,13.0,"Königshofen, Bad",Bayern                                  ,60.7
2689,5,12.9,Königsmoor,Niedersachsen                           ,59.3
2691,5,13.8,Königsmoos-Untermaxfeld,Bayern                                  ,76.2
2700,5,13.6,Kösching,Bayern                                  ,70.4
2701,5,13.6,"Kösen, Bad",Sachsen-Anhalt                          ,56.4
2703,5,11.4,Köterberg,Nordrhein-Westfalen                     ,
2704,5,14.1,Köthen (Anhalt),Sachsen-Anhalt                          ,54.4
2708,5,11.7,"Kohlgrub, Bad (Rosshof)",Bayern                                  ,133.0
2712,5,14.2,Konstanz,Baden-Württemberg                       ,89.2
2717,5,11.8,Korbach-Lengefeld,Hessen                                  ,66.2
2750,5,13.1,Kronach,Bayern                                  ,67.5
2761,5,12.5,Krumbach-Edenhausen,Bayern                                  ,113.7
2770,5,12.3,Kükels,Schleswig-Holstein                      ,56.6
2773,5,13.2,Kümmersbruck,Bayern                                  ,
2775,5,14.1,Künzelsau,Baden-Württemberg                       ,80.3
2780,5,13.2,Kulmbach,Bayern                                  ,
2783,5,13.8,Kumhausen,Bayern                                  ,88.2
2790,5,13.0,Kusel-Fünfbirken,Rheinland-Pfalz                         ,72.5
2794,5,13.6,Kyritz,Brandenburg                             ,50.0
2796,5,12.2,Laage (Flugplatz),Mecklenburg-Vorpommern                  ,
2812,5,14.7,Lahr,Baden-Württemberg                       ,97.2
2814,5,11.2,Merklingen,Baden-Württemberg                       ,98.6
2821,5,12.9,Lamspringe,Niedersachsen                           ,66.2
2829,5,12.7,Landsberg (Flugplatz),Bayern                                  ,
2830,5,12.7,Landsberg/Lech,Bayern                                  ,111.7
2831,5,14.1,Landshut,Bayern                                  ,80.0
2843,5,14.7,,,
2856,5,14.0,Langenlipsdorf,Brandenburg                             ,51.0
2857,5,13.5,"Langensalza, Bad",Thüringen                               ,58.6
2861,5,12.1,Langeoog,Niedersachsen                           ,45.5
2872,5,13.0,Lathen,Niedersachsen                           ,59.8
2878,5,14.2,"Lauchstädt, Bad",Sachsen-Anhalt                          ,50.4
2879,5,13.9,Lauda-Königshofen-Gerlachsheim,Baden-Württemberg                       ,67.5
2886,5,12.8,Laupheim,Baden-Württemberg                       ,
2905,5,13.0,Lechfeld,Bayern                                  ,
2906,5,11.4,Leck (A),Schleswig-Holstein                      ,59.1
2907,5,11.1,Leck,Schleswig-Holstein                      ,53.0
2912,5,11.5,Lehbek,Schleswig-Holstein                      ,53.4
2915,5,10.7,Lehesten/Thüringer Wald,Thüringen                               ,78.6
2920,5,13.7,Leiblfing,Bayern                                  ,66.5
2923,5,12.2,Leinau,Bayern                                  ,110.7
2925,5,12.2,Leinefelde,Thüringen                               ,67.9
2928,5,14.1,Leipzig-Holzhausen,Sachsen                                 ,54.5
2931,5,14.0,Leipzig-Mockau,Sachsen                                 ,54.8
2932,5,13.9,Leipzig/Halle,Sachsen                                 ,46.8
2947,5,12.5,Lennestadt-Theten,Nordrhein-Westfalen                     ,79.9
2949,5,11.7,Lenningen-Schopfloch,Baden-Württemberg                       ,117.3
2950,5,12.1,Lensahn,Schleswig-Holstein                      ,58.9
2951,5,13.6,Lenzen/Elbe,Brandenburg                             ,52.0
2953,5,10.3,Lenzkirch-Ruhbühl,Baden-Württemberg                       ,110.4
2963,5,14.2,Leunawerke,Sachsen-Anhalt                          ,52.7
2968,5,14.9,Köln-Stammheim,Nordrhein-Westfalen                     ,68.5
2985,5,13.1,Lichtenhain-Mittelndorf,Sachsen                                 ,72.0
2996,5,12.0,"Liebenzell, Bad",Baden-Württemberg                       ,85.9
3001,5,14.1,Liliental,Baden-Württemberg                       ,102.7
3004,5,13.9,Limburg/Lahn-Offheim,Hessen                                  ,60.2
3007,5,15.2,Limburgerhof,Rheinland-Pfalz                         ,65.0
3015,5,14.2,Lindenberg,Brandenburg                             ,56.2
3016,5,11.8,Lindenberg/Allgäu,Bayern                                  ,164.2
3017,5,13.9,Lindenfels,Hessen                                  ,90.7
3018,5,12.4,Lindenfels-Winterkasten,Hessen                                  ,98.4
3023,5,13.6,Lingen,Niedersachsen                           ,57.9
3028,5,13.2,"Lippspringe, Bad",Nordrhein-Westfalen                     ,68.7
3031,5,13.4,Lippstadt-Bökenförde,Nordrhein-Westfalen                     ,67.4
3034,5,11.8,"Lobenstein, Bad",Thüringen                               ,68.4
3042,5,13.0,Löhnberg-Obershausen,Hessen                                  ,67.0
3044,5,13.3,Löningen,Niedersachsen                           ,61.0
3045,5,13.2,Löningen-Hagel,Niedersachsen                           ,57.5
3062,5,14.4,Lorch/Rhein,Hessen                                  ,57.3
3076,5,15.2,Ludwigshafen-Mundenheim,Rheinland-Pfalz                         ,64.3
3082,5,14.4,Lübben,Brandenburg                             ,54.4
3083,5,14.4,Lübben-Blumenfelde,Brandenburg                             ,54.0
3085,5,12.5,Lübeck,Schleswig-Holstein                      ,49.3
3086,5,12.4,Lübeck-Blankensee,Schleswig-Holstein                      ,52.0
3088,5,12.5,Lübeck-Werft,Schleswig-Holstein                      ,49.1
3096,5,12.0,Lüdenscheid (Zeppelin-Gymnasium),Nordrhein-Westfalen                     ,85.6
3098,5,12.1,Lüdenscheid,Nordrhein-Westfalen                     ,86.0
3101,5,13.7,Lüdinghausen,Nordrhein-Westfalen                     ,63.1
3103,5,13.4,Lüneburg,Niedersachsen                           ,57.0
3113,5,11.7,Luisenthal/Ohra,Thüringen                               ,89.8
3126,5,14.2,Magdeburg,Sachsen-Anhalt                          ,53.2
3135,5,12.6,Mainhardt-Ziegelbronn,Baden-Württemberg                       ,97.5
3137,5,14.7,Mainz-Lerchenberg (ZDF),Rheinland-Pfalz                         ,57.3
3139,5,13.1,Maisach-Gernlinden,Bayern                                  ,99.0
3147,5,13.8,Mallersdorf-Pfaffenberg-Oberlindhart,Bayern                                  ,66.8
3155,5,11.8,Manderscheid-Sonnenhof,Rheinland-Pfalz                         ,70.2
3158,5,13.9,Manschnow,Brandenburg                             ,45.9
3160,5,12.8,Vatterode-Gräfenstuhl,Sachsen-Anhalt                          ,57.0
3164,5,13.4,"Cölbe, Kr. Marburg-Biedenkopf",Hessen                                  ,66.0
3166,5,11.0,Marienberg,Sachsen                                 ,74.0
3196,5,13.0,Marnitz,Mecklenburg-Vorpommern                  ,55.1
3204,5,12.4,Martinroda,Thüringen                               ,71.0
3211,5,10.7,Mauth-Finsterau,Bayern                                  ,94.1
3212,5,13.5,Mayen,Rheinland-Pfalz                         ,54.5
3222,5,13.6,Meerbeck,Niedersachsen                           ,61.6
3223,5,14.1,Meersburg,Baden-Württemberg                       ,99.1
3226,5,13.7,Aschersleben-Mehringen,Sachsen-Anhalt                          ,55.0
3228,5,11.5,Meinerzhagen (A),Nordrhein-Westfalen                     ,94.4
3231,5,12.3,Meiningen,Thüringen                               ,58.6
3234,5,14.1,Klipphausen-Garsebach,Sachsen                                 ,58.0
3236,5,13.3,Melle,Niedersachsen                           ,57.0
3244,5,12.4,Memmingen,Bayern                                  ,102.2
3245,5,12.5,Memmingen (Flugplatz),Bayern                                  ,
3246,5,13.9,Mendig,Rheinland-Pfalz                         ,
3254,5,13.3,Meppen,Niedersachsen                           ,
3257,5,13.5,"Mergentheim, Bad-Neunkirchen",Baden-Württemberg                       ,68.4
3265,5,12.5,Mespelbrunn,Bayern                                  ,87.4
3268,5,10.2,Meßstetten-Appental,Baden-Württemberg                       ,117.2
3271,5,13.7,Metten,Bayern                                  ,84.2
3278,5,13.7,Metzingen,Baden-Württemberg                       ,103.5
3284,5,13.7,Michelstadt,Hessen                                  ,82.8
3287,5,12.6,Michelstadt-Vielbrunn,Hessen                                  ,100.0
3289,5,12.5,Schmieritz-Weltwitz,Thüringen                               ,67.4
3291,5,13.9,Miltenberg,Bayern                                  ,73.8
3300,5,14.1,Mittel-Gründau,Hessen                                  ,72.1
3307,5,10.9,Mittenwald-Buckelwiesen,Bayern                                  ,138.5
3313,5,12.8,Modautal-Neunkirchen,Hessen                                  ,93.5
3317,5,12.6,Mölln,Schleswig-Holstein                      ,58.9
3319,5,13.7,Röllbach,Bayern                                  ,73.9
3320,5,14.0,Mönchengladbach,Nordrhein-Westfalen                     ,67.5
3340,5,13.1,Montabaur,Rheinland-Pfalz                         ,70.0
3348,5,12.4,Moringen-Lutterbeck,Niedersachsen                           ,66.0
3362,5,14.0,Mühlacker,Baden-Württemberg                       ,83.0
3366,5,13.4,Mühldorf,Bayern                                  ,86.4
3370,5,12.5,Mühlhausen,Thüringen                               ,66.9
3376,5,13.8,Müncheberg,Brandenburg                             ,55.1
3382,5,13.8,München-Bogenhausen,Bayern                                  ,105.7
3383,5,13.8,München-Botanischer Garten,Bayern                                  ,111.3
3385,5,13.6,München-Nymphenburg,Bayern                                  ,111.4
3388,5,13.4,München-Perlach,Bayern                                  ,110.5
3390,5,13.4,München-Riem,Bayern                                  ,109.9
3402,5,11.4,Münsingen-Apfelstetten,Baden-Württemberg                       ,100.6
3404,5,13.6,Münster,Nordrhein-Westfalen                     ,60.6
3425,5,13.0,Murrhardt,Baden-Württemberg                       ,112.6
3426,5,14.0,"Muskau, Bad",Sachsen                                 ,60.6
3432,5,12.6,Nagold,Baden-Württemberg                       ,86.0
3442,5,14.2,"Nauheim, Bad",Hessen                                  ,61.2
3484,5,13.7,Neuburg/Donau (Flugplatz),Bayern                                  ,
3485,5,12.9,Neuburg/Kammel-Langenhaslach,Bayern                                  ,99.0
3486,5,14.5,Neudenau,Baden-Württemberg                       ,73.2
3490,5,13.8,"Neuenahr, Bad-Ahrweiler",Rheinland-Pfalz                         ,65.7
3509,5,13.1,Menz,Brandenburg                             ,56.6
3513,5,9.7,Neuhaus am Rennweg,Thüringen                               ,90.0
3518,5,11.2,Neuhausen ob Eck,Baden-Württemberg                       ,100.2
3519,5,11.9,Neuhausen ob Eck-Unterschwandorf,Baden-Württemberg                       ,98.0
3527,5,11.7,Neukirchen-Hauptschwenda,Hessen                                  ,78.7
3537,5,12.7,Neumünster,Schleswig-Holstein                      ,64.6
3540,5,13.2,Neunkirchen-Seelscheid-Krawinkel,Nordrhein-Westfalen                     ,82.0
3541,5,13.4,Neunkirchen-Seelscheid-Meisenbach,Nordrhein-Westfalen                     ,80.2
3545,5,13.7,Neunkirchen-Wellesweiler,Saarland                                ,72.0
3552,5,13.7,Neuruppin,Brandenburg                             ,51.4
3565,5,13.6,Neustadt/Aisch,Bayern                                  ,64.9
3571,5,12.8,Neustadt am Kulm-Filchendorf,Bayern                                  ,72.0
3575,5,15.1,Neustadt/Weinstraße,Rheinland-Pfalz                         ,60.8
3576,5,15.1,Neustadt/Weinstraße (Heidehof),Rheinland-Pfalz                         ,57.3
3577,5,13.0,Neustrelitz,Mecklenburg-Vorpommern                  ,57.0
3591,5,12.3,Nideggen-Schmidt,Nordrhein-Westfalen                     ,74.0
3595,5,13.0,Niederelbert,Rheinland-Pfalz                         ,72.2
3603,5,12.7,Niederstetten,Baden-Württemberg                       ,
3605,5,13.2,Niederstotzingen,Baden-Württemberg                       ,78.6
3612,5,13.4,Nienburg,Niedersachsen                           ,55.2
3621,5,13.3,Reimlingen,Bayern                                  ,75.2
3623,5,14.0,Nörvenich (Flugplatz),Nordrhein-Westfalen                     ,
3639,5,12.3,Nordholz (Flugplatz),Niedersachsen                           ,
3640,5,13.5,Nordhorn-Blanke,Niedersachsen                           ,61.4
3659,5,10.9,Nürburg,Rheinland-Pfalz                         ,77.3
3660,5,11.7,Nürburg-Barweiler,Rheinland-Pfalz                         ,70.0
3666,5,13.9,Nürnberg-Buchenbuehl,Bayern                                  ,72.5
3667,5,12.9,Nürnberg-Netzstall,Bayern                                  ,75.5
3668,5,14.0,Nürnberg,Bayern                                  ,60.8
3671,5,14.0,Nürtingen,Baden-Württemberg                       ,94.0
3672,5,12.8,Nufringen,Baden-Württemberg                       ,83.9
3679,5,13.2,Kiefersfelden-Gach,Bayern                                  ,111.0
3694,5,9.2,Oberhof,Thüringen                               ,94.6
3702,5,11.5,Münstertal-Obermünstertal,Baden-Württemberg                       ,132.0
3705,5,12.4,Oberndorf/Neckar-Aistaig,Baden-Württemberg                       ,97.0
3722,5,13.3,Oberschleißheim,Bayern                                  ,94.8
3730,5,10.9,Oberstdorf,Bayern                                  ,144.7
3734,5,14.4,Obersulm-Willsbach,Baden-Württemberg                       ,87.8
3735,5,13.6,Obertaufkirchen,Bayern                                  ,90.5
3739,5,12.3,Oberviechtach,Bayern                                  ,73.4
3744,5,12.5,Oberweser-Gieselwerder,Hessen                                  ,77.4
3751,5,12.2,Ochsenhausen-Mittelbuch,Baden-Württemberg                       ,107.4
3752,5,9.9,Ochsenkopf,Bayern                                  ,91.4
3753,5,13.6,Ochtrup,Nordrhein-Westfalen                     ,63.2
3761,5,14.3,Öhringen,Baden-Württemberg                       ,83.1
3776,5,15.1,Offenbach/M. (Stadt),Hessen                                  ,62.3
3777,5,15.0,Offenburg,Baden-Württemberg                       ,99.0
3788,5,12.8,Olbersdorf,Sachsen                                 ,66.4
3790,5,13.0,Oldenburg (A),Niedersachsen                           ,60.5
3791,5,12.9,Oldenburg,Niedersachsen                           ,58.0
3811,5,13.8,Oschatz,Sachsen                                 ,52.4
3815,5,13.4,Osnabrück,Niedersachsen                           ,60.0
3818,5,13.5,Osterburg,Sachsen-Anhalt                          ,
3821,5,13.3,Osterfeld,Sachsen-Anhalt                          ,60.0
3825,5,13.2,Osterhof,Saarland                                ,72.7
3836,5,12.9,Ostheim v.d. Rhön,Bayern                                  ,57.0
3856,5,10.2,Oy-Mittelberg,Bayern                                  ,154.5
3857,5,11.1,Oy-Mittelberg-Petersthal,Bayern                                  ,142.0
3867,5,12.8,Papenburg,Niedersachsen                           ,59.4
3875,5,12.8,Parsberg/Oberpfalz-Eglwang,Bayern                                  ,75.1
3878,5,14.4,Passau-Maierhof,Bayern                                  ,72.9
3879,5,14.2,Passau-Oberhaus,Bayern                                  ,84.4
3883,5,12.0,Pausa-Unterreichenau,Sachsen                                 ,67.6
3897,5,12.2,Pelzerhaken,Schleswig-Holstein                      ,52.0
3903,5,13.9,Perl-Besch,Saarland                                ,67.3
3904,5,13.9,Perl-Nennig,Saarland                                ,67.0
3915,5,13.6,Petkus,Brandenburg                             ,56.9
3922,5,13.0,Pfofeld-Langlau,Bayern                                  ,76.3
3925,5,13.3,Pforzheim-Ispringen,Baden-Württemberg                       ,89.0
3927,5,11.7,Pfullendorf,Baden-Württemberg                       ,94.2
3929,5,15.3,Philippsburg,Baden-Württemberg                       ,75.2
3939,5,12.1,Pirmasens,Rheinland-Pfalz                         ,80.6
3946,5,12.5,Plauen,Sachsen                                 ,57.0
3955,5,12.2,Plön (See),Schleswig-Holstein                      ,54.8
3974,5,13.1,Pommelsbrunn,Bayern                                  ,88.9
3975,5,12.1,Pommelsbrunn-Mittelburg,Bayern                                  ,89.0
3987,5,14.0,Potsdam,Brandenburg                             ,57.1
3988,5,14.1,Potsdam (Säkularstation),Brandenburg                             ,57.7
4005,5,13.2,Prien-Stock,Bayern                                  ,126.6
4018,5,13.0,Puch,Bayern                                  ,104.7
4024,5,11.6,Putbus,Mecklenburg-Vorpommern                  ,50.0
4029,5,13.2,Quakenbrück,Niedersachsen                           ,
4032,5,13.5,Quedlinburg,Sachsen-Anhalt                          ,58.0
4036,5,13.2,Querfurt-Mühle Lodersleben,Sachsen-Anhalt                          ,57.9
4038,5,12.4,Quickborn (Kurzer Kamp),Schleswig-Holstein                      ,62.3
4039,5,12.4,Quickborn,Schleswig-Holstein                      ,60.0
4053,5,13.9,Radolfzell-Markelfingen,Baden-Württemberg                       ,88.0
4063,5,13.1,Rahden-Kleinendorf,Nordrhein-Westfalen                     ,54.9
4066,5,12.9,Raisting,Bayern                                  ,106.0
4077,5,15.1,Rastatt,Baden-Württemberg                       ,86.6
4079,5,13.4,Rastenberg,Thüringen                               ,
4091,5,7.7,Rauschberg bei Ruhpolding,Bayern                                  ,128.5
4094,5,13.5,"Weingarten, Kr. Ravensburg",Baden-Württemberg                       ,105.0
4100,5,13.8,Recklinghausen,Nordrhein-Westfalen                     ,70.4
4104,5,14.1,Regensburg,Bayern                                  ,59.8
4127,5,12.4,Reichshof-Eckenhagen,Nordrhein-Westfalen                     ,86.0
4149,5,10.4,Marienberg-Reitzenhain,Sachsen                                 ,78.0
4152,5,11.5,Remetschwiel,Baden-Württemberg                       ,109.8
4154,5,12.3,Remscheid-Lennep,Nordrhein-Westfalen                     ,98.0
4156,5,12.1,Rendsburg,Schleswig-Holstein                      ,58.6
4160,5,12.7,Renningen-Ihinger Hof,Baden-Württemberg                       ,87.3
4166,5,13.8,Reutlingen-Betzingen,Baden-Württemberg                       ,98.0
4169,5,14.7,Rheinau-Memprechtshofen,Baden-Württemberg                       ,90.5
4174,5,13.6,Rheine-Bentlage,Nordrhein-Westfalen                     ,
4175,5,14.3,Rheinfelden,Baden-Württemberg                       ,108.1
4177,5,15.0,Rheinstetten,Baden-Württemberg                       ,89.0
4189,5,12.5,"Altheim, Kreis Biberach",Baden-Württemberg                       ,85.1
4222,5,12.4,Rodewisch,Sachsen                                 ,68.1
4233,5,11.9,Röhrigshof bei Schlüchtern,Hessen                                  ,81.2
4240,5,11.6,Roetgen,Nordrhein-Westfalen                     ,86.7
4261,5,13.7,Rosenheim,Bayern                                  ,110.5
4271,5,12.3,Rostock-Warnemünde,Mecklenburg-Vorpommern                  ,52.9
4275,5,13.1,Rotenburg (Wümme),Niedersachsen                           ,63.1
4278,5,14.0,Roth bei Nürnberg,Bayern                                  ,77.8
4280,5,13.7,Roth,Bayern                                  ,74.1
4287,5,13.1,Rothenburg ob der Tauber,Bayern                                  ,69.2
4288,5,13.4,"Rothenfelde, Bad",Niedersachsen                           ,63.0
4294,5,13.4,Rottenburg-Kiebingen,Baden-Württemberg                       ,87.7
4300,5,11.8,Rottweil,Baden-Württemberg                       ,102.0
4301,5,14.8,"Kreuznach, Bad",Rheinland-Pfalz                         ,51.0
4318,5,10.9,Ruhpolding,Bayern                                  ,159.0
4320,5,12.2,Ruhwinkel,Schleswig-Holstein                      ,58.2
4323,5,12.7,Ruppertsecken,Rheinland-Pfalz                         ,67.9
4327,5,11.1,Rusel-Irlmoos,Bayern                                  ,122.1
4330,5,13.2,Rutesheim,Baden-Württemberg                       ,82.1
4332,5,13.5,Saalfeld,Thüringen                               ,61.0
4336,5,13.1,Saarbrücken-Ensheim,Saarland                                ,72.0
4339,5,14.6,Saarbrücken-Sankt Johann,Saarland                                ,72.0
4347,5,12.4,"Sachsa, Bad",Niedersachsen                           ,72.7
4349,5,14.4,Sachsenheim,Baden-Württemberg                       ,77.0
4350,5,13.7,"Säckingen, Bad (Bergseestr.)",Baden-Württemberg                       ,110.9
4354,5,13.3,Saldenburg-Entschenreuth,Bayern                                  ,91.8
4364,5,13.6,Salzgitter-Ringelheim,Niedersachsen                           ,64.9
4367,5,12.7,Salzhemmendorf-Lauenstein,Niedersachsen                           ,68.0
4371,5,13.4,"Salzuflen, Bad",Nordrhein-Westfalen                     ,63.8
4373,5,13.3,Salzwedel,Sachsen-Anhalt                          ,48.1
4377,5,12.2,Sandberg,Bayern                                  ,71.5
4386,5,10.8,Sankt Blasien,Baden-Württemberg                       ,127.5
4391,5,12.2,Sankt Michaelisdonn,Schleswig-Holstein                      ,56.4
4396,5,12.9,Sankt Wendel-Hof,Saarland                                ,80.3
4397,5,12.8,Sankt Wendel-Urweiler,Saarland                                ,70.3
4401,5,13.6,"Sassendorf, Bad-Ostinghausen",Nordrhein-Westfalen                     ,69.4
4411,5,14.0,Schaafheim-Schlierbach,Hessen                                  ,67.8
4419,5,15.3,Schallstadt-Mengen,Baden-Württemberg                       ,97.0
4425,5,12.3,Schaumberg-Tholey,Saarland                                ,83.2
4433,5,12.8,Schemmerhofen-Ingerkingen,Baden-Württemberg                       ,94.7
4436,5,12.6,Schenklengsfeld,Hessen                                  ,71.3
4438,5,13.6,Scheßlitz,Bayern                                  ,70.3
4442,5,13.2,Schieder,Nordrhein-Westfalen                     ,69.5
4445,5,9.6,Wernigerode-Schierke,Sachsen-Anhalt                          ,81.2
4464,5,11.9,Schleiz,Thüringen                               ,66.0
4466,5,11.8,Schleswig,Schleswig-Holstein                      ,56.6
4468,5,11.7,Schleswig-Stadtfeld,Schleswig-Holstein                      ,55.4
4474,5,13.9,Schlossböckelheim,Rheinland-Pfalz                         ,59.7
4479,5,12.3,Schlüchtern-Kloster Gomfritz,Hessen                                  ,78.6
4480,5,13.2,Schlüchtern-Herolz,Hessen                                  ,71.7
4484,5,12.5,Schmalenbeck,Schleswig-Holstein                      ,60.7
4485,5,12.9,"Schmalkalden, Kurort",Thüringen                               ,74.3
4489,5,12.8,Schmatzfeld,Sachsen-Anhalt                          ,58.5
4490,5,13.5,Schmelz-Hüttersdorf,Saarland                                ,79.8
4501,5,9.0,Schmücke,Thüringen                               ,93.2
4505,5,10.7,Schnarrtanne-Vogelsgrün,Sachsen                                 ,80.5
4508,5,10.4,Schneifelforsthaus,Rheinland-Pfalz                         ,85.8
4548,5,11.2,Schönwald/Ofr.-Brunn,Bayern                                  ,60.3
4549,5,9.5,Schönwald/Schwarzwald,Baden-Württemberg                       ,149.3
4557,5,13.4,Schopfheim-Eichen,Baden-Württemberg                       ,120.8
4559,5,13.1,Schorndorf-Knöbling,Bayern                                  ,70.0
4560,5,13.0,Schotten,Hessen                                  ,83.1
4571,5,11.1,Schulenberg,Niedersachsen                           ,87.5
4576,5,13.7,Schwabach (A),Bayern                                  ,74.6
4581,5,13.6,Schwäbisch Gmünd-Strassdorf,Baden-Württemberg                       ,91.6
4582,5,13.4,Schwäbisch Hall-Bibersfeld,Baden-Württemberg                       ,90.0
4584,5,13.5,Schwaigermoos,Bayern                                  ,86.2
4586,5,12.7,"Schwalbach, Bad",Hessen                                  ,69.7
4592,5,13.7,Schwandorf,Bayern                                  ,64.2
4593,5,13.6,Schwanebeck,Sachsen-Anhalt                          ,57.9
4597,5,11.8,Schwangau-Horn,Bayern                                  ,126.5
4605,5,12.6,Schwarzburg,Thüringen                               ,68.3
4606,5,14.1,Schwarze Pumpe,Brandenburg                             ,60.7
4612,5,12.2,Schwarzenberg,Sachsen                                 ,78.0
4621,5,14.0,Schweinfurt-Gartenstadt,Bayern                                  ,56.9
4625,5,12.9,Schwerin,Mecklenburg-Vorpommern                  ,52.4
4629,5,11.4,Schwesing,Schleswig-Holstein                      ,51.2
4642,5,13.5,Seehausen,Sachsen-Anhalt                          ,47.7
4649,5,13.2,Seelscheid,Nordrhein-Westfalen                     ,81.5
4651,5,12.8,Seesen,Niedersachsen                           ,75.9
4656,5,12.4,"Segeberg, Bad",Schleswig-Holstein                      ,53.3
4664,5,11.3,Selb/Oberfranken-Wildenau,Bayern                                  ,61.6
4692,5,13.3,Siegen (Kläranlage),Nordrhein-Westfalen                     ,84.4
4702,5,11.9,Sigmaringen (Flugplatz),Baden-Württemberg                       ,
4703,5,12.1,Sigmaringen-Laiz,Baden-Württemberg                       ,89.6
4704,5,13.4,Sigmarszell-Zeisertsweiler,Bayern                                  ,142.0
4705,5,11.1,Silberhütte,Bayern                                  ,93.4
4706,5,14.0,Simbach/Inn,Bayern                                  ,95.3
4709,5,11.9,Simmern-Wahlbach,Rheinland-Pfalz                         ,68.8
4719,5,14.6,Sinsheim,Baden-Württemberg                       ,78.8
4729,5,12.5,Steinau-Seidenroth,Hessen                                  ,79.6
4741,5,13.6,Solingen-Hohenscheid,Nordrhein-Westfalen                     ,81.3
4745,5,12.9,Soltau,Niedersachsen                           ,56.8
4748,5,13.3,Sondershausen,Thüringen                               ,54.9
4752,5,11.3,Sonneberg-Neufang,Thüringen                               ,81.0
4763,5,12.7,Sontra,Hessen                                  ,68.0
4765,5,13.2,"Sooden-Allendorf, Bad",Hessen                                  ,69.0
4775,5,13.1,Speinshart,Bayern                                  ,66.8
4782,5,14.0,Spören-Prussendorf,Sachsen-Anhalt                          ,53.5
4813,5,13.0,"Staffelstein, Bad-Stublang",Bayern                                  ,71.2
4818,5,11.5,Stammbach-Querenbach,Bayern                                  ,72.4
4837,5,13.9,Stegen,Baden-Württemberg                       ,121.1
4841,5,12.4,"Steinau, Kr. Cuxhaven",Niedersachsen                           ,54.6
4847,5,11.2,Steinberg,Niedersachsen                           ,89.5
4857,5,13.0,Mittelnkirchen-Hohenfelde,Niedersachsen                           ,60.0
4878,5,11.1,Oberharz am Brocken-Stiege,Sachsen-Anhalt                          ,64.2
4881,5,13.0,Stockach,Baden-Württemberg                       ,93.0
4896,5,11.4,Wagersrott,Schleswig-Holstein                      ,57.2
4911,5,13.8,Straubing,Bayern                                  ,72.0
4926,5,15.4,Stuttgart (Neckartal),Baden-Württemberg                       ,79.6
4927,5,14.7,Stuttgart-Stadt,Baden-Württemberg                       ,86.9
4928,5,14.4,Stuttgart (Schnarrenberg),Baden-Württemberg                       ,84.8
4931,5,13.6,Stuttgart-Echterdingen,Baden-Württemberg                       ,85.8
4933,5,13.6,Stuttgart-Hohenheim,Baden-Württemberg                       ,85.2
4939,5,13.0,"Suderode, Bad",Sachsen-Anhalt                          ,
4977,5,13.9,Tangermünde,Sachsen-Anhalt                          ,51.2
4978,5,12.4,Tann/Rhön,Hessen                                  ,80.6
4987,5,13.5,Tauberbischofsheim-Dittigheim,Baden-Württemberg                       ,66.5
4997,5,13.4,Starkenberg-Tegkwitz,Thüringen                               ,59.0
5009,5,12.4,Teterow,Mecklenburg-Vorpommern                  ,55.0
5014,5,12.7,Worpswede-Hüttenbusch,Niedersachsen                           ,52.3
5017,5,11.6,Teuschnitz,Bayern                                  ,75.4
5024,5,13.9,Möckern-Räckendorf,Sachsen-Anhalt                          ,54.5
5029,5,13.1,Tholey,Saarland                                ,78.4
5032,5,14.4,Thüngersheim,Bayern                                  ,63.0
5039,5,13.1,Tiefenort,Thüringen                               ,63.0
5046,5,12.4,Tirschenreuth-Lodermühl,Bayern                                  ,69.0
5047,5,10.2,Titisee-Neustadt-Langenordnach,Baden-Württemberg                       ,123.0
5059,5,10.3,Todtmoos,Baden-Württemberg                       ,161.0
5063,5,12.3,"Tölz, Bad",Bayern                                  ,147.4
5064,5,14.3,Tönisvorst,Nordrhein-Westfalen                     ,70.9
5067,5,11.0,Torfhaus im Solling,Niedersachsen                           ,86.3
5068,5,14.0,Torgau,Sachsen                                 ,49.9
5074,5,12.8,Traunstein-Sparz,Bayern                                  ,129.5
5075,5,12.8,Traunstein-Axdorf,Bayern                                  ,135.4
5078,5,12.1,Travemünde,Schleswig-Holstein                      ,50.5
5088,5,11.5,Trent,Mecklenburg-Vorpommern                  ,44.9
5097,5,12.1,Tribsees,Mecklenburg-Vorpommern                  ,55.7
5099,5,14.4,Trier-Zewen,Rheinland-Pfalz                         ,63.0
5100,5,13.6,Trier-Petrisberg,Rheinland-Pfalz                         ,65.6
5105,5,11.2,Trochtelfingen,Baden-Württemberg                       ,103.0
5107,5,10.9,Trochtelfingen-Wilsingen,Baden-Württemberg                       ,101.0
5109,5,12.5,Trollenhagen,Mecklenburg-Vorpommern                  ,56.4
5111,5,13.6,Trostberg,Bayern                                  ,104.8
5120,5,13.7,Tübingen,Baden-Württemberg                       ,
5127,5,11.4,Tuttlingen,Baden-Württemberg                       ,97.8
5128,5,11.8,Tuttlingen-Möhringen-Vorstadt,Baden-Württemberg                       ,93.6
5133,5,12.4,Twistetal-Mühlhausen,Hessen                                  ,58.2
5138,5,13.6,Überlingen/Bodensee,Baden-Württemberg                       ,99.5
5142,5,12.9,Ueckermünde,Mecklenburg-Vorpommern                  ,52.7
5146,5,13.2,Uelzen,Niedersachsen                           ,52.0
5149,5,13.4,Gollhofen,Bayern                                  ,67.0
5155,5,13.1,Ulm,Baden-Württemberg                       ,86.5
5158,5,13.3,Ummendorf,Sachsen-Anhalt                          ,73.0
5165,5,12.9,Unterlüß,Niedersachsen                           ,54.8
5185,5,13.9,Uttenreuth,Bayern                                  ,69.6
5229,5,11.7,Villingen-Schwenningen,Baden-Württemberg                       ,91.4
5236,5,12.9,Visbek,Niedersachsen                           ,61.1
5244,5,14.6,Völklingen-Stadt,Saarland                                ,63.3
5250,5,15.1,Vogtsburg-Oberrotweil,Baden-Württemberg                       ,
5252,5,13.1,Voldagsen,Niedersachsen                           ,65.4
5267,5,13.7,Wackersleben,Sachsen-Anhalt                          ,53.3
5275,5,15.4,Waghäusel-Kirrlach,Baden-Württemberg                       ,75.6
5277,5,12.4,Wahlen,Hessen                                  ,
5279,5,13.0,Wesertal-Lippoldsberg,Hessen                                  ,67.1
5280,5,12.2,Wittenborn,Schleswig-Holstein                      ,58.2
5282,5,14.1,Wahnsdorf bei Dresden,Sachsen                                 ,61.7
5284,5,14.4,Waiblingen,Baden-Württemberg                       ,94.3
5291,5,9.4,Waldau-Jostal,Baden-Württemberg                       ,143.5
5296,5,12.2,Waldeck,Hessen                                  ,67.6
5300,5,12.4,Waldems-Reinborn,Hessen                                  ,71.4
5306,5,10.6,Waldhäuser (National Park),Bayern                                  ,95.4
5317,5,11.9,Waldsassen,Bayern                                  ,63.6
5320,5,13.6,Waldshut,Baden-Württemberg                       ,104.7
5335,5,12.6,Waltershausen,Thüringen                               ,74.0
5344,5,11.8,Wangerooge,Niedersachsen                           ,50.7
5347,5,12.5,Warburg,Nordrhein-Westfalen                     ,62.0
5349,5,12.9,Waren (Müritz),Mecklenburg-Vorpommern                  ,51.0
5361,5,12.8,Wartenberg-Angersbach,Hessen                                  ,64.3
5369,5,13.6,Wasserburg,Bayern                                  ,109.1
5371,5,9.3,Wasserkuppe,Hessen                                  ,98.1
5377,5,5.7,Watzmannhaus,Bayern                                  ,271.5
5397,5,13.1,Weiden,Bayern                                  ,68.8
5398,5,12.9,"Weidenbach, Kr.Ansbach",Bayern                                  ,67.2
5403,5,13.4,Weigenheim-Reusch,Bayern                                  ,65.9
5404,5,12.8,Weihenstephan-Dürnast,Bayern                                  ,82.8
5410,5,13.6,Weilburg (Kläranlage),Hessen                                  ,69.8
5419,5,13.1,Weimar,Thüringen                               ,62.0
5424,5,12.7,Weimar-Schöndorf,Thüringen                               ,60.1
5426,5,12.4,Weinbiet,Rheinland-Pfalz                         ,65.9
5429,5,14.6,Weinsberg,Baden-Württemberg                       ,82.0
5431,5,13.4,Weisen bei Wittenberge,Sachsen-Anhalt                          ,50.2
5433,5,13.5,Weiskirchen/Saar,Saarland                                ,83.9
5434,5,12.9,Weismain,Bayern                                  ,70.5
5435,5,13.1,Weissach,Baden-Württemberg                       ,89.7
5440,5,13.2,Weißenburg-Emetzheim,Bayern                                  ,75.8
5442,5,14.1,Weißenfels,Sachsen-Anhalt                          ,54.5
5445,5,13.6,Weißensee-Ottenhausen,Thüringen                               ,60.8
5453,5,14.9,Weisweil-Waldeckhof,Baden-Württemberg                       ,95.0
5460,5,11.7,Wellendingen,Baden-Württemberg                       ,102.6
5463,5,14.0,Wellmitz,Brandenburg                             ,56.1
5467,5,5.4,Wendelstein,Bayern                                  ,125.0
5480,5,13.7,Werl,Nordrhein-Westfalen                     ,69.0
5488,5,13.6,"Mühlhausen, Kr. Schweinfurt",Bayern                                  ,59.7
5490,5,12.8,Wernigerode,Sachsen-Anhalt                          ,56.0
5498,5,13.8,Wertheim-Eichel,Baden-Württemberg                       ,68.7
5514,5,11.6,Westerland,Schleswig-Holstein                      ,41.5
5516,5,11.6,Fehmarn,Schleswig-Holstein                      ,50.0
5538,5,12.9,Wielenbach (Demollstr.),Bayern                                  ,109.0
5540,5,15.1,Wiesbaden (Süd),Hessen                                  ,57.0
5541,5,13.4,Wiesbaden-Auringen,Hessen                                  ,73.0
5543,5,13.7,Wiesbaden-Dotzheim,Hessen                                  ,65.6
5546,5,13.4,Wiesenburg,Brandenburg                             ,58.0
5559,5,11.8,"Wildbad, Bad-Calmbach",Baden-Württemberg                       ,104.0
5562,5,11.9,Neubulach-Oberhaugstett,Baden-Württemberg                       ,91.4
5568,5,12.3,"Wildungen, Bad",Hessen                                  ,64.1
5575,5,12.4,Wilhelmshaven,Niedersachsen                           ,59.7
5582,5,10.5,Willingen/Upland,Hessen                                  ,87.0
5609,5,14.1,"Winterbach, Rems-Murr-Kreis",Baden-Württemberg                       ,94.3
5610,5,10.2,Winterberg,Nordrhein-Westfalen                     ,88.2
5624,5,12.2,Wismar,Mecklenburg-Vorpommern                  ,54.5
5629,5,14.1,Wittenberg,Sachsen-Anhalt                          ,49.9
5640,5,12.3,Wittmundhafen,Niedersachsen                           ,
5642,5,13.2,Wittstock,Brandenburg                             ,
5643,5,13.3,Wittstock-Rote Mühle,Brandenburg                             ,49.8
5644,5,13.0,Witzenhausen,Hessen                                  ,68.4
5654,5,13.3,Wörnitz-Bottenweiler,Bayern                                  ,79.1
5663,5,12.3,Woldegk,Mecklenburg-Vorpommern                  ,54.3
5664,5,13.3,Wolfach,Baden-Württemberg                       ,127.3
5675,5,14.1,Wolfsburg,Niedersachsen                           ,49.5
5676,5,13.8,Wolfsburg (Südwest),Niedersachsen                           ,54.9
5681,5,13.7,Wolfstein/Pfalz,Rheinland-Pfalz                         ,63.2
5688,5,10.2,Dachsberg-Wolpadingen,Baden-Württemberg                       ,132.0
5692,5,14.9,Worms,Rheinland-Pfalz                         ,62.8
5703,5,14.3,Würzburg/Main,Bayern                                  ,65.0
5705,5,14.1,Würzburg,Bayern                                  ,59.3
5707,5,14.4,Würzburg (Physikalisches-Institut),Bayern                                  ,61.2
5715,5,13.5,Wunstorf,Niedersachsen                           ,56.2
5717,5,13.5,Wuppertal-Buchenhofen,Nordrhein-Westfalen                     ,80.6
5719,5,13.1,Remscheid,Nordrhein-Westfalen                     ,89.0
5728,5,13.9,Wustrau-Ziethenhorst,Brandenburg                             ,50.7
5731,5,13.4,Wutöschingen-Ofteringen,Baden-Württemberg                       ,90.8
5732,5,11.8,Wrixum/Föhr,Schleswig-Holstein                      ,43.0
5745,5,13.5,Zehdenick,Brandenburg                             ,49.5
5750,5,13.9,Zeitz,Sachsen-Anhalt                          ,59.4
5761,5,14.1,Zerbst,Sachsen-Anhalt                          ,54.0
5778,5,12.1,Zinnowitz,Mecklenburg-Vorpommern                  ,51.9
5779,5,9.5,Zinnwald-Georgenfeld,Sachsen                                 ,87.1
5792,5,-2.6,Zugspitze,Bayern                                  ,160.7
5797,5,13.0,Lichtentanne,Sachsen                                 ,68.0
5800,5,11.9,Zwiesel,Bayern                                  ,87.0
5802,5,11.8,Zwieselberg,Bayern                                  ,81.1
5821,5,12.8,Bassum (A),Niedersachsen                           ,54.4
5822,5,12.8,Bassum,Niedersachsen                           ,56.0
5825,5,14.0,Berge,Brandenburg                             ,50.0
5832,5,13.2,Dannenberg,Niedersachsen                           ,53.2
5839,5,12.3,Emden,Niedersachsen                           ,57.0
5856,5,13.5,Fürstenzell,Bayern                                  ,81.0
5871,5,11.8,Hahn,Rheinland-Pfalz                         ,73.0
5885,5,14.1,Kirchheim/Teck-Ötlingen,Baden-Württemberg                       ,94.0
5890,5,11.2,"Kohlgrub, Bad (A)",Bayern                                  ,133.5
5898,5,14.3,Ludwigsburg,Baden-Württemberg                       ,
5904,5,13.5,Mainburg,Bayern                                  ,79.4
5906,5,15.2,Mannheim,Baden-Württemberg                       ,72.5
5912,5,12.9,Malsfeld,Hessen                                  ,69.8
5920,5,14.5,Neuwied,Rheinland-Pfalz                         ,57.2
5930,5,11.7,Schönhagen (Ostseebad),Schleswig-Holstein                      ,53.0
5941,5,11.9,Reit im Winkl,Bayern                                  ,137.9
5971,5,12.6,Welzheim (A),Baden-Württemberg                       ,107.2
6086,5,13.8,Melchow-Schönholz,Brandenburg                             ,59.6
6093,5,13.1,Wendisch Evern,Niedersachsen                           ,58.0
6095,5,13.2,Taubenheim-Seeligstadt,Sachsen                                 ,67.2
6105,5,11.9,Ostenfeld (Rendsburg),Schleswig-Holstein                      ,57.0
6109,5,13.0,Grambow-Schwennenz,Mecklenburg-Vorpommern                  ,51.0
6110,5,12.4,Medow-Wussentin,Mecklenburg-Vorpommern                  ,53.0
6129,5,12.7,Sohland/Spree,Sachsen                                 ,68.0
6157,5,12.4,Wangerland-Hooksiel,Niedersachsen                           ,58.0
6158,5,12.7,Weidenbach-Weiherschneidbach,Bayern                                  ,76.0
6159,5,13.0,Dörpen,Niedersachsen                           ,59.2
6163,5,12.2,Dörnick,Schleswig-Holstein                      ,55.0
6170,5,14.2,Coschen,Brandenburg                             ,56.0
6182,5,13.8,Mallersdorf-Pfaffenberg,Bayern                                  ,71.0
6184,5,12.5,Wilhelmshaven (Flugplatz),Niedersachsen                           ,
6186,5,13.2,Nastätten,Rheinland-Pfalz                         ,65.0
6196,5,11.5,Selb-Spielberg,Bayern                                  ,67.9
6197,5,12.3,Lügde-Paenbruch,Nordrhein-Westfalen                     ,69.0
6199,5,11.9,Steinhagen-Negast,Mecklenburg-Vorpommern                  ,53.0
6217,5,14.6,Saarbrücken-Burbach,Saarland                                ,69.0
6219,5,13.5,Dollnstein-Breitenfurt,Bayern                                  ,69.6
6258,5,13.6,Friedrichshafen-Unterraderach,Baden-Württemberg                       ,109.0
6259,5,12.2,Großerlach-Mannenweiler,Baden-Württemberg                       ,107.0
6260,5,13.0,Ingelfingen-Stachenhausen,Baden-Württemberg                       ,85.0
6262,5,13.5,Schwäbisch Gmünd-Weiler,Baden-Württemberg                       ,95.0
6263,5,13.5,Singen,Baden-Württemberg                       ,88.0
6264,5,11.4,Brilon-Thülen,Nordrhein-Westfalen                     ,79.0
6265,5,14.0,Wusterwitz,Brandenburg                             ,52.0
6266,5,13.6,Huy-Pabstorf,Sachsen-Anhalt                          ,53.0
6272,5,12.8,"Salzungen, Bad-Gräfen-Nitzendorf",Thüringen                               ,71.0
6273,5,14.0,Demker,Sachsen-Anhalt                          ,52.0
6275,5,13.9,Notzingen,Baden-Württemberg                       ,98.0
6304,5,12.2,Pilsach-Litzlohe,Bayern                                  ,83.0
6305,5,13.3,Mühlhausen/Thüringen-Görmar,Thüringen                               ,58.0
6310,5,12.1,Karlshagen,Mecklenburg-Vorpommern                  ,52.0
6312,5,13.3,Markt Erlbach-Mosbach,Bayern                                  ,66.0
6314,5,13.2,Nossen,Sachsen                                 ,65.0
6336,5,13.0,Lohr/Main-Halsbach,Bayern                                  ,71.0
6337,5,13.8,Lüdinghausen-Brochtrup,Nordrhein-Westfalen                     ,66.0
6344,5,13.8,Runkel-Ennerich,Hessen                                  ,62.0
6346,5,13.0,Maisach-Galgen,Bayern                                  ,104.0
6347,5,13.4,Schonungen-Mainberg,Bayern                                  ,63.0
7075,5,13.6,Elsendorf-Horneck,Bayern                                  ,76.0
7099,5,13.2,Liebenburg-Othfresen,Niedersachsen                           ,65.0
7105,5,12.2,Siegsdorf-Höll,Bayern                                  ,143.0
7106,5,13.3,Bielefeld-Deppendorf,Nordrhein-Westfalen                     ,66.0
7135,5,12.7,Aulendorf-Haslach,Baden-Württemberg                       ,103.0
7187,5,13.5,Freudenberg/Main-Boxtal,Baden-Württemberg                       ,71.0
7244,5,13.1,Neuglobsow (HM),Brandenburg                             ,57.0
7298,5,11.7,Hattstedt,Schleswig-Holstein                      ,52.0
7319,5,13.2,Donauwörth-Osterweiler,Bayern                                  ,81.0
7321,5,13.6,Olbersleben,Thüringen                               ,59.0
7325,5,-1.4,,,151.0
7329,5,12.0,Treuen,Sachsen                                 ,69.0
7330,5,13.0,Arnsberg-Neheim,Nordrhein-Westfalen                     ,72.0
7331,5,13.0,Hermaringen-Allewind,Baden-Württemberg                       ,83.0
7341,5,14.9,Offenbach-Wetterpark,Hessen                                  ,65.0
7343,5,10.4,Deutschneudorf-Brüderwiese,Sachsen                                 ,81.0
7350,5,11.8,Prackenbach-Neuhäusl,Bayern                                  ,89.0
7351,5,12.6,Feldberg/Mecklenburg,Mecklenburg-Vorpommern                  ,57.0
7364,5,14.4,Jeßnitz,Sachsen-Anhalt                          ,54.0
7367,5,13.2,Alfeld,Niedersachsen                           ,71.0
7368,5,12.6,Eisenach,Thüringen                               ,72.0
7369,5,12.8,Feuchtwangen-Heilbronn,Bayern                                  ,76.0
7370,5,12.6,Waldmünchen,Bayern                                  ,72.0
7373,5,12.2,Borkum-Flugplatz,Niedersachsen                           ,51.0
7374,5,13.7,Ahaus,Nordrhein-Westfalen                     ,65.0
7389,5,13.8,Heckelberg,Brandenburg                             ,61.0
7393,5,14.1,Hoyerswerda,Sachsen                                 ,57.0
7394,5,11.4,Wunsiedel-Schönbrunn,Bayern                                  ,71.0
7395,5,14.0,Gottfrieding,Bayern                                  ,74.0
7396,5,10.3,Hoherodskopf/Vogelsberg,Hessen                                  ,101.0
7403,5,12.1,Leutkirch-Herlazhofen,Baden-Württemberg                       ,126.9
7410,5,12.4,Neu-Ulrichstein,Hessen                                  ,83.0
7412,5,12.7,Neuhütten/Spessart,Bayern                                  ,84.0
7419,5,12.4,Langenwetzendorf-Göttendorf,Thüringen                               ,65.0
7420,5,13.2,Naumburg/Saale-Kreipitzsch,Sachsen-Anhalt                          ,63.0
7424,5,13.6,Piding,Bayern                                  ,123.0
7427,5,12.5,Padenstedt (Pony-Park),Schleswig-Holstein                      ,58.0
7428,5,12.7,Veilsdorf,Thüringen                               ,64.0
7431,5,12.8,Oberhaching-Laufzorn,Bayern                                  ,116.0
7432,5,13.3,Wittingen-Vorhop,Niedersachsen                           ,53.0
13670,5,14.6,Duisburg-Baerl,Nordrhein-Westfalen                     ,67.0
13674,5,14.1,Waibstadt,Baden-Württemberg                       ,83.0
13675,5,13.5,Hameln-Hastenbeck,Niedersachsen                           ,62.0
13696,5,14.0,Waltrop-Abdinghof,Nordrhein-Westfalen                     ,67.0
13700,5,13.2,Gevelsberg-Oberbröking,Nordrhein-Westfalen                     ,76.0
13710,5,13.4,Landshut-Reithof,Bayern                                  ,88.0
13711,5,13.1,Krölpa-Rockendorf,Thüringen                               ,63.0
13713,5,12.2,Meinerzhagen-Redlendorf,Nordrhein-Westfalen                     ,87.0
13776,5,13.5,Hildesheim-Drispenstedt,Niedersachsen                           ,61.3
13777,5,13.7,Helmstedt-Emmerstedt,Niedersachsen                           ,51.0
13965,5,12.0,Balingen-Bronnhaupten,Baden-Württemberg                       ,104.0
14138,5,14.1,,,56.0
14311,5,11.2,Hersdorf-Weißenseifen,Rheinland-Pfalz                         ,75.6
15000,5,13.3,Aachen-Orsbach,Nordrhein-Westfalen                     ,77.0
15207,5,12.5,Schauenburg-Elgershausen,Hessen                                  ,71.0
15444,5,12.5,Ulm-Mähringen,Baden-Württemberg                       ,93.0
15555,5,11.5,Kaufbeuren-Oberbeuren,Bayern                                  ,122.1
15926,5,13.4,Fronberg (Schwandorf),Bayern                                  ,64.7
15951,5,12.6,Pirmasens (Kläranlage),Rheinland-Pfalz                         ,76.5
15963,5,14.2,St. Tönis,Nordrhein-Westfalen                     ,71.2
15965,5,13.0,"Brückenau, Bad (Elisabethenhof)",Bayern                                  ,73.5
15979,5,12.5,Sargenroth,Rheinland-Pfalz                         ,66.0
16085,5,12.9,Leherheide,Bremen                                  ,53.0
19087,5,12.4,Freyung vorm Wald,Bayern                                  ,85.4
19171,5,12.4,Hasenkrug-Hardebek,Schleswig-Holstein                      ,59.0
19172,5,12.1,Wacken,Schleswig-Holstein                      ,60.8
19580,5,12.7,"Urach, Bad/Erms",Baden-Württemberg                       ,108.3
19607,5,11.2,Cämmerswalde-Rauschenbach,Sachsen                                 ,
19617,5,13.4,Burghaslach,Bayern                                  ,63.5
19647,5,13.8,Eberbach/Neckar,Baden-Württemberg                       ,
19781,5,13.7,Ingolstadt,Bayern                                  ,75.1
1,6,16.5,Aach,Baden-Württemberg                       ,93.0
3,6,16.2,Aachen,Nordrhein-Westfalen                     ,80.3
44,6,15.3,Großenkneten,Niedersachsen                           ,72.2
52,6,15.1,Ahrensburg-Wulfsdorf,Schleswig-Holstein                      ,77.5
61,6,16.5,Aiterhofen,Bayern                                  ,81.8
70,6,14.5,Albstadt-Ebingen,Baden-Württemberg                       ,99.8
71,6,14.3,Albstadt-Badkap,Baden-Württemberg                       ,103.0
72,6,14.0,Albstadt-Onstmettingen,Baden-Württemberg                       ,118.6
73,6,16.7,Aldersbach-Kriestorf,Bayern                                  ,92.7
78,6,15.4,Alfhausen,Niedersachsen                           ,73.3
91,6,15.2,Alsfeld-Eifa,Hessen                                  ,62.9
93,6,15.4,Alsfeld-Reibertenrod,Hessen                                  ,62.5
96,6,16.2,Neuruppin-Alt Ruppin,Brandenburg                             ,60.0
98,6,12.9,Altastenberg,Nordrhein-Westfalen                     ,93.4
116,6,16.3,Altenburg,Thüringen                               ,62.8
125,6,14.8,Altenstadt,Bayern                                  ,
129,6,15.5,Altentreptow,Mecklenburg-Vorpommern                  ,63.1
131,6,15.8,Geringswalde-Altgeringswalde,Sachsen                                 ,62.8
132,6,14.0,Altglashütte,Bayern                                  ,94.9
142,6,15.9,Altomünster-Maisbrunn,Bayern                                  ,107.2
150,6,17.0,Alzey,Rheinland-Pfalz                         ,52.0
151,6,16.5,Amberg-Unterammersricht,Bayern                                  ,71.0
154,6,15.9,Amerang-Pfaffing,Bayern                                  ,138.0
161,6,17.4,Andernach,Rheinland-Pfalz                         ,57.4
164,6,16.1,Angermünde,Brandenburg                             ,58.8
167,6,15.5,Anklam,Mecklenburg-Vorpommern                  ,61.4
169,6,14.1,Annaberg-Buchholz,Sachsen                                 ,84.0
172,6,14.1,Annaturm,Niedersachsen                           ,76.9
174,6,16.8,Annweiler-Bindersbach,Rheinland-Pfalz                         ,70.6
175,6,15.8,Ansbach,Bayern                                  ,70.9
177,6,15.9,Ansbach-Hennenbach,Bayern                                  ,66.1
183,6,14.2,Arkona,Mecklenburg-Vorpommern                  ,57.5
184,6,16.4,Arneburg,Sachsen-Anhalt                          ,54.6
185,6,14.7,Arnis,Schleswig-Holstein                      ,65.1
186,6,15.2,Arnsberg,Nordrhein-Westfalen                     ,90.4
191,6,16.3,Arnstein-Müdesheim,Bayern                                  ,63.0
193,6,15.2,Arolsen-Neu Berich,Hessen                                  ,72.5
198,6,16.4,Artern,Thüringen                               ,48.9
202,6,17.4,Aschaffenburg,Bayern                                  ,64.6
207,6,16.4,Aschersleben,Sachsen-Anhalt                          ,56.0
211,6,16.2,Aßlar Klein-Altenstädten,Hessen                                  ,65.2
217,6,15.2,Attenkam,Bayern                                  ,140.7
221,6,16.2,Au i.d.Hallertau-Günzenhausen,Bayern                                  ,96.0
222,6,15.1,Aue,Sachsen                                 ,86.0
231,6,16.1,Augsburg (Sankt Stephan),Bayern                                  ,97.0
232,6,16.1,Augsburg,Bayern                                  ,90.0
243,6,14.7,Aurich,Niedersachsen                           ,80.7
257,6,17.2,Baden-Baden-Geroldsau,Baden-Württemberg                       ,111.6
259,6,17.0,Müllheim,Baden-Württemberg                       ,97.8
268,6,14.8,Baiersbronn-Obertal,Baden-Württemberg                       ,130.6
273,6,16.7,Baindt,Baden-Württemberg                       ,110.0
282,6,16.6,Bamberg,Bayern                                  ,61.4
283,6,16.3,Bamberg-Altenburg,Bayern                                  ,66.8
284,6,16.2,Bamberg (Sternwarte),Bayern                                  ,66.2
288,6,15.6,Bargischow-Gnevezin,Mecklenburg-Vorpommern                  ,63.1
294,6,15.9,Barsinghausen-Hohenbostel,Niedersachsen                           ,68.0
298,6,14.8,Barth,Mecklenburg-Vorpommern                  ,69.8
303,6,16.8,Baruth,Brandenburg                             ,52.2
314,6,16.5,"Kubschütz, Kr. Bautzen",Sachsen                                 ,62.2
320,6,16.1,Heinersreuth-Vollhof,Bayern                                  ,73.9
326,6,16.0,Beckum-Unterberg,Nordrhein-Westfalen                     ,74.0
327,6,15.1,Bederkesa,Niedersachsen                           ,90.9
330,6,15.6,Oberzent-Beerfelden,Hessen                                  ,78.4
335,6,15.1,Behrensdorf,Schleswig-Holstein                      ,67.3
342,6,15.7,Belm,Niedersachsen                           ,74.0
348,6,17.2,Bendorf,Rheinland-Pfalz                         ,68.7
355,6,18.0,Bensheim,Hessen                                  ,76.2
361,6,15.5,Berchtesgaden (KKst),Bayern                                  ,174.9
365,6,15.8,Berg/Oberpfalz,Bayern                                  ,82.3
368,6,15.7,Bergen,Niedersachsen                           ,
377,6,17.6,"Bergzabern, Bad",Rheinland-Pfalz                         ,72.7
379,6,15.7,"Berka, Bad (Flugplatz)",Thüringen                               ,63.8
386,6,14.3,"Berleburg, Bad",Nordrhein-Westfalen                     ,75.5
390,6,13.3,"Berleburg, Bad-Stünzel",Nordrhein-Westfalen                     ,87.0
395,6,17.1,Berlin-Adlershof,Berlin                                  ,
399,6,17.7,Berlin-Alexanderplatz,Berlin                                  ,60.0
400,6,16.8,Berlin-Buch,Berlin                                  ,58.5
402,6,16.8,Berlin-Dahlem (LFAG),Berlin                                  ,60.0
403,6,16.8,Berlin-Dahlem (FU),Berlin                                  ,59.9
405,6,16.9,Berlin-Friedrichshagen,Berlin                                  ,
407,6,17.0,Berlin-Frohnau,Berlin                                  ,60.7
408,6,17.5,Berlin-Invalidenstraße,Berlin                                  ,
410,6,16.8,Berlin-Kaniswall,Berlin                                  ,58.0
416,6,17.1,Berlin-Lichtenrade,Berlin                                  ,56.3
417,6,17.1,Berlin-Lichterfelde (Süd),Berlin                                  ,61.8
420,6,17.1,Berlin-Marzahn,Berlin                                  ,59.0
422,6,17.5,Berlin-Mitte,Berlin                                  ,61.2
424,6,17.5,Berlin-Ostkreuz,Berlin                                  ,
425,6,17.1,Berlin-Rudow,Berlin                                  ,58.6
427,6,17.0,Berlin Brandenburg,Brandenburg                             ,58.1
429,6,17.0,Berlin-Spandau,Berlin                                  ,61.1
430,6,17.2,Berlin-Tegel,Berlin                                  ,56.0
432,6,17.0,Berlin-Tegeler Fliesstal,Berlin                                  ,56.8
433,6,17.5,Berlin-Tempelhof,Berlin                                  ,60.4
434,6,17.3,Berlin-Treptow,Berlin                                  ,60.0
435,6,16.9,Berlin-Zehlendorf,Berlin                                  ,64.6
445,6,16.7,Bernburg/Saale (Nord),Sachsen-Anhalt                          ,51.0
450,6,17.7,Bernkastel-Kues,Rheinland-Pfalz                         ,65.8
460,6,16.2,Berus,Saarland                                ,70.0
474,6,15.6,Warthausen-Birkenhard,Baden-Württemberg                       ,106.0
480,6,15.2,Biedenkopf-Wallau,Hessen                                  ,66.9
502,6,15.1,Bischbrunn,Bayern                                  ,77.3
524,6,17.3,Bitterfeld,Sachsen-Anhalt                          ,50.4
526,6,16.0,"Blankenburg, Bad",Thüringen                               ,61.1
535,6,15.2,Blankenrath,Rheinland-Pfalz                         ,74.8
550,6,15.5,Bobeck,Thüringen                               ,70.0
553,6,16.2,Bocholt (Marienschule),Nordrhein-Westfalen                     ,71.1
555,6,16.5,Bochum,Nordrhein-Westfalen                     ,77.0
576,6,15.9,Böblingen,Baden-Württemberg                       ,78.9
578,6,15.9,Böhming,Bayern                                  ,92.9
588,6,16.0,Boffzen,Niedersachsen                           ,69.1
591,6,15.7,Boizenburg,Mecklenburg-Vorpommern                  ,60.9
592,6,15.1,Bokel,Schleswig-Holstein                      ,86.5
596,6,14.7,Boltenhagen,Mecklenburg-Vorpommern                  ,63.4
598,6,17.1,Bonn,Nordrhein-Westfalen                     ,69.9
599,6,17.1,Bonn-Friesdorf,Nordrhein-Westfalen                     ,72.8
601,6,16.6,,,
603,6,16.4,Königswinter-Heiderhof,Nordrhein-Westfalen                     ,86.0
606,6,15.9,Boos,Bayern                                  ,125.0
614,6,15.6,Borgentreich-Bühne,Nordrhein-Westfalen                     ,69.0
617,6,16.4,Borken in Westfalen,Nordrhein-Westfalen                     ,75.0
619,6,14.9,Borkum-Süderstraße,Niedersachsen                           ,75.2
642,6,15.4,Brake,Niedersachsen                           ,77.5
643,6,15.4,Brake-Süderfeld,Niedersachsen                           ,76.3
645,6,15.6,Bramsche,Niedersachsen                           ,75.5
648,6,14.8,Brande-Hörnerkirchen,Schleswig-Holstein                      ,89.5
650,6,16.7,Brandenburg-Görden,Brandenburg                             ,58.8
652,6,16.0,Hagenbüchach,Bayern                                  ,70.7
656,6,12.4,Braunlage,Niedersachsen                           ,103.0
660,6,16.1,Braunschweig-Gliesmarode,Niedersachsen                           ,61.0
661,6,16.2,Braunschweig (T.H.),Niedersachsen                           ,61.3
662,6,16.0,Braunschweig,Niedersachsen                           ,64.5
685,6,14.4,Breitsol,Bayern                                  ,89.7
691,6,15.5,Bremen,Bremen                                  ,67.1
699,6,15.6,Bremen-Seefahrtschule,Bremen                                  ,72.7
701,6,15.6,Bremerhaven,Bremen                                  ,78.0
702,6,15.5,Bremerhaven-Speckenbüttel,Bremen                                  ,80.0
703,6,15.4,Bremervörde (A),Niedersachsen                           ,76.9
704,6,15.3,Bremervörde,Niedersachsen                           ,77.0
705,6,15.4,Bremervörde-Niederochtenhausen,Niedersachsen                           ,72.2
706,6,18.0,Eschbach,Baden-Württemberg                       ,74.4
710,6,17.2,Bretten,Baden-Württemberg                       ,65.9
717,6,14.0,Brilon,Nordrhein-Westfalen                     ,89.6
722,6,9.1,Brocken,Sachsen-Anhalt                          ,129.2
727,6,16.4,Brombachtal-Kirch-Brombach,Hessen                                  ,70.3
729,6,14.0,Brotterode,Thüringen                               ,96.0
736,6,15.3,Brücken,Rheinland-Pfalz                         ,71.4
755,6,15.9,"Buchen, Kr. Neckar-Odenwald",Baden-Württemberg                       ,59.2
757,6,16.3,Buchenbach,Baden-Württemberg                       ,109.0
760,6,14.9,Rosengarten-Klecken,Niedersachsen                           ,77.6
766,6,14.8,Büchel (Flugplatz),Rheinland-Pfalz                         ,
769,6,16.2,Bückeburg,Niedersachsen                           ,64.6
771,6,17.0,Büdingen,Hessen                                  ,71.2
772,6,17.9,Bühlertal,Baden-Württemberg                       ,118.7
773,6,15.8,Bühlertal-Obertal,Baden-Württemberg                       ,135.2
793,6,14.6,Buhlenberg,Rheinland-Pfalz                         ,76.2
817,6,15.3,Burgwald-Bottendorf,Hessen                                  ,59.0
840,6,12.1,Carlsfeld,Sachsen                                 ,106.0
848,6,16.4,Celle (Stadt),Niedersachsen                           ,58.6
850,6,16.4,Celle,Niedersachsen                           ,60.9
851,6,16.1,Pemfling-Pitzling,Bayern                                  ,79.0
853,6,15.3,Chemnitz,Sachsen                                 ,72.5
856,6,15.9,Chieming,Bayern                                  ,155.0
863,6,13.1,Clausthal-Zellerfeld,Niedersachsen                           ,111.4
865,6,15.5,Cloppenburg,Niedersachsen                           ,73.6
867,6,16.0,Lautertal-Oberlauter,Bayern                                  ,67.5
876,6,15.9,Collmberg,Sachsen                                 ,59.3
879,6,17.1,Cottbus (Flugplatz),Brandenburg                             ,
880,6,17.1,Cottbus,Brandenburg                             ,50.4
881,6,16.2,Crailsheim-Alexandersreut,Baden-Württemberg                       ,78.2
888,6,16.0,Crimmitschau,Sachsen                                 ,64.8
891,6,15.2,Cuxhaven,Niedersachsen                           ,79.7
896,6,16.3,Dachwig,Thüringen                               ,56.6
917,6,17.3,Darmstadt,Hessen                                  ,67.0
918,6,17.7,Darmstadt (A),Hessen                                  ,65.7
919,6,17.5,Darmstadt-Botanischer Garten,Hessen                                  ,65.3
931,6,15.2,Deggenhausertal-Azenweiler,Baden-Württemberg                       ,119.0
948,6,17.0,Dessau,Sachsen-Anhalt                          ,54.3
953,6,14.8,Deuselbach,Rheinland-Pfalz                         ,67.0
963,6,15.8,Diepholz,Niedersachsen                           ,65.8
964,6,15.1,Dierfeld,Rheinland-Pfalz                         ,72.6
965,6,17.0,Diesbar-Seußlitz,Sachsen                                 ,56.5
970,6,15.7,Dietenhofen,Bayern                                  ,68.0
979,6,15.5,Dillenburg,Hessen                                  ,61.7
982,6,16.9,Dillingen/Donau,Bayern                                  ,80.1
983,6,16.8,Dillingen/Donau-Fristingen,Bayern                                  ,84.0
991,6,15.4,Dippoldiswalde-Reinberg,Sachsen                                 ,74.1
998,6,14.5,Dobel,Baden-Württemberg                       ,123.5
1000,6,15.2,"Doberan, Bad-Heiligendamm",Mecklenburg-Vorpommern                  ,65.7
1001,6,16.6,Doberlug-Kirchhain,Brandenburg                             ,51.0
1003,6,16.2,Döbeln,Sachsen                                 ,61.3
1006,6,16.0,Dömitz,Mecklenburg-Vorpommern                  ,61.1
1018,6,15.1,Donaueschingen,Baden-Württemberg                       ,94.2
1032,6,16.4,Dortmund,Nordrhein-Westfalen                     ,85.5
1047,6,17.1,Dresden (Mitte),Sachsen                                 ,57.2
1048,6,16.5,Dresden-Klotzsche,Sachsen                                 ,61.0
1050,6,17.0,Dresden-Hosterwitz,Sachsen                                 ,65.9
1051,6,17.0,Dresden-Strehlen,Sachsen                                 ,59.0
1052,6,16.5,Möckern-Drewitz,Sachsen-Anhalt                          ,58.0
1066,6,15.6,Duderstadt,Niedersachsen                           ,72.4
1072,6,18.1,"Dürkheim, Bad",Rheinland-Pfalz                         ,58.0
1073,6,17.7,"Dürkheim, Bad (Saline)",Rheinland-Pfalz                         ,56.9
1074,6,16.8,"Dürrenberg, Bad",Sachsen-Anhalt                          ,55.0
1078,6,16.8,Düsseldorf,Nordrhein-Westfalen                     ,75.2
1079,6,17.1,Düsseldorf-Südfriedhof,Nordrhein-Westfalen                     ,75.0
1084,6,17.3,Duisburg-Friemersheim,Nordrhein-Westfalen                     ,73.1
1087,6,17.4,Duisburg-Laar,Nordrhein-Westfalen                     ,74.9
1102,6,17.2,Ebersbach/Fils,Baden-Württemberg                       ,95.8
1103,6,15.7,Ebersberg-Halbing,Bayern                                  ,119.2
1106,6,16.6,Eberswalde,Brandenburg                             ,66.5
1107,6,15.5,Ebrach,Bayern                                  ,74.0
1130,6,14.6,Eggebek,Schleswig-Holstein                      ,73.0
1146,6,15.8,Ehningen,Baden-Württemberg                       ,80.4
1154,6,16.1,Eiberg,Bayern                                  ,116.2
1161,6,16.4,Eichstätt-Landershofen,Bayern                                  ,70.0
1169,6,17.8,Eimeldingen,Baden-Württemberg                       ,84.8
1172,6,16.1,Einbeck,Niedersachsen                           ,65.2
1182,6,16.3,Eisleben-Helfta,Sachsen-Anhalt                          ,54.3
1188,6,14.0,Elgersburg,Thüringen                               ,62.6
1197,6,15.8,Ellwangen-Rindelbach,Baden-Württemberg                       ,82.4
1200,6,14.9,Elpersbüttel,Schleswig-Holstein                      ,82.0
1201,6,16.7,Elsdorf/Erftkreis,Nordrhein-Westfalen                     ,80.9
1204,6,15.5,Elsfleth,Niedersachsen                           ,74.0
1207,6,14.4,"Elster, Bad-Sohl",Sachsen                                 ,76.5
1214,6,16.0,Elzach-Fisnacht,Baden-Württemberg                       ,122.0
1219,6,15.1,Emden-Nesserland,Niedersachsen                           ,74.5
1221,6,15.1,Emden-Wolthusen,Niedersachsen                           ,72.9
1224,6,17.3,Emmendingen-Mundingen,Baden-Württemberg                       ,93.9
1229,6,17.0,"Ems, Bad",Rheinland-Pfalz                         ,76.6
1238,6,16.1,Engelskirchen,Nordrhein-Westfalen                     ,93.9
1239,6,16.0,Engen/Hegau,Baden-Württemberg                       ,92.0
1243,6,14.3,Eningen,Baden-Württemberg                       ,108.7
1246,6,16.1,Ennigerloh-Ostenfelde,Nordrhein-Westfalen                     ,64.7
1254,6,17.4,Eppingen,Baden-Württemberg                       ,74.6
1255,6,17.2,Eppingen-Elsenz,Baden-Württemberg                       ,70.9
1262,6,16.4,München-Flughafen,Bayern                                  ,103.0
1266,6,14.8,Erfde,Schleswig-Holstein                      ,80.2
1270,6,15.5,Erfurt-Weimar,Thüringen                               ,57.1
1275,6,16.6,Ering,Bayern                                  ,99.8
1276,6,17.1,Eriskirch-Mariabrunn,Baden-Württemberg                       ,124.6
1279,6,17.0,Möhrendorf-Kleinseebach,Bayern                                  ,65.2
1280,6,16.8,Erlangen-Bruck,Bayern                                  ,67.6
1287,6,15.8,Eschau-Hobbach,Bayern                                  ,75.3
1292,6,15.8,Eschenbach/Oberpfalz,Bayern                                  ,76.9
1297,6,15.8,Eschwege,Hessen                                  ,70.6
1299,6,14.9,Esens,Niedersachsen                           ,74.9
1300,6,14.3,Eslohe,Nordrhein-Westfalen                     ,87.7
1303,6,16.1,Essen-Bredeney,Nordrhein-Westfalen                     ,87.0
1327,6,16.3,Weilerswist-Lommersum,Nordrhein-Westfalen                     ,65.5
1329,6,14.8,Eutin,Schleswig-Holstein                      ,75.0
1332,6,16.6,"Falkenberg,Kr.Rottal-Inn",Bayern                                  ,94.3
1339,6,15.6,Faßberg,Niedersachsen                           ,
1345,6,15.2,Feldberg,Mecklenburg-Vorpommern                  ,67.0
1346,6,9.4,Feldberg/Schwarzwald,Baden-Württemberg                       ,148.2
1357,6,13.9,Fichtelberg/Oberfranken-Hüttstadl,Bayern                                  ,93.3
1358,6,9.9,Fichtelberg,Sachsen                                 ,102.2
1374,6,15.3,Fladungen-Heufurt,Bayern                                  ,67.4
1378,6,14.6,Flensburg,Schleswig-Holstein                      ,80.9
1379,6,14.5,Flensburg (Schäferhaus),Schleswig-Holstein                      ,76.0
1380,6,14.7,Flensburg-Mürwik,Schleswig-Holstein                      ,75.7
1392,6,14.3,Flossenbürg,Bayern                                  ,90.0
1403,6,15.5,Frammersbach,Bayern                                  ,74.0
1410,6,16.6,"Frankenhausen, Bad/Kyffhäuser",Thüringen                               ,56.8
1411,6,12.9,Birx/Rhön,Thüringen                               ,92.7
1420,6,17.9,Frankfurt/Main,Hessen                                  ,58.1
1421,6,18.2,Frankfurt/Main (Stadt),Hessen                                  ,61.8
1424,6,18.2,Frankfurt/Main-Westend,Hessen                                  ,63.0
1425,6,18.3,Frankfurt/Main (Feldbergstr.),Hessen                                  ,62.4
1426,6,16.6,Frankfurt/Oder,Brandenburg                             ,57.9
1428,6,16.7,Frankweiler,Rheinland-Pfalz                         ,69.8
1440,6,16.6,Freiamt-Ottoschwanden,Baden-Württemberg                       ,103.3
1441,6,15.3,Freiberg,Sachsen                                 ,69.2
1443,6,17.8,Freiburg,Baden-Württemberg                       ,91.8
1447,6,18.5,Freiburg im Breisgau-Herdern,Baden-Württemberg                       ,93.9
1451,6,15.1,Freiburg/Elbe,Niedersachsen                           ,83.9
1468,6,13.7,Freudenstadt,Baden-Württemberg                       ,113.6
1473,6,16.0,Freystadt-Michelbach,Bayern                                  ,75.9
1488,6,14.0,Friedrichsbrunn,Sachsen-Anhalt                          ,65.4
1490,6,17.2,Friedrichshafen,Baden-Württemberg                       ,119.2
1492,6,13.6,Malsburg-Marzell-Friedrichsheim,Baden-Württemberg                       ,142.9
1503,6,14.9,Friesoythe-Altenoythe,Niedersachsen                           ,77.8
1504,6,16.0,Fritzlar (Flugplatz),Hessen                                  ,63.0
1513,6,13.5,Fuchskauten,Rheinland-Pfalz                         ,87.8
1515,6,16.1,Fürstenfeldbruck,Bayern                                  ,
1522,6,16.7,Fürth/Bayern (A),Bayern                                  ,65.7
1526,6,15.6,Fulda-Horas,Hessen                                  ,56.1
1544,6,16.1,Gardelegen,Sachsen-Anhalt                          ,51.9
1550,6,14.7,Garmisch-Partenkirchen,Bayern                                  ,176.4
1552,6,16.3,Gartz/Oder,Brandenburg                             ,63.0
1568,6,11.4,Gehlberg-Schmücke,Thüringen                               ,96.1
1572,6,16.4,Geilenkirchen (Flugplatz),Nordrhein-Westfalen                     ,
1580,6,17.6,Geisenheim,Hessen                                  ,50.4
1583,6,13.0,Geisingberg,Sachsen                                 ,87.9
1584,6,15.1,Geisingen,Baden-Württemberg                       ,94.0
1586,6,15.7,Traunstein-Geißing,Bayern                                  ,164.8
1587,6,15.6,Gelbelsee,Bayern                                  ,95.0
1590,6,16.6,Geldern-Walbeck,Nordrhein-Westfalen                     ,67.6
1593,6,16.9,Gelnhausen,Hessen                                  ,73.8
1602,6,17.0,Ohlsbach,Baden-Württemberg                       ,104.5
1605,6,16.5,Genthin,Sachsen-Anhalt                          ,57.0
1612,6,15.7,Gera-Leumnitz,Thüringen                               ,63.4
1619,6,17.7,Gernsheim,Hessen                                  ,62.3
1621,6,14.9,Geroda-Platz,Bayern                                  ,64.2
1638,6,16.7,Gießen (Lahntal),Hessen                                  ,62.4
1639,6,16.4,Gießen/Wettenberg,Hessen                                  ,61.4
1645,6,14.6,Gilserberg-Moischeid,Hessen                                  ,68.4
1666,6,14.7,Glücksburg-Meierwik,Schleswig-Holstein                      ,72.0
1667,6,15.0,Glückstadt,Schleswig-Holstein                      ,83.1
1684,6,16.2,Görlitz,Sachsen                                 ,65.8
1689,6,15.4,Gößweinstein,Bayern                                  ,82.3
1691,6,15.5,Göttingen,Niedersachsen                           ,66.4
1694,6,15.3,Goldberg,Mecklenburg-Vorpommern                  ,66.0
1709,6,14.9,"Gottleuba, Bad",Sachsen                                 ,77.3
1721,6,15.6,Gräfenberg-Kasberg,Bayern                                  ,90.0
1735,6,15.1,Grainet-Rehberg,Bayern                                  ,107.2
1757,6,15.3,Greifswald,Mecklenburg-Vorpommern                  ,66.2
1762,6,15.7,Greiz-Dölau,Thüringen                               ,66.4
1766,6,16.1,Münster/Osnabrück,Nordrhein-Westfalen                     ,69.0
1792,6,15.7,Groß Berßen,Niedersachsen                           ,76.9
1803,6,14.9,Groß Lüsewitz,Mecklenburg-Vorpommern                  ,68.8
1833,6,11.2,Grosser Falkenstein,Bayern                                  ,120.2
1834,6,12.1,Grosser Inselsberg,Thüringen                               ,103.5
1844,6,16.1,Feldkirchen-Westerham-Lenzmühle,Bayern                                  ,128.0
1849,6,16.2,Großmehring-Theißing,Bayern                                  ,79.2
1863,6,16.3,Gründau-Breitenborn,Hessen                                  ,75.0
1869,6,15.7,Grünow,Brandenburg                             ,59.0
1875,6,15.8,"Gschwend, Kr. Ostalb",Baden-Württemberg                       ,92.9
1886,6,16.3,Günzburg,Bayern                                  ,81.8
1890,6,15.5,Güstrow-Schabernack,Mecklenburg-Vorpommern                  ,
1891,6,16.3,Rheda-Wiedenbrück-Lintel,Nordrhein-Westfalen                     ,73.7
1892,6,16.3,Gütersloh (Flugplatz),Nordrhein-Westfalen                     ,
1920,6,16.6,Hagen-Fley,Nordrhein-Westfalen                     ,80.9
1957,6,16.6,Halle-Kröllwitz,Sachsen-Anhalt                          ,56.0
1960,6,16.7,Halle (Stadt),Sachsen-Anhalt                          ,55.6
1972,6,16.0,Hamburg-Bergedorf,Hamburg                                 ,69.5
1973,6,16.0,Hamburg-Botanischer Garten,Hamburg                                 ,74.3
1975,6,15.5,Hamburg-Fuhlsbüttel,Hamburg                                 ,78.6
1979,6,16.1,Hamburg-Kirchwerder,Hamburg                                 ,66.0
1981,6,15.9,Hamburg-Neuwiedenthal,Hamburg                                 ,72.7
1986,6,16.0,Hamburg-Reitbrook,Hamburg                                 ,70.1
1990,6,16.0,Hamburg-Wandsbek,Hamburg                                 ,75.9
1993,6,16.1,Hameln,Niedersachsen                           ,65.8
2000,6,17.8,Hanau,Hessen                                  ,60.6
2005,6,15.6,Hankensbüttel,Niedersachsen                           ,64.0
2014,6,16.0,Hannover,Niedersachsen                           ,59.2
2023,6,16.0,Harburg,Bayern                                  ,81.0
2039,6,15.5,"Harzburg, Bad",Niedersachsen                           ,73.7
2044,6,14.2,Harzgerode,Sachsen-Anhalt                          ,54.0
2048,6,15.5,Haseldorf,Schleswig-Holstein                      ,74.5
2053,6,14.0,Hasselfelde,Sachsen-Anhalt                          ,62.5
2069,6,13.4,Hausstein,Bayern                                  ,133.3
2074,6,15.8,Hechingen,Baden-Württemberg                       ,95.9
2078,6,14.9,Weddingstedt,Schleswig-Holstein                      ,82.0
2080,6,18.4,Heidelberg,Baden-Württemberg                       ,69.5
2081,6,15.4,Königstuhl,Baden-Württemberg                       ,94.2
2083,6,18.2,Heidelberg-Grenzhof,Baden-Württemberg                       ,66.9
2092,6,14.5,Heidenrod-Mappershain,Hessen                                  ,79.1
2095,6,17.8,Heilbronn,Baden-Württemberg                       ,70.2
2110,6,16.5,Heinsberg-Schleiden,Nordrhein-Westfalen                     ,71.6
2120,6,16.1,Helmstedt,Niedersachsen                           ,66.7
2122,6,14.9,"Helse, Kr. Dithmarschen",Schleswig-Holstein                      ,86.3
2147,6,16.6,Herford,Nordrhein-Westfalen                     ,81.1
2151,6,15.9,Herleshausen,Hessen                                  ,63.5
2159,6,16.0,Herrenberg,Baden-Württemberg                       ,78.0
2160,6,15.4,Herrenhof,Thüringen                               ,57.4
2166,6,15.6,Herrnhut,Sachsen                                 ,65.1
2167,6,15.3,Niederwörresbach,Rheinland-Pfalz                         ,56.2
2171,6,15.6,"Hersfeld, Bad",Hessen                                  ,61.2
2173,6,16.7,Herten,Nordrhein-Westfalen                     ,82.9
2174,6,15.4,Herzberg,Niedersachsen                           ,83.0
2201,6,14.9,Hiddensee-Vitte,Mecklenburg-Vorpommern                  ,54.0
2206,6,16.1,Hildesheim,Niedersachsen                           ,69.6
2211,6,15.6,Hilgenroth,Rheinland-Pfalz                         ,84.9
2223,6,15.8,Hindfeld,Thüringen                               ,57.5
2225,6,15.1,Hinterhermsdorf,Sachsen                                 ,79.0
2226,6,13.9,Eisfeld-Waffenrod-Hinterrod,Thüringen                               ,77.3
2250,6,15.3,Höllenstein (Kraftwerk),Bayern                                  ,95.5
2252,6,15.9,Bertsdorf-Hörnitz,Sachsen                                 ,65.0
2260,6,15.1,Hof (Stadt),Bayern                                  ,71.5
2261,6,14.6,Hof,Bayern                                  ,72.6
2264,6,15.0,Hofgeismar-Beberbeck,Hessen                                  ,76.5
2268,6,16.4,Hofheim,Bayern                                  ,67.9
2289,6,16.6,Hohennauen,Brandenburg                             ,
2290,6,13.6,Hohenpeißenberg,Bayern                                  ,151.6
2302,6,15.7,Hohlstedt-Kötschau,Thüringen                               ,58.5
2303,6,14.6,Hohn,Schleswig-Holstein                      ,77.0
2306,6,15.0,Hohwacht,Schleswig-Holstein                      ,65.5
2315,6,17.0,Holzdorf (Flugplatz),Brandenburg                             ,
2318,6,15.2,Holzhausen a.d. Haide,Rheinland-Pfalz                         ,72.3
2319,6,15.3,Holzkirchen,Bayern                                  ,156.6
2323,6,16.0,"Bevern, Kr. Holzminden",Niedersachsen                           ,69.0
2324,6,13.7,Holzminden-Silberborn,Niedersachsen                           ,91.2
2327,6,15.8,Homberg/Ohm,Hessen                                  ,72.5
2331,6,16.5,Homburg/Saar,Saarland                                ,66.6
2338,6,16.0,Hopsten (Flugplatz),Nordrhein-Westfalen                     ,
2344,6,14.3,Horlachen,Bayern                                  ,87.0
2354,6,16.7,Hoyerswerda Kr. Bautzen,Sachsen                                 ,63.1
2360,6,16.3,Hüll,Bayern                                  ,97.5
2362,6,15.4,Hümmerich,Rheinland-Pfalz                         ,86.0
2374,6,14.6,Husum,Schleswig-Holstein                      ,72.2
2385,6,15.4,Idar-Oberstein,Rheinland-Pfalz                         ,
2388,6,18.1,Ihringen,Baden-Württemberg                       ,74.0
2396,6,14.7,Ilsenburg,Sachsen-Anhalt                          ,
2406,6,17.1,Ingelfingen,Baden-Württemberg                       ,72.5
2410,6,16.7,Ingolstadt (Flugplatz),Bayern                                  ,
2417,6,15.5,Mittbach,Bayern                                  ,130.4
2422,6,15.3,Iserlohn-Westig,Nordrhein-Westfalen                     ,96.7
2429,6,15.1,Itzehoe,Schleswig-Holstein                      ,83.0
2437,6,14.8,Schleswig-Jagel,Schleswig-Holstein                      ,77.0
2444,6,17.0,Jena (Sternwarte),Thüringen                               ,59.7
2451,6,17.2,Jessen/Elster,Sachsen-Anhalt                          ,53.3
2464,6,15.6,Jork,Niedersachsen                           ,71.1
2474,6,16.1,Jülich (Forsch.-Anlage),Nordrhein-Westfalen                     ,77.4
2475,6,16.8,Jüterbog,Brandenburg                             ,49.0
2477,6,13.7,Jungholz (Kühmoos),Baden-Württemberg                       ,123.0
2480,6,17.7,Kahl/Main,Bayern                                  ,67.3
2483,6,11.5,Kahler Asten,Nordrhein-Westfalen                     ,103.5
2485,6,15.8,Kaisersbach-Cronhütte,Baden-Württemberg                       ,95.0
2486,6,16.7,Kaiserslautern,Rheinland-Pfalz                         ,64.0
2488,6,15.8,Kaisheim-Neuhof,Bayern                                  ,85.1
2494,6,16.4,Kalkar,Nordrhein-Westfalen                     ,
2497,6,14.0,Kall-Sistig,Nordrhein-Westfalen                     ,68.4
2502,6,14.4,"Heiligenstadt, Heilbad-Kalteneber",Thüringen                               ,75.2
2503,6,14.4,Kaltennordheim,Thüringen                               ,75.5
2506,6,16.2,Kamenz,Sachsen                                 ,60.1
2521,6,16.7,Karlshuld,Bayern                                  ,79.9
2522,6,18.3,Karlsruhe,Baden-Württemberg                       ,78.6
2532,6,15.9,Kassel,Hessen                                  ,73.0
2533,6,15.9,Kassel-Harleshausen,Hessen                                  ,73.4
2542,6,14.7,Kaufbeuren,Bayern                                  ,133.2
2543,6,16.1,Kaufering,Bayern                                  ,113.3
2546,6,18.5,Kehl-Odelshofen,Baden-Württemberg                       ,85.0
2559,6,15.1,Kempten,Bayern                                  ,148.3
2564,6,14.8,Kiel-Holtenau,Schleswig-Holstein                      ,71.0
2565,6,14.9,Kiel-Kronshagen,Schleswig-Holstein                      ,72.9
2575,6,16.0,Kirchberg/Jagst-Herboldshausen,Baden-Württemberg                       ,75.3
2578,6,15.4,Kirchdorf/Poel,Mecklenburg-Vorpommern                  ,64.0
2597,6,16.2,"Kissingen, Bad",Bayern                                  ,61.0
2600,6,17.5,Kitzingen,Bayern                                  ,61.9
2601,6,12.6,Kleiner Feldberg/Taunus,Hessen                                  ,90.0
2609,6,15.1,Klein Rönnau,Schleswig-Holstein                      ,75.1
2618,6,12.8,Kleiner Inselsberg,Thüringen                               ,94.6
2621,6,17.1,Kleinmachnow,Brandenburg                             ,59.4
2627,6,16.5,Schipkau-Klettwitz,Brandenburg                             ,56.0
2629,6,16.0,Kleve,Nordrhein-Westfalen                     ,72.4
2638,6,13.4,Klippeneck,Baden-Württemberg                       ,104.0
2641,6,16.8,Klitzschen bei Torgau,Sachsen                                 ,52.0
2654,6,17.3,Knittlingen,Baden-Württemberg                       ,71.9
2657,6,17.7,Koblenz-Horchheim,Rheinland-Pfalz                         ,72.7
2665,6,17.5,Köln-Botanischer Garten,Nordrhein-Westfalen                     ,78.5
2667,6,16.6,Köln/Bonn,Nordrhein-Westfalen                     ,90.7
2680,6,15.8,"Königshofen, Bad",Bayern                                  ,58.5
2689,6,15.5,Königsmoor,Niedersachsen                           ,74.5
2691,6,16.7,Königsmoos-Untermaxfeld,Bayern                                  ,77.9
2700,6,16.3,Kösching,Bayern                                  ,79.1
2701,6,16.4,"Kösen, Bad",Sachsen-Anhalt                          ,56.9
2703,6,14.0,Köterberg,Nordrhein-Westfalen                     ,
2704,6,16.7,Köthen (Anhalt),Sachsen-Anhalt                          ,53.8
2708,6,14.6,"Kohlgrub, Bad (Rosshof)",Bayern                                  ,170.0
2712,6,17.4,Konstanz,Baden-Württemberg                       ,98.3
2717,6,14.4,Korbach-Lengefeld,Hessen                                  ,68.9
2750,6,15.9,Kronach,Bayern                                  ,76.8
2761,6,15.6,Krumbach-Edenhausen,Bayern                                  ,113.2
2770,6,15.1,Kükels,Schleswig-Holstein                      ,77.2
2773,6,16.1,Kümmersbruck,Bayern                                  ,
2775,6,17.0,Künzelsau,Baden-Württemberg                       ,72.8
2780,6,15.9,Kulmbach,Bayern                                  ,
2783,6,16.6,Kumhausen,Bayern                                  ,95.8
2790,6,15.9,Kusel-Fünfbirken,Rheinland-Pfalz                         ,67.5
2794,6,16.3,Kyritz,Brandenburg                             ,62.0
2796,6,15.1,Laage (Flugplatz),Mecklenburg-Vorpommern                  ,
2812,6,17.8,Lahr,Baden-Württemberg                       ,78.5
2814,6,14.3,Merklingen,Baden-Württemberg                       ,102.1
2821,6,15.5,Lamspringe,Niedersachsen                           ,68.3
2829,6,15.7,Landsberg (Flugplatz),Bayern                                  ,
2830,6,15.7,Landsberg/Lech,Bayern                                  ,125.2
2831,6,17.0,Landshut,Bayern                                  ,88.0
2843,6,17.7,,,
2856,6,16.7,Langenlipsdorf,Brandenburg                             ,52.0
2857,6,16.2,"Langensalza, Bad",Thüringen                               ,55.1
2861,6,14.8,Langeoog,Niedersachsen                           ,63.9
2872,6,15.5,Lathen,Niedersachsen                           ,80.1
2878,6,16.9,"Lauchstädt, Bad",Sachsen-Anhalt                          ,53.6
2879,6,17.0,Lauda-Königshofen-Gerlachsheim,Baden-Württemberg                       ,68.1
2886,6,15.9,Laupheim,Baden-Württemberg                       ,
2905,6,16.0,Lechfeld,Bayern                                  ,
2906,6,14.3,Leck (A),Schleswig-Holstein                      ,77.0
2907,6,14.1,Leck,Schleswig-Holstein                      ,72.0
2912,6,14.5,Lehbek,Schleswig-Holstein                      ,69.5
2915,6,13.6,Lehesten/Thüringer Wald,Thüringen                               ,80.9
2920,6,16.4,Leiblfing,Bayern                                  ,84.2
2923,6,15.3,Leinau,Bayern                                  ,130.8
2925,6,14.8,Leinefelde,Thüringen                               ,67.4
2928,6,16.9,Leipzig-Holzhausen,Sachsen                                 ,60.2
2931,6,16.8,Leipzig-Mockau,Sachsen                                 ,56.7
2932,6,16.6,Leipzig/Halle,Sachsen                                 ,54.8
2947,6,15.3,Lennestadt-Theten,Nordrhein-Westfalen                     ,80.2
2949,6,14.5,Lenningen-Schopfloch,Baden-Württemberg                       ,114.8
2950,6,15.1,Lensahn,Schleswig-Holstein                      ,63.7
2951,6,16.2,Lenzen/Elbe,Brandenburg                             ,61.5
2953,6,13.5,Lenzkirch-Ruhbühl,Baden-Württemberg                       ,105.2
2963,6,16.8,Leunawerke,Sachsen-Anhalt                          ,54.3
2968,6,17.7,Köln-Stammheim,Nordrhein-Westfalen                     ,79.9
2985,6,15.7,Lichtenhain-Mittelndorf,Sachsen                                 ,80.0
2996,6,15.1,"Liebenzell, Bad",Baden-Württemberg                       ,77.5
3001,6,17.1,Liliental,Baden-Württemberg                       ,86.3
3004,6,16.7,Limburg/Lahn-Offheim,Hessen                                  ,63.4
3007,6,18.2,Limburgerhof,Rheinland-Pfalz                         ,60.5
3015,6,16.7,Lindenberg,Brandenburg                             ,58.1
3016,6,14.8,Lindenberg/Allgäu,Bayern                                  ,192.0
3017,6,16.8,Lindenfels,Hessen                                  ,85.8
3018,6,15.2,Lindenfels-Winterkasten,Hessen                                  ,86.9
3023,6,16.1,Lingen,Niedersachsen                           ,71.4
3028,6,15.7,"Lippspringe, Bad",Nordrhein-Westfalen                     ,80.8
3031,6,16.1,Lippstadt-Bökenförde,Nordrhein-Westfalen                     ,78.3
3034,6,14.7,"Lobenstein, Bad",Thüringen                               ,72.9
3042,6,15.8,Löhnberg-Obershausen,Hessen                                  ,68.0
3044,6,15.8,Löningen,Niedersachsen                           ,70.0
3045,6,15.7,Löningen-Hagel,Niedersachsen                           ,69.6
3062,6,17.4,Lorch/Rhein,Hessen                                  ,54.5
3076,6,18.2,Ludwigshafen-Mundenheim,Rheinland-Pfalz                         ,59.3
3082,6,16.9,Lübben,Brandenburg                             ,53.2
3083,6,16.9,Lübben-Blumenfelde,Brandenburg                             ,53.0
3085,6,15.3,Lübeck,Schleswig-Holstein                      ,67.9
3086,6,15.2,Lübeck-Blankensee,Schleswig-Holstein                      ,70.0
3088,6,15.4,Lübeck-Werft,Schleswig-Holstein                      ,66.4
3096,6,14.5,Lüdenscheid (Zeppelin-Gymnasium),Nordrhein-Westfalen                     ,91.6
3098,6,14.6,Lüdenscheid,Nordrhein-Westfalen                     ,91.0
3101,6,16.3,Lüdinghausen,Nordrhein-Westfalen                     ,76.3
3103,6,16.0,Lüneburg,Niedersachsen                           ,64.2
3113,6,14.5,Luisenthal/Ohra,Thüringen                               ,74.1
3126,6,16.8,Magdeburg,Sachsen-Anhalt                          ,59.3
3135,6,15.6,Mainhardt-Ziegelbronn,Baden-Württemberg                       ,90.0
3137,6,17.6,Mainz-Lerchenberg (ZDF),Rheinland-Pfalz                         ,58.2
3139,6,16.1,Maisach-Gernlinden,Bayern                                  ,103.8
3147,6,16.6,Mallersdorf-Pfaffenberg-Oberlindhart,Bayern                                  ,75.4
3155,6,14.7,Manderscheid-Sonnenhof,Rheinland-Pfalz                         ,69.2
3158,6,16.6,Manschnow,Brandenburg                             ,51.0
3160,6,15.5,Vatterode-Gräfenstuhl,Sachsen-Anhalt                          ,58.0
3164,6,16.3,"Cölbe, Kr. Marburg-Biedenkopf",Hessen                                  ,62.0
3166,6,13.6,Marienberg,Sachsen                                 ,89.0
3196,6,15.6,Marnitz,Mecklenburg-Vorpommern                  ,64.2
3204,6,15.1,Martinroda,Thüringen                               ,62.2
3211,6,13.2,Mauth-Finsterau,Bayern                                  ,109.7
3212,6,16.4,Mayen,Rheinland-Pfalz                         ,53.7
3222,6,16.1,Meerbeck,Niedersachsen                           ,72.5
3223,6,17.3,Meersburg,Baden-Württemberg                       ,104.5
3226,6,16.4,Aschersleben-Mehringen,Sachsen-Anhalt                          ,60.4
3228,6,14.1,Meinerzhagen (A),Nordrhein-Westfalen                     ,107.1
3231,6,15.0,Meiningen,Thüringen                               ,62.6
3234,6,16.7,Klipphausen-Garsebach,Sachsen                                 ,59.0
3236,6,15.9,Melle,Niedersachsen                           ,69.0
3244,6,15.5,Memmingen,Bayern                                  ,123.9
3245,6,15.6,Memmingen (Flugplatz),Bayern                                  ,
3246,6,16.8,Mendig,Rheinland-Pfalz                         ,
3254,6,15.8,Meppen,Niedersachsen                           ,
3257,6,16.6,"Mergentheim, Bad-Neunkirchen",Baden-Württemberg                       ,69.2
3265,6,15.3,Mespelbrunn,Bayern                                  ,79.8
3268,6,13.3,Meßstetten-Appental,Baden-Württemberg                       ,109.3
3271,6,16.3,Metten,Bayern                                  ,88.8
3278,6,16.7,Metzingen,Baden-Württemberg                       ,98.4
3284,6,16.7,Michelstadt,Hessen                                  ,67.8
3287,6,15.4,Michelstadt-Vielbrunn,Hessen                                  ,81.0
3289,6,15.1,Schmieritz-Weltwitz,Thüringen                               ,76.5
3291,6,17.0,Miltenberg,Bayern                                  ,57.5
3300,6,16.9,Mittel-Gründau,Hessen                                  ,71.3
3307,6,13.6,Mittenwald-Buckelwiesen,Bayern                                  ,181.0
3313,6,15.7,Modautal-Neunkirchen,Hessen                                  ,87.6
3317,6,15.3,Mölln,Schleswig-Holstein                      ,67.3
3319,6,16.6,Röllbach,Bayern                                  ,65.8
3320,6,16.6,Mönchengladbach,Nordrhein-Westfalen                     ,69.3
3340,6,16.0,Montabaur,Rheinland-Pfalz                         ,78.0
3348,6,15.1,Moringen-Lutterbeck,Niedersachsen                           ,70.0
3362,6,17.0,Mühlacker,Baden-Württemberg                       ,73.0
3366,6,16.5,Mühldorf,Bayern                                  ,99.9
3370,6,15.1,Mühlhausen,Thüringen                               ,62.2
3376,6,16.4,Müncheberg,Brandenburg                             ,59.3
3382,6,16.8,München-Bogenhausen,Bayern                                  ,116.2
3383,6,16.7,München-Botanischer Garten,Bayern                                  ,117.1
3385,6,16.5,München-Nymphenburg,Bayern                                  ,117.1
3388,6,16.3,München-Perlach,Bayern                                  ,122.2
3390,6,16.3,München-Riem,Bayern                                  ,119.5
3402,6,14.3,Münsingen-Apfelstetten,Baden-Württemberg                       ,103.6
3404,6,16.2,Münster,Nordrhein-Westfalen                     ,66.2
3425,6,16.0,Murrhardt,Baden-Württemberg                       ,102.0
3426,6,16.7,"Muskau, Bad",Sachsen                                 ,56.6
3432,6,15.7,Nagold,Baden-Württemberg                       ,77.0
3442,6,17.2,"Nauheim, Bad",Hessen                                  ,64.0
3484,6,16.6,Neuburg/Donau (Flugplatz),Bayern                                  ,
3485,6,15.9,Neuburg/Kammel-Langenhaslach,Bayern                                  ,99.0
3486,6,17.5,Neudenau,Baden-Württemberg                       ,68.6
3490,6,16.7,"Neuenahr, Bad-Ahrweiler",Rheinland-Pfalz                         ,63.8
3509,6,15.8,Menz,Brandenburg                             ,66.3
3513,6,12.6,Neuhaus am Rennweg,Thüringen                               ,91.0
3518,6,14.3,Neuhausen ob Eck,Baden-Württemberg                       ,100.9
3519,6,14.9,Neuhausen ob Eck-Unterschwandorf,Baden-Württemberg                       ,99.0
3527,6,14.3,Neukirchen-Hauptschwenda,Hessen                                  ,71.0
3537,6,15.4,Neumünster,Schleswig-Holstein                      ,81.4
3540,6,15.9,Neunkirchen-Seelscheid-Krawinkel,Nordrhein-Westfalen                     ,92.0
3541,6,16.0,Neunkirchen-Seelscheid-Meisenbach,Nordrhein-Westfalen                     ,95.0
3545,6,16.8,Neunkirchen-Wellesweiler,Saarland                                ,63.0
3552,6,16.3,Neuruppin,Brandenburg                             ,58.5
3565,6,16.6,Neustadt/Aisch,Bayern                                  ,69.1
3571,6,15.5,Neustadt am Kulm-Filchendorf,Bayern                                  ,77.4
3575,6,18.1,Neustadt/Weinstraße,Rheinland-Pfalz                         ,55.4
3576,6,18.2,Neustadt/Weinstraße (Heidehof),Rheinland-Pfalz                         ,56.2
3577,6,15.7,Neustrelitz,Mecklenburg-Vorpommern                  ,69.0
3591,6,15.1,Nideggen-Schmidt,Nordrhein-Westfalen                     ,77.0
3595,6,16.0,Niederelbert,Rheinland-Pfalz                         ,82.6
3603,6,15.8,Niederstetten,Baden-Württemberg                       ,
3605,6,16.2,Niederstotzingen,Baden-Württemberg                       ,76.5
3612,6,16.0,Nienburg,Niedersachsen                           ,66.7
3621,6,16.2,Reimlingen,Bayern                                  ,79.8
3623,6,16.7,Nörvenich (Flugplatz),Nordrhein-Westfalen                     ,
3639,6,15.0,Nordholz (Flugplatz),Niedersachsen                           ,
3640,6,16.0,Nordhorn-Blanke,Niedersachsen                           ,77.7
3659,6,13.7,Nürburg,Rheinland-Pfalz                         ,72.7
3660,6,14.5,Nürburg-Barweiler,Rheinland-Pfalz                         ,66.0
3666,6,16.8,Nürnberg-Buchenbuehl,Bayern                                  ,78.1
3667,6,15.7,Nürnberg-Netzstall,Bayern                                  ,75.4
3668,6,16.9,Nürnberg,Bayern                                  ,66.1
3671,6,17.0,Nürtingen,Baden-Württemberg                       ,85.7
3672,6,15.9,Nufringen,Baden-Württemberg                       ,76.8
3679,6,15.9,Kiefersfelden-Gach,Bayern                                  ,153.0
3694,6,12.1,Oberhof,Thüringen                               ,91.0
3702,6,14.3,Münstertal-Obermünstertal,Baden-Württemberg                       ,116.0
3705,6,15.6,Oberndorf/Neckar-Aistaig,Baden-Württemberg                       ,77.0
3722,6,16.3,Oberschleißheim,Bayern                                  ,104.0
3730,6,14.0,Oberstdorf,Bayern                                  ,191.1
3734,6,17.3,Obersulm-Willsbach,Baden-Württemberg                       ,82.6
3735,6,16.4,Obertaufkirchen,Bayern                                  ,105.6
3739,6,15.0,Oberviechtach,Bayern                                  ,82.1
3744,6,15.1,Oberweser-Gieselwerder,Hessen                                  ,83.6
3751,6,15.3,Ochsenhausen-Mittelbuch,Baden-Württemberg                       ,116.3
3752,6,12.7,Ochsenkopf,Bayern                                  ,105.3
3753,6,16.1,Ochtrup,Nordrhein-Westfalen                     ,71.8
3761,6,17.2,Öhringen,Baden-Württemberg                       ,75.2
3776,6,18.1,Offenbach/M. (Stadt),Hessen                                  ,60.6
3777,6,18.1,Offenburg,Baden-Württemberg                       ,92.0
3788,6,15.6,Olbersdorf,Sachsen                                 ,72.4
3790,6,15.6,Oldenburg (A),Niedersachsen                           ,76.9
3791,6,15.5,Oldenburg,Niedersachsen                           ,79.0
3811,6,16.6,Oschatz,Sachsen                                 ,50.1
3815,6,15.8,Osnabrück,Niedersachsen                           ,68.0
3818,6,16.1,Osterburg,Sachsen-Anhalt                          ,
3821,6,16.0,Osterfeld,Sachsen-Anhalt                          ,61.0
3825,6,16.2,Osterhof,Saarland                                ,68.4
3836,6,15.7,Ostheim v.d. Rhön,Bayern                                  ,52.0
3856,6,13.2,Oy-Mittelberg,Bayern                                  ,189.8
3857,6,14.1,Oy-Mittelberg-Petersthal,Bayern                                  ,184.0
3867,6,15.4,Papenburg,Niedersachsen                           ,78.0
3875,6,15.5,Parsberg/Oberpfalz-Eglwang,Bayern                                  ,83.1
3878,6,17.0,Passau-Maierhof,Bayern                                  ,85.8
3879,6,16.9,Passau-Oberhaus,Bayern                                  ,93.2
3883,6,14.9,Pausa-Unterreichenau,Sachsen                                 ,70.1
3897,6,15.2,Pelzerhaken,Schleswig-Holstein                      ,66.0
3903,6,17.0,Perl-Besch,Saarland                                ,68.5
3904,6,17.0,Perl-Nennig,Saarland                                ,71.0
3915,6,16.4,Petkus,Brandenburg                             ,56.9
3922,6,15.8,Pfofeld-Langlau,Bayern                                  ,79.5
3925,6,16.4,Pforzheim-Ispringen,Baden-Württemberg                       ,78.0
3927,6,14.5,Pfullendorf,Baden-Württemberg                       ,101.2
3929,6,18.4,Philippsburg,Baden-Württemberg                       ,67.0
3939,6,15.2,Pirmasens,Rheinland-Pfalz                         ,79.4
3946,6,15.2,Plauen,Sachsen                                 ,69.0
3955,6,15.0,Plön (See),Schleswig-Holstein                      ,69.8
3974,6,15.9,Pommelsbrunn,Bayern                                  ,93.3
3975,6,15.1,Pommelsbrunn-Mittelburg,Bayern                                  ,97.0
3987,6,16.6,Potsdam,Brandenburg                             ,60.7
3988,6,16.8,Potsdam (Säkularstation),Brandenburg                             ,60.6
4005,6,16.0,Prien-Stock,Bayern                                  ,159.8
4018,6,15.8,Puch,Bayern                                  ,108.3
4024,6,14.8,Putbus,Mecklenburg-Vorpommern                  ,69.0
4029,6,15.8,Quakenbrück,Niedersachsen                           ,
4032,6,16.3,Quedlinburg,Sachsen-Anhalt                          ,58.0
4036,6,16.0,Querfurt-Mühle Lodersleben,Sachsen-Anhalt                          ,51.6
4038,6,15.0,Quickborn (Kurzer Kamp),Schleswig-Holstein                      ,86.0
4039,6,15.1,Quickborn,Schleswig-Holstein                      ,83.0
4053,6,17.1,Radolfzell-Markelfingen,Baden-Württemberg                       ,91.0
4063,6,15.8,Rahden-Kleinendorf,Nordrhein-Westfalen                     ,67.8
4066,6,15.8,Raisting,Bayern                                  ,123.2
4077,6,18.0,Rastatt,Baden-Württemberg                       ,84.1
4079,6,16.1,Rastenberg,Thüringen                               ,
4091,6,10.4,Rauschberg bei Ruhpolding,Bayern                                  ,185.2
4094,6,16.8,"Weingarten, Kr. Ravensburg",Baden-Württemberg                       ,102.0
4100,6,16.4,Recklinghausen,Nordrhein-Westfalen                     ,79.8
4104,6,17.0,Regensburg,Bayern                                  ,73.8
4127,6,15.2,Reichshof-Eckenhagen,Nordrhein-Westfalen                     ,95.0
4149,6,13.0,Marienberg-Reitzenhain,Sachsen                                 ,95.0
4152,6,14.6,Remetschwiel,Baden-Württemberg                       ,104.9
4154,6,14.9,Remscheid-Lennep,Nordrhein-Westfalen                     ,109.0
4156,6,15.0,Rendsburg,Schleswig-Holstein                      ,77.1
4160,6,15.8,Renningen-Ihinger Hof,Baden-Württemberg                       ,71.5
4166,6,16.9,Reutlingen-Betzingen,Baden-Württemberg                       ,87.8
4169,6,17.7,Rheinau-Memprechtshofen,Baden-Württemberg                       ,93.0
4174,6,16.1,Rheine-Bentlage,Nordrhein-Westfalen                     ,
4175,6,17.9,Rheinfelden,Baden-Württemberg                       ,97.1
4177,6,18.1,Rheinstetten,Baden-Württemberg                       ,83.0
4189,6,15.6,"Altheim, Kreis Biberach",Baden-Württemberg                       ,94.8
4222,6,15.1,Rodewisch,Sachsen                                 ,83.6
4233,6,14.8,Röhrigshof bei Schlüchtern,Hessen                                  ,73.3
4240,6,14.3,Roetgen,Nordrhein-Westfalen                     ,95.3
4261,6,16.6,Rosenheim,Bayern                                  ,139.5
4271,6,15.5,Rostock-Warnemünde,Mecklenburg-Vorpommern                  ,70.2
4275,6,15.6,Rotenburg (Wümme),Niedersachsen                           ,68.1
4278,6,17.1,Roth bei Nürnberg,Bayern                                  ,80.5
4280,6,16.7,Roth,Bayern                                  ,75.7
4287,6,16.0,Rothenburg ob der Tauber,Bayern                                  ,64.6
4288,6,15.9,"Rothenfelde, Bad",Niedersachsen                           ,77.8
4294,6,16.6,Rottenburg-Kiebingen,Baden-Württemberg                       ,79.5
4300,6,15.1,Rottweil,Baden-Württemberg                       ,81.0
4301,6,17.9,"Kreuznach, Bad",Rheinland-Pfalz                         ,48.1
4318,6,13.7,Ruhpolding,Bayern                                  ,207.0
4320,6,15.0,Ruhwinkel,Schleswig-Holstein                      ,73.9
4323,6,15.7,Ruppertsecken,Rheinland-Pfalz                         ,57.7
4327,6,13.7,Rusel-Irlmoos,Bayern                                  ,133.0
4330,6,16.2,Rutesheim,Baden-Württemberg                       ,73.6
4332,6,16.1,Saalfeld,Thüringen                               ,59.0
4336,6,16.2,Saarbrücken-Ensheim,Saarland                                ,67.3
4339,6,17.6,Saarbrücken-Sankt Johann,Saarland                                ,63.7
4347,6,14.9,"Sachsa, Bad",Niedersachsen                           ,78.7
4349,6,17.4,Sachsenheim,Baden-Württemberg                       ,78.0
4350,6,16.9,"Säckingen, Bad (Bergseestr.)",Baden-Württemberg                       ,107.9
4354,6,15.9,Saldenburg-Entschenreuth,Bayern                                  ,97.7
4364,6,16.2,Salzgitter-Ringelheim,Niedersachsen                           ,65.0
4367,6,15.3,Salzhemmendorf-Lauenstein,Niedersachsen                           ,72.0
4371,6,15.7,"Salzuflen, Bad",Nordrhein-Westfalen                     ,75.3
4373,6,15.9,Salzwedel,Sachsen-Anhalt                          ,57.1
4377,6,14.9,Sandberg,Bayern                                  ,66.6
4386,6,14.3,Sankt Blasien,Baden-Württemberg                       ,121.1
4391,6,14.9,Sankt Michaelisdonn,Schleswig-Holstein                      ,82.2
4396,6,15.9,Sankt Wendel-Hof,Saarland                                ,70.6
4397,6,15.7,Sankt Wendel-Urweiler,Saarland                                ,64.9
4401,6,16.2,"Sassendorf, Bad-Ostinghausen",Nordrhein-Westfalen                     ,82.5
4411,6,17.1,Schaafheim-Schlierbach,Hessen                                  ,60.3
4419,6,18.5,Schallstadt-Mengen,Baden-Württemberg                       ,81.0
4425,6,15.3,Schaumberg-Tholey,Saarland                                ,78.2
4433,6,15.9,Schemmerhofen-Ingerkingen,Baden-Württemberg                       ,97.6
4436,6,15.4,Schenklengsfeld,Hessen                                  ,60.5
4438,6,16.4,Scheßlitz,Bayern                                  ,71.1
4442,6,15.7,Schieder,Nordrhein-Westfalen                     ,76.6
4445,6,12.2,Wernigerode-Schierke,Sachsen-Anhalt                          ,92.6
4464,6,14.7,Schleiz,Thüringen                               ,73.0
4466,6,14.6,Schleswig,Schleswig-Holstein                      ,75.9
4468,6,14.7,Schleswig-Stadtfeld,Schleswig-Holstein                      ,76.8
4474,6,16.9,Schlossböckelheim,Rheinland-Pfalz                         ,53.8
4479,6,15.2,Schlüchtern-Kloster Gomfritz,Hessen                                  ,70.9
4480,6,16.1,Schlüchtern-Herolz,Hessen                                  ,69.0
4484,6,15.1,Schmalenbeck,Schleswig-Holstein                      ,75.1
4485,6,15.7,"Schmalkalden, Kurort",Thüringen                               ,68.2
4489,6,15.5,Schmatzfeld,Sachsen-Anhalt                          ,61.1
4490,6,16.5,Schmelz-Hüttersdorf,Saarland                                ,77.2
4501,6,11.6,Schmücke,Thüringen                               ,97.0
4505,6,13.5,Schnarrtanne-Vogelsgrün,Sachsen                                 ,95.1
4508,6,13.1,Schneifelforsthaus,Rheinland-Pfalz                         ,90.1
4548,6,14.0,Schönwald/Ofr.-Brunn,Bayern                                  ,73.7
4549,6,12.6,Schönwald/Schwarzwald,Baden-Württemberg                       ,138.6
4557,6,16.6,Schopfheim-Eichen,Baden-Württemberg                       ,115.3
4559,6,16.0,Schorndorf-Knöbling,Bayern                                  ,80.0
4560,6,15.7,Schotten,Hessen                                  ,77.7
4571,6,13.7,Schulenberg,Niedersachsen                           ,100.4
4576,6,16.6,Schwabach (A),Bayern                                  ,70.7
4581,6,16.5,Schwäbisch Gmünd-Strassdorf,Baden-Württemberg                       ,94.0
4582,6,16.4,Schwäbisch Hall-Bibersfeld,Baden-Württemberg                       ,84.0
4584,6,16.4,Schwaigermoos,Bayern                                  ,106.0
4586,6,15.6,"Schwalbach, Bad",Hessen                                  ,72.1
4592,6,16.6,Schwandorf,Bayern                                  ,74.2
4593,6,16.2,Schwanebeck,Sachsen-Anhalt                          ,59.2
4597,6,14.7,Schwangau-Horn,Bayern                                  ,170.1
4605,6,15.5,Schwarzburg,Thüringen                               ,58.2
4606,6,16.8,Schwarze Pumpe,Brandenburg                             ,61.9
4612,6,14.9,Schwarzenberg,Sachsen                                 ,92.8
4621,6,16.8,Schweinfurt-Gartenstadt,Bayern                                  ,59.4
4625,6,15.5,Schwerin,Mecklenburg-Vorpommern                  ,61.1
4629,6,14.3,Schwesing,Schleswig-Holstein                      ,77.5
4642,6,16.3,Seehausen,Sachsen-Anhalt                          ,58.2
4649,6,15.9,Seelscheid,Nordrhein-Westfalen                     ,94.8
4651,6,15.3,Seesen,Niedersachsen                           ,79.1
4656,6,15.1,"Segeberg, Bad",Schleswig-Holstein                      ,71.3
4664,6,14.0,Selb/Oberfranken-Wildenau,Bayern                                  ,74.2
4692,6,16.1,Siegen (Kläranlage),Nordrhein-Westfalen                     ,88.1
4702,6,14.9,Sigmaringen (Flugplatz),Baden-Württemberg                       ,
4703,6,15.2,Sigmaringen-Laiz,Baden-Württemberg                       ,96.2
4704,6,16.5,Sigmarszell-Zeisertsweiler,Bayern                                  ,175.0
4705,6,13.8,Silberhütte,Bayern                                  ,97.9
4706,6,16.8,Simbach/Inn,Bayern                                  ,112.9
4709,6,15.0,Simmern-Wahlbach,Rheinland-Pfalz                         ,62.5
4719,6,17.6,Sinsheim,Baden-Württemberg                       ,68.9
4729,6,15.4,Steinau-Seidenroth,Hessen                                  ,74.3
4741,6,16.1,Solingen-Hohenscheid,Nordrhein-Westfalen                     ,95.3
4745,6,15.3,Soltau,Niedersachsen                           ,67.9
4748,6,16.2,Sondershausen,Thüringen                               ,54.6
4752,6,13.9,Sonneberg-Neufang,Thüringen                               ,86.0
4763,6,15.5,Sontra,Hessen                                  ,67.0
4765,6,15.9,"Sooden-Allendorf, Bad",Hessen                                  ,68.0
4775,6,15.9,Speinshart,Bayern                                  ,73.7
4782,6,16.7,Spören-Prussendorf,Sachsen-Anhalt                          ,51.7
4813,6,15.7,"Staffelstein, Bad-Stublang",Bayern                                  ,69.7
4818,6,14.2,Stammbach-Querenbach,Bayern                                  ,82.3
4837,6,17.2,Stegen,Baden-Württemberg                       ,105.5
4841,6,15.1,"Steinau, Kr. Cuxhaven",Niedersachsen                           ,83.5
4847,6,14.0,Steinberg,Niedersachsen                           ,88.7
4857,6,15.6,Mittelnkirchen-Hohenfelde,Niedersachsen                           ,72.0
4878,6,13.8,Oberharz am Brocken-Stiege,Sachsen-Anhalt                          ,73.8
4881,6,16.2,Stockach,Baden-Württemberg                       ,95.0
4896,6,14.2,Wagersrott,Schleswig-Holstein                      ,68.9
4911,6,16.5,Straubing,Bayern                                  ,83.0
4926,6,18.5,Stuttgart (Neckartal),Baden-Württemberg                       ,76.7
4927,6,17.7,Stuttgart-Stadt,Baden-Württemberg                       ,77.2
4928,6,17.3,Stuttgart (Schnarrenberg),Baden-Württemberg                       ,76.8
4931,6,16.5,Stuttgart-Echterdingen,Baden-Württemberg                       ,86.8
4933,6,16.8,Stuttgart-Hohenheim,Baden-Württemberg                       ,84.8
4939,6,15.9,"Suderode, Bad",Sachsen-Anhalt                          ,
4977,6,16.6,Tangermünde,Sachsen-Anhalt                          ,59.0
4978,6,15.1,Tann/Rhön,Hessen                                  ,66.9
4987,6,16.7,Tauberbischofsheim-Dittigheim,Baden-Württemberg                       ,60.9
4997,6,16.1,Starkenberg-Tegkwitz,Thüringen                               ,62.0
5009,6,15.2,Teterow,Mecklenburg-Vorpommern                  ,66.0
5014,6,15.3,Worpswede-Hüttenbusch,Niedersachsen                           ,75.3
5017,6,14.0,Teuschnitz,Bayern                                  ,88.4
5024,6,16.6,Möckern-Räckendorf,Sachsen-Anhalt                          ,57.0
5029,6,15.7,Tholey,Saarland                                ,75.6
5032,6,17.4,Thüngersheim,Bayern                                  ,62.0
5039,6,15.9,Tiefenort,Thüringen                               ,59.4
5046,6,15.2,Tirschenreuth-Lodermühl,Bayern                                  ,73.0
5047,6,13.5,Titisee-Neustadt-Langenordnach,Baden-Württemberg                       ,109.0
5059,6,13.4,Todtmoos,Baden-Württemberg                       ,146.1
5063,6,15.0,"Tölz, Bad",Bayern                                  ,168.5
5064,6,16.9,Tönisvorst,Nordrhein-Westfalen                     ,71.4
5067,6,13.5,Torfhaus im Solling,Niedersachsen                           ,90.9
5068,6,16.7,Torgau,Sachsen                                 ,50.2
5074,6,15.7,Traunstein-Sparz,Bayern                                  ,171.2
5075,6,15.6,Traunstein-Axdorf,Bayern                                  ,178.7
5078,6,15.2,Travemünde,Schleswig-Holstein                      ,64.5
5088,6,14.9,Trent,Mecklenburg-Vorpommern                  ,61.3
5097,6,15.0,Tribsees,Mecklenburg-Vorpommern                  ,71.2
5099,6,17.4,Trier-Zewen,Rheinland-Pfalz                         ,64.0
5100,6,16.6,Trier-Petrisberg,Rheinland-Pfalz                         ,70.8
5105,6,14.2,Trochtelfingen,Baden-Württemberg                       ,104.5
5107,6,13.9,Trochtelfingen-Wilsingen,Baden-Württemberg                       ,102.0
5109,6,15.3,Trollenhagen,Mecklenburg-Vorpommern                  ,68.7
5111,6,16.2,Trostberg,Bayern                                  ,128.4
5120,6,16.9,Tübingen,Baden-Württemberg                       ,
5127,6,14.6,Tuttlingen,Baden-Württemberg                       ,94.3
5128,6,15.0,Tuttlingen-Möhringen-Vorstadt,Baden-Württemberg                       ,96.6
5133,6,15.1,Twistetal-Mühlhausen,Hessen                                  ,61.8
5138,6,16.7,Überlingen/Bodensee,Baden-Württemberg                       ,96.2
5142,6,15.7,Ueckermünde,Mecklenburg-Vorpommern                  ,59.9
5146,6,15.7,Uelzen,Niedersachsen                           ,64.0
5149,6,16.2,Gollhofen,Bayern                                  ,71.0
5155,6,16.0,Ulm,Baden-Württemberg                       ,82.6
5158,6,15.9,Ummendorf,Sachsen-Anhalt                          ,63.0
5165,6,15.4,Unterlüß,Niedersachsen                           ,73.7
5185,6,17.0,Uttenreuth,Bayern                                  ,78.0
5229,6,15.1,Villingen-Schwenningen,Baden-Württemberg                       ,85.3
5236,6,15.5,Visbek,Niedersachsen                           ,78.0
5244,6,17.6,Völklingen-Stadt,Saarland                                ,56.0
5250,6,18.2,Vogtsburg-Oberrotweil,Baden-Württemberg                       ,
5252,6,15.6,Voldagsen,Niedersachsen                           ,68.9
5267,6,16.4,Wackersleben,Sachsen-Anhalt                          ,64.6
5275,6,18.4,Waghäusel-Kirrlach,Baden-Württemberg                       ,67.1
5277,6,15.2,Wahlen,Hessen                                  ,
5279,6,15.6,Wesertal-Lippoldsberg,Hessen                                  ,71.3
5280,6,15.1,Wittenborn,Schleswig-Holstein                      ,75.7
5282,6,16.7,Wahnsdorf bei Dresden,Sachsen                                 ,61.1
5284,6,17.5,Waiblingen,Baden-Württemberg                       ,87.6
5291,6,12.6,Waldau-Jostal,Baden-Württemberg                       ,127.5
5296,6,14.9,Waldeck,Hessen                                  ,62.8
5300,6,15.0,Waldems-Reinborn,Hessen                                  ,77.0
5306,6,13.0,Waldhäuser (National Park),Bayern                                  ,121.4
5317,6,14.7,Waldsassen,Bayern                                  ,64.7
5320,6,16.7,Waldshut,Baden-Württemberg                       ,103.3
5335,6,15.4,Waltershausen,Thüringen                               ,70.0
5344,6,14.6,Wangerooge,Niedersachsen                           ,75.2
5347,6,15.3,Warburg,Nordrhein-Westfalen                     ,68.0
5349,6,15.7,Waren (Müritz),Mecklenburg-Vorpommern                  ,68.0
5361,6,15.9,Wartenberg-Angersbach,Hessen                                  ,57.0
5369,6,16.4,Wasserburg,Bayern                                  ,127.4
5371,6,12.0,Wasserkuppe,Hessen                                  ,91.4
5377,6,8.3,Watzmannhaus,Bayern                                  ,273.4
5397,6,15.9,Weiden,Bayern                                  ,78.0
5398,6,15.9,"Weidenbach, Kr.Ansbach",Bayern                                  ,67.4
5403,6,16.2,Weigenheim-Reusch,Bayern                                  ,70.4
5404,6,15.4,Weihenstephan-Dürnast,Bayern                                  ,88.4
5410,6,16.5,Weilburg (Kläranlage),Hessen                                  ,63.4
5419,6,15.8,Weimar,Thüringen                               ,59.0
5424,6,15.5,Weimar-Schöndorf,Thüringen                               ,56.1
5426,6,15.4,Weinbiet,Rheinland-Pfalz                         ,58.0
5429,6,17.6,Weinsberg,Baden-Württemberg                       ,73.2
5431,6,16.0,Weisen bei Wittenberge,Sachsen-Anhalt                          ,62.3
5433,6,16.1,Weiskirchen/Saar,Saarland                                ,79.0
5434,6,15.8,Weismain,Bayern                                  ,73.1
5435,6,16.1,Weissach,Baden-Württemberg                       ,78.6
5440,6,16.1,Weißenburg-Emetzheim,Bayern                                  ,77.0
5442,6,16.9,Weißenfels,Sachsen-Anhalt                          ,50.6
5445,6,16.4,Weißensee-Ottenhausen,Thüringen                               ,53.8
5453,6,18.0,Weisweil-Waldeckhof,Baden-Württemberg                       ,77.0
5460,6,14.9,Wellendingen,Baden-Württemberg                       ,92.5
5463,6,16.7,Wellmitz,Brandenburg                             ,53.9
5467,6,7.9,Wendelstein,Bayern                                  ,174.5
5480,6,16.3,Werl,Nordrhein-Westfalen                     ,74.0
5488,6,16.5,"Mühlhausen, Kr. Schweinfurt",Bayern                                  ,60.1
5490,6,15.4,Wernigerode,Sachsen-Anhalt                          ,61.0
5498,6,16.8,Wertheim-Eichel,Baden-Württemberg                       ,70.1
5514,6,14.5,Westerland,Schleswig-Holstein                      ,53.8
5516,6,14.9,Fehmarn,Schleswig-Holstein                      ,55.0
5538,6,15.8,Wielenbach (Demollstr.),Bayern                                  ,132.0
5540,6,18.2,Wiesbaden (Süd),Hessen                                  ,61.0
5541,6,16.4,Wiesbaden-Auringen,Hessen                                  ,62.0
5543,6,16.6,Wiesbaden-Dotzheim,Hessen                                  ,63.2
5546,6,16.1,Wiesenburg,Brandenburg                             ,55.0
5559,6,14.9,"Wildbad, Bad-Calmbach",Baden-Württemberg                       ,89.0
5562,6,14.9,Neubulach-Oberhaugstett,Baden-Württemberg                       ,81.3
5568,6,15.1,"Wildungen, Bad",Hessen                                  ,61.6
5575,6,15.1,Wilhelmshaven,Niedersachsen                           ,80.8
5582,6,13.3,Willingen/Upland,Hessen                                  ,90.0
5609,6,17.1,"Winterbach, Rems-Murr-Kreis",Baden-Württemberg                       ,89.6
5610,6,12.7,Winterberg,Nordrhein-Westfalen                     ,98.0
5624,6,15.2,Wismar,Mecklenburg-Vorpommern                  ,64.0
5629,6,16.7,Wittenberg,Sachsen-Anhalt                          ,55.7
5640,6,15.0,Wittmundhafen,Niedersachsen                           ,
5642,6,15.8,Wittstock,Brandenburg                             ,
5643,6,15.9,Wittstock-Rote Mühle,Brandenburg                             ,57.9
5644,6,15.9,Witzenhausen,Hessen                                  ,74.8
5654,6,16.3,Wörnitz-Bottenweiler,Bayern                                  ,82.3
5663,6,15.1,Woldegk,Mecklenburg-Vorpommern                  ,67.1
5664,6,16.2,Wolfach,Baden-Württemberg                       ,109.8
5675,6,16.7,Wolfsburg,Niedersachsen                           ,56.8
5676,6,16.5,Wolfsburg (Südwest),Niedersachsen                           ,63.3
5681,6,16.8,Wolfstein/Pfalz,Rheinland-Pfalz                         ,60.4
5688,6,13.4,Dachsberg-Wolpadingen,Baden-Württemberg                       ,117.1
5692,6,17.9,Worms,Rheinland-Pfalz                         ,64.2
5703,6,17.3,Würzburg/Main,Bayern                                  ,63.9
5705,6,17.1,Würzburg,Bayern                                  ,57.7
5707,6,17.4,Würzburg (Physikalisches-Institut),Bayern                                  ,61.5
5715,6,16.1,Wunstorf,Niedersachsen                           ,59.9
5717,6,16.0,Wuppertal-Buchenhofen,Nordrhein-Westfalen                     ,100.4
5719,6,15.6,Remscheid,Nordrhein-Westfalen                     ,101.0
5728,6,16.5,Wustrau-Ziethenhorst,Brandenburg                             ,57.3
5731,6,17.0,Wutöschingen-Ofteringen,Baden-Württemberg                       ,88.0
5732,6,14.6,Wrixum/Föhr,Schleswig-Holstein                      ,61.8
5745,6,16.0,Zehdenick,Brandenburg                             ,60.1
5750,6,16.5,Zeitz,Sachsen-Anhalt                          ,64.9
5761,6,16.8,Zerbst,Sachsen-Anhalt                          ,56.0
5778,6,15.3,Zinnowitz,Mecklenburg-Vorpommern                  ,63.4
5779,6,12.1,Zinnwald-Georgenfeld,Sachsen                                 ,89.3
5792,6,0.6,Zugspitze,Bayern                                  ,185.5
5797,6,15.6,Lichtentanne,Sachsen                                 ,74.0
5800,6,14.5,Zwiesel,Bayern                                  ,104.0
5802,6,14.6,Zwieselberg,Bayern                                  ,99.3
5821,6,15.3,Bassum (A),Niedersachsen                           ,64.5
5822,6,15.3,Bassum,Niedersachsen                           ,67.0
5825,6,16.5,Berge,Brandenburg                             ,60.2
5832,6,15.8,Dannenberg,Niedersachsen                           ,62.1
5839,6,15.0,Emden,Niedersachsen                           ,72.0
5856,6,16.1,Fürstenzell,Bayern                                  ,98.0
5871,6,14.7,Hahn,Rheinland-Pfalz                         ,72.0
5885,6,17.2,Kirchheim/Teck-Ötlingen,Baden-Württemberg                       ,90.6
5890,6,14.1,"Kohlgrub, Bad (A)",Bayern                                  ,184.1
5898,6,17.4,Ludwigsburg,Baden-Württemberg                       ,
5904,6,16.4,Mainburg,Bayern                                  ,87.3
5906,6,18.2,Mannheim,Baden-Württemberg                       ,66.6
5912,6,15.6,Malsfeld,Hessen                                  ,75.9
5920,6,17.3,Neuwied,Rheinland-Pfalz                         ,62.4
5930,6,14.7,Schönhagen (Ostseebad),Schleswig-Holstein                      ,62.0
5941,6,14.6,Reit im Winkl,Bayern                                  ,188.3
5971,6,15.6,Welzheim (A),Baden-Württemberg                       ,101.4
6086,6,16.5,Melchow-Schönholz,Brandenburg                             ,65.1
6093,6,15.6,Wendisch Evern,Niedersachsen                           ,67.0
6095,6,15.9,Taubenheim-Seeligstadt,Sachsen                                 ,68.6
6105,6,14.9,Ostenfeld (Rendsburg),Schleswig-Holstein                      ,76.0
6109,6,15.7,Grambow-Schwennenz,Mecklenburg-Vorpommern                  ,60.0
6110,6,15.4,Medow-Wussentin,Mecklenburg-Vorpommern                  ,63.0
6129,6,15.5,Sohland/Spree,Sachsen                                 ,69.0
6157,6,15.1,Wangerland-Hooksiel,Niedersachsen                           ,80.0
6158,6,15.6,Weidenbach-Weiherschneidbach,Bayern                                  ,77.0
6159,6,15.4,Dörpen,Niedersachsen                           ,75.5
6163,6,15.0,Dörnick,Schleswig-Holstein                      ,72.0
6170,6,16.8,Coschen,Brandenburg                             ,52.0
6182,6,16.5,Mallersdorf-Pfaffenberg,Bayern                                  ,81.0
6184,6,15.1,Wilhelmshaven (Flugplatz),Niedersachsen                           ,
6186,6,16.1,Nastätten,Rheinland-Pfalz                         ,67.0
6196,6,14.3,Selb-Spielberg,Bayern                                  ,77.9
6197,6,14.8,Lügde-Paenbruch,Nordrhein-Westfalen                     ,75.0
6199,6,15.0,Steinhagen-Negast,Mecklenburg-Vorpommern                  ,70.0
6217,6,17.7,Saarbrücken-Burbach,Saarland                                ,62.0
6219,6,16.6,Dollnstein-Breitenfurt,Bayern                                  ,71.5
6258,6,16.8,Friedrichshafen-Unterraderach,Baden-Württemberg                       ,116.0
6259,6,15.2,Großerlach-Mannenweiler,Baden-Württemberg                       ,99.0
6260,6,16.1,Ingelfingen-Stachenhausen,Baden-Württemberg                       ,82.0
6262,6,16.4,Schwäbisch Gmünd-Weiler,Baden-Württemberg                       ,92.0
6263,6,16.7,Singen,Baden-Württemberg                       ,91.0
6264,6,14.1,Brilon-Thülen,Nordrhein-Westfalen                     ,81.0
6265,6,16.7,Wusterwitz,Brandenburg                             ,55.0
6266,6,16.2,Huy-Pabstorf,Sachsen-Anhalt                          ,62.0
6272,6,15.6,"Salzungen, Bad-Gräfen-Nitzendorf",Thüringen                               ,65.0
6273,6,16.6,Demker,Sachsen-Anhalt                          ,56.0
6275,6,16.9,Notzingen,Baden-Württemberg                       ,95.0
6304,6,15.3,Pilsach-Litzlohe,Bayern                                  ,90.0
6305,6,15.9,Mühlhausen/Thüringen-Görmar,Thüringen                               ,57.0
6310,6,15.3,Karlshagen,Mecklenburg-Vorpommern                  ,63.0
6312,6,16.2,Markt Erlbach-Mosbach,Bayern                                  ,70.0
6314,6,15.9,Nossen,Sachsen                                 ,67.0
6336,6,16.0,Lohr/Main-Halsbach,Bayern                                  ,69.0
6337,6,16.3,Lüdinghausen-Brochtrup,Nordrhein-Westfalen                     ,75.0
6344,6,16.6,Runkel-Ennerich,Hessen                                  ,64.0
6346,6,16.0,Maisach-Galgen,Bayern                                  ,108.0
6347,6,16.4,Schonungen-Mainberg,Bayern                                  ,67.0
7075,6,16.3,Elsendorf-Horneck,Bayern                                  ,83.0
7099,6,15.8,Liebenburg-Othfresen,Niedersachsen                           ,69.0
7105,6,15.0,Siegsdorf-Höll,Bayern                                  ,184.0
7106,6,15.9,Bielefeld-Deppendorf,Nordrhein-Westfalen                     ,76.0
7135,6,15.9,Aulendorf-Haslach,Baden-Württemberg                       ,107.0
7187,6,16.6,Freudenberg/Main-Boxtal,Baden-Württemberg                       ,69.0
7244,6,15.8,Neuglobsow (HM),Brandenburg                             ,66.2
7298,6,14.6,Hattstedt,Schleswig-Holstein                      ,72.0
7319,6,16.3,Donauwörth-Osterweiler,Bayern                                  ,76.0
7321,6,16.3,Olbersleben,Thüringen                               ,57.0
7325,6,1.4,,,173.0
7329,6,14.8,Treuen,Sachsen                                 ,78.0
7330,6,15.6,Arnsberg-Neheim,Nordrhein-Westfalen                     ,81.0
7331,6,16.0,Hermaringen-Allewind,Baden-Württemberg                       ,78.0
7341,6,17.9,Offenbach-Wetterpark,Hessen                                  ,61.0
7343,6,13.1,Deutschneudorf-Brüderwiese,Sachsen                                 ,90.0
7350,6,14.7,Prackenbach-Neuhäusl,Bayern                                  ,103.0
7351,6,15.3,Feldberg/Mecklenburg,Mecklenburg-Vorpommern                  ,70.0
7364,6,17.2,Jeßnitz,Sachsen-Anhalt                          ,52.0
7367,6,15.7,Alfeld,Niedersachsen                           ,74.0
7368,6,15.4,Eisenach,Thüringen                               ,68.0
7369,6,15.8,Feuchtwangen-Heilbronn,Bayern                                  ,75.0
7370,6,15.4,Waldmünchen,Bayern                                  ,85.0
7373,6,15.0,Borkum-Flugplatz,Niedersachsen                           ,69.0
7374,6,16.2,Ahaus,Nordrhein-Westfalen                     ,74.0
7389,6,16.4,Heckelberg,Brandenburg                             ,65.0
7393,6,16.8,Hoyerswerda,Sachsen                                 ,62.0
7394,6,14.1,Wunsiedel-Schönbrunn,Bayern                                  ,83.0
7395,6,16.7,Gottfrieding,Bayern                                  ,87.0
7396,6,12.9,Hoherodskopf/Vogelsberg,Hessen                                  ,95.0
7403,6,15.1,Leutkirch-Herlazhofen,Baden-Württemberg                       ,143.9
7410,6,15.2,Neu-Ulrichstein,Hessen                                  ,76.0
7412,6,15.7,Neuhütten/Spessart,Bayern                                  ,80.0
7419,6,15.1,Langenwetzendorf-Göttendorf,Thüringen                               ,72.0
7420,6,16.0,Naumburg/Saale-Kreipitzsch,Sachsen-Anhalt                          ,60.0
7424,6,16.3,Piding,Bayern                                  ,167.0
7427,6,15.3,Padenstedt (Pony-Park),Schleswig-Holstein                      ,80.0
7428,6,15.4,Veilsdorf,Thüringen                               ,68.0
7431,6,15.7,Oberhaching-Laufzorn,Bayern                                  ,134.0
7432,6,16.0,Wittingen-Vorhop,Niedersachsen                           ,62.0
13670,6,17.1,Duisburg-Baerl,Nordrhein-Westfalen                     ,72.0
13674,6,17.1,Waibstadt,Baden-Württemberg                       ,75.0
13675,6,16.1,Hameln-Hastenbeck,Niedersachsen                           ,66.0
13696,6,16.6,Waltrop-Abdinghof,Nordrhein-Westfalen                     ,75.0
13700,6,15.8,Gevelsberg-Oberbröking,Nordrhein-Westfalen                     ,87.0
13710,6,16.2,Landshut-Reithof,Bayern                                  ,100.0
13711,6,15.9,Krölpa-Rockendorf,Thüringen                               ,64.0
13713,6,14.6,Meinerzhagen-Redlendorf,Nordrhein-Westfalen                     ,99.0
13776,6,16.0,Hildesheim-Drispenstedt,Niedersachsen                           ,63.0
13777,6,16.2,Helmstedt-Emmerstedt,Niedersachsen                           ,62.0
13965,6,15.2,Balingen-Bronnhaupten,Baden-Württemberg                       ,91.0
14138,6,16.7,,,56.0
14311,6,14.0,Hersdorf-Weißenseifen,Rheinland-Pfalz                         ,75.9
15000,6,16.0,Aachen-Orsbach,Nordrhein-Westfalen                     ,89.0
15207,6,15.2,Schauenburg-Elgershausen,Hessen                                  ,75.0
15444,6,15.5,Ulm-Mähringen,Baden-Württemberg                       ,90.0
15555,6,14.5,Kaufbeuren-Oberbeuren,Bayern                                  ,143.1
15926,6,16.3,Fronberg (Schwandorf),Bayern                                  ,74.0
15951,6,15.6,Pirmasens (Kläranlage),Rheinland-Pfalz                         ,76.4
15963,6,16.8,St. Tönis,Nordrhein-Westfalen                     ,75.6
15965,6,15.8,"Brückenau, Bad (Elisabethenhof)",Bayern                                  ,67.1
15979,6,15.4,Sargenroth,Rheinland-Pfalz                         ,65.4
16085,6,15.5,Leherheide,Bremen                                  ,80.0
19087,6,15.0,Freyung vorm Wald,Bayern                                  ,99.7
19171,6,15.2,Hasenkrug-Hardebek,Schleswig-Holstein                      ,79.3
19172,6,14.9,Wacken,Schleswig-Holstein                      ,87.8
19580,6,15.6,"Urach, Bad/Erms",Baden-Württemberg                       ,108.2
19607,6,13.8,Cämmerswalde-Rauschenbach,Sachsen                                 ,
19617,6,16.4,Burghaslach,Bayern                                  ,68.4
19647,6,16.6,Eberbach/Neckar,Baden-Württemberg                       ,
19781,6,16.4,Ingolstadt,Bayern                                  ,77.9
1,7,18.5,Aach,Baden-Württemberg                       ,95.7
3,7,18.4,Aachen,Nordrhein-Westfalen                     ,75.2
44,7,17.6,Großenkneten,Niedersachsen                           ,82.5
52,7,17.6,Ahrensburg-Wulfsdorf,Schleswig-Holstein                      ,76.2
61,7,18.5,Aiterhofen,Bayern                                  ,88.6
70,7,16.7,Albstadt-Ebingen,Baden-Württemberg                       ,105.0
71,7,16.3,Albstadt-Badkap,Baden-Württemberg                       ,115.0
72,7,16.1,Albstadt-Onstmettingen,Baden-Württemberg                       ,110.5
73,7,18.5,Aldersbach-Kriestorf,Bayern                                  ,104.4
78,7,17.6,Alfhausen,Niedersachsen                           ,76.9
91,7,17.4,Alsfeld-Eifa,Hessen                                  ,67.4
93,7,17.6,Alsfeld-Reibertenrod,Hessen                                  ,64.7
96,7,18.7,Neuruppin-Alt Ruppin,Brandenburg                             ,58.0
98,7,15.1,Altastenberg,Nordrhein-Westfalen                     ,98.9
116,7,18.6,Altenburg,Thüringen                               ,77.0
125,7,17.0,Altenstadt,Bayern                                  ,
129,7,18.0,Altentreptow,Mecklenburg-Vorpommern                  ,51.8
131,7,18.1,Geringswalde-Altgeringswalde,Sachsen                                 ,82.6
132,7,16.1,Altglashütte,Bayern                                  ,104.1
142,7,17.8,Altomünster-Maisbrunn,Bayern                                  ,114.1
150,7,19.3,Alzey,Rheinland-Pfalz                         ,59.2
151,7,18.5,Amberg-Unterammersricht,Bayern                                  ,78.5
154,7,17.8,Amerang-Pfaffing,Bayern                                  ,148.0
161,7,19.5,Andernach,Rheinland-Pfalz                         ,66.6
164,7,18.5,Angermünde,Brandenburg                             ,61.4
167,7,18.0,Anklam,Mecklenburg-Vorpommern                  ,58.6
169,7,16.5,Annaberg-Buchholz,Sachsen                                 ,95.2
172,7,16.4,Annaturm,Niedersachsen                           ,82.8
174,7,18.9,Annweiler-Bindersbach,Rheinland-Pfalz                         ,75.2
175,7,17.9,Ansbach,Bayern                                  ,76.6
177,7,18.0,Ansbach-Hennenbach,Bayern                                  ,73.3
183,7,17.1,Arkona,Mecklenburg-Vorpommern                  ,54.1
184,7,18.7,Arneburg,Sachsen-Anhalt                          ,60.4
185,7,17.1,Arnis,Schleswig-Holstein                      ,77.2
186,7,17.2,Arnsberg,Nordrhein-Westfalen                     ,97.4
191,7,18.4,Arnstein-Müdesheim,Bayern                                  ,73.0
193,7,17.4,Arolsen-Neu Berich,Hessen                                  ,76.2
198,7,18.8,Artern,Thüringen                               ,64.3
202,7,19.5,Aschaffenburg,Bayern                                  ,64.4
207,7,18.8,Aschersleben,Sachsen-Anhalt                          ,62.0
211,7,18.1,Aßlar Klein-Altenstädten,Hessen                                  ,70.9
217,7,17.4,Attenkam,Bayern                                  ,159.9
221,7,18.2,Au i.d.Hallertau-Günzenhausen,Bayern                                  ,108.5
222,7,17.3,Aue,Sachsen                                 ,94.0
231,7,18.1,Augsburg (Sankt Stephan),Bayern                                  ,106.0
232,7,18.0,Augsburg,Bayern                                  ,99.7
243,7,17.0,Aurich,Niedersachsen                           ,83.7
257,7,19.2,Baden-Baden-Geroldsau,Baden-Württemberg                       ,117.4
259,7,19.4,Müllheim,Baden-Württemberg                       ,94.0
268,7,16.9,Baiersbronn-Obertal,Baden-Württemberg                       ,143.1
273,7,18.6,Baindt,Baden-Württemberg                       ,110.8
282,7,18.6,Bamberg,Bayern                                  ,78.0
283,7,18.3,Bamberg-Altenburg,Bayern                                  ,80.0
284,7,18.3,Bamberg (Sternwarte),Bayern                                  ,82.7
288,7,18.1,Bargischow-Gnevezin,Mecklenburg-Vorpommern                  ,61.2
294,7,18.3,Barsinghausen-Hohenbostel,Niedersachsen                           ,72.0
298,7,17.3,Barth,Mecklenburg-Vorpommern                  ,59.9
303,7,19.1,Baruth,Brandenburg                             ,66.3
314,7,18.8,"Kubschütz, Kr. Bautzen",Sachsen                                 ,78.4
320,7,18.0,Heinersreuth-Vollhof,Bayern                                  ,91.4
326,7,18.2,Beckum-Unterberg,Nordrhein-Westfalen                     ,80.0
327,7,17.4,Bederkesa,Niedersachsen                           ,92.1
330,7,17.8,Oberzent-Beerfelden,Hessen                                  ,81.7
335,7,17.7,Behrensdorf,Schleswig-Holstein                      ,71.8
342,7,18.0,Belm,Niedersachsen                           ,79.0
348,7,19.3,Bendorf,Rheinland-Pfalz                         ,71.0
355,7,20.1,Bensheim,Hessen                                  ,83.4
361,7,17.4,Berchtesgaden (KKst),Bayern                                  ,196.4
365,7,17.8,Berg/Oberpfalz,Bayern                                  ,96.8
368,7,18.0,Bergen,Niedersachsen                           ,
377,7,19.9,"Bergzabern, Bad",Rheinland-Pfalz                         ,67.8
379,7,17.9,"Berka, Bad (Flugplatz)",Thüringen                               ,78.1
386,7,16.5,"Berleburg, Bad",Nordrhein-Westfalen                     ,80.3
390,7,15.5,"Berleburg, Bad-Stünzel",Nordrhein-Westfalen                     ,92.0
395,7,19.3,Berlin-Adlershof,Berlin                                  ,
399,7,20.0,Berlin-Alexanderplatz,Berlin                                  ,64.0
400,7,19.0,Berlin-Buch,Berlin                                  ,63.4
402,7,19.1,Berlin-Dahlem (LFAG),Berlin                                  ,61.6
403,7,19.1,Berlin-Dahlem (FU),Berlin                                  ,61.8
405,7,19.3,Berlin-Friedrichshagen,Berlin                                  ,
407,7,19.3,Berlin-Frohnau,Berlin                                  ,61.5
408,7,19.8,Berlin-Invalidenstraße,Berlin                                  ,
410,7,19.2,Berlin-Kaniswall,Berlin                                  ,63.0
416,7,19.5,Berlin-Lichtenrade,Berlin                                  ,59.5
417,7,19.3,Berlin-Lichterfelde (Süd),Berlin                                  ,60.5
420,7,19.5,Berlin-Marzahn,Berlin                                  ,61.0
422,7,19.8,Berlin-Mitte,Berlin                                  ,63.5
424,7,19.9,Berlin-Ostkreuz,Berlin                                  ,
425,7,19.3,Berlin-Rudow,Berlin                                  ,62.1
427,7,19.4,Berlin Brandenburg,Brandenburg                             ,58.0
429,7,19.4,Berlin-Spandau,Berlin                                  ,60.1
430,7,19.6,Berlin-Tegel,Berlin                                  ,59.5
432,7,19.3,Berlin-Tegeler Fliesstal,Berlin                                  ,55.1
433,7,19.9,Berlin-Tempelhof,Berlin                                  ,59.6
434,7,19.6,Berlin-Treptow,Berlin                                  ,62.0
435,7,19.3,Berlin-Zehlendorf,Berlin                                  ,62.0
445,7,19.3,Bernburg/Saale (Nord),Sachsen-Anhalt                          ,59.7
450,7,19.8,Bernkastel-Kues,Rheinland-Pfalz                         ,67.4
460,7,18.6,Berus,Saarland                                ,77.0
474,7,17.6,Warthausen-Birkenhard,Baden-Württemberg                       ,109.0
480,7,17.3,Biedenkopf-Wallau,Hessen                                  ,70.0
502,7,17.3,Bischbrunn,Bayern                                  ,75.4
524,7,19.7,Bitterfeld,Sachsen-Anhalt                          ,63.6
526,7,18.2,"Blankenburg, Bad",Thüringen                               ,75.1
535,7,17.5,Blankenrath,Rheinland-Pfalz                         ,63.3
550,7,17.7,Bobeck,Thüringen                               ,89.0
553,7,18.5,Bocholt (Marienschule),Nordrhein-Westfalen                     ,72.6
555,7,18.8,Bochum,Nordrhein-Westfalen                     ,82.0
576,7,18.0,Böblingen,Baden-Württemberg                       ,83.1
578,7,17.8,Böhming,Bayern                                  ,111.0
588,7,18.3,Boffzen,Niedersachsen                           ,72.3
591,7,18.1,Boizenburg,Mecklenburg-Vorpommern                  ,70.0
592,7,17.5,Bokel,Schleswig-Holstein                      ,87.8
596,7,17.4,Boltenhagen,Mecklenburg-Vorpommern                  ,61.1
598,7,19.2,Bonn,Nordrhein-Westfalen                     ,62.4
599,7,19.3,Bonn-Friesdorf,Nordrhein-Westfalen                     ,66.4
601,7,18.7,,,
603,7,18.5,Königswinter-Heiderhof,Nordrhein-Westfalen                     ,78.0
606,7,18.0,Boos,Bayern                                  ,135.8
614,7,17.7,Borgentreich-Bühne,Nordrhein-Westfalen                     ,75.1
617,7,18.6,Borken in Westfalen,Nordrhein-Westfalen                     ,79.4
619,7,17.3,Borkum-Süderstraße,Niedersachsen                           ,73.6
642,7,17.8,Brake,Niedersachsen                           ,81.6
643,7,17.8,Brake-Süderfeld,Niedersachsen                           ,81.0
645,7,17.8,Bramsche,Niedersachsen                           ,76.9
648,7,17.1,Brande-Hörnerkirchen,Schleswig-Holstein                      ,85.0
650,7,19.1,Brandenburg-Görden,Brandenburg                             ,61.4
652,7,18.1,Hagenbüchach,Bayern                                  ,82.1
656,7,14.8,Braunlage,Niedersachsen                           ,101.0
660,7,18.5,Braunschweig-Gliesmarode,Niedersachsen                           ,66.5
661,7,18.5,Braunschweig (T.H.),Niedersachsen                           ,66.4
662,7,18.3,Braunschweig,Niedersachsen                           ,62.3
685,7,16.5,Breitsol,Bayern                                  ,97.3
691,7,18.0,Bremen,Bremen                                  ,75.4
699,7,18.0,Bremen-Seefahrtschule,Bremen                                  ,80.1
701,7,18.1,Bremerhaven,Bremen                                  ,79.7
702,7,17.9,Bremerhaven-Speckenbüttel,Bremen                                  ,82.6
703,7,17.7,Bremervörde (A),Niedersachsen                           ,89.5
704,7,17.6,Bremervörde,Niedersachsen                           ,87.0
705,7,17.7,Bremervörde-Niederochtenhausen,Niedersachsen                           ,85.6
706,7,20.0,Eschbach,Baden-Württemberg                       ,74.5
710,7,19.3,Bretten,Baden-Württemberg                       ,84.9
717,7,16.2,Brilon,Nordrhein-Westfalen                     ,93.4
722,7,11.6,Brocken,Sachsen-Anhalt                          ,150.5
727,7,18.4,Brombachtal-Kirch-Brombach,Hessen                                  ,80.0
729,7,16.2,Brotterode,Thüringen                               ,101.2
736,7,17.3,Brücken,Rheinland-Pfalz                         ,74.5
755,7,18.1,"Buchen, Kr. Neckar-Odenwald",Baden-Württemberg                       ,70.5
757,7,18.3,Buchenbach,Baden-Württemberg                       ,115.0
760,7,17.3,Rosengarten-Klecken,Niedersachsen                           ,84.7
766,7,16.9,Büchel (Flugplatz),Rheinland-Pfalz                         ,
769,7,18.6,Bückeburg,Niedersachsen                           ,69.1
771,7,19.1,Büdingen,Hessen                                  ,87.4
772,7,20.0,Bühlertal,Baden-Württemberg                       ,121.4
773,7,18.0,Bühlertal-Obertal,Baden-Württemberg                       ,142.2
793,7,16.8,Buhlenberg,Rheinland-Pfalz                         ,82.5
817,7,17.4,Burgwald-Bottendorf,Hessen                                  ,63.5
840,7,14.2,Carlsfeld,Sachsen                                 ,127.0
848,7,18.8,Celle (Stadt),Niedersachsen                           ,64.9
850,7,18.8,Celle,Niedersachsen                           ,66.7
851,7,18.2,Pemfling-Pitzling,Bayern                                  ,85.0
853,7,17.7,Chemnitz,Sachsen                                 ,92.2
856,7,18.0,Chieming,Bayern                                  ,160.0
863,7,15.3,Clausthal-Zellerfeld,Niedersachsen                           ,118.9
865,7,17.7,Cloppenburg,Niedersachsen                           ,78.9
867,7,18.1,Lautertal-Oberlauter,Bayern                                  ,83.9
876,7,18.3,Collmberg,Sachsen                                 ,78.5
879,7,19.4,Cottbus (Flugplatz),Brandenburg                             ,
880,7,19.4,Cottbus,Brandenburg                             ,67.5
881,7,18.2,Crailsheim-Alexandersreut,Baden-Württemberg                       ,74.2
888,7,18.2,Crimmitschau,Sachsen                                 ,81.2
891,7,17.7,Cuxhaven,Niedersachsen                           ,80.9
896,7,18.6,Dachwig,Thüringen                               ,65.7
917,7,19.5,Darmstadt,Hessen                                  ,75.0
918,7,19.8,Darmstadt (A),Hessen                                  ,82.2
919,7,19.6,Darmstadt-Botanischer Garten,Hessen                                  ,74.0
931,7,17.3,Deggenhausertal-Azenweiler,Baden-Württemberg                       ,133.0
948,7,19.4,Dessau,Sachsen-Anhalt                          ,61.3
953,7,17.2,Deuselbach,Rheinland-Pfalz                         ,73.0
963,7,18.1,Diepholz,Niedersachsen                           ,65.8
964,7,17.1,Dierfeld,Rheinland-Pfalz                         ,70.1
965,7,19.3,Diesbar-Seußlitz,Sachsen                                 ,73.6
970,7,17.9,Dietenhofen,Bayern                                  ,78.0
979,7,17.5,Dillenburg,Hessen                                  ,70.7
982,7,18.9,Dillingen/Donau,Bayern                                  ,93.8
983,7,18.7,Dillingen/Donau-Fristingen,Bayern                                  ,97.1
991,7,17.5,Dippoldiswalde-Reinberg,Sachsen                                 ,96.3
998,7,16.7,Dobel,Baden-Württemberg                       ,133.0
1000,7,17.7,"Doberan, Bad-Heiligendamm",Mecklenburg-Vorpommern                  ,60.3
1001,7,18.9,Doberlug-Kirchhain,Brandenburg                             ,66.0
1003,7,18.6,Döbeln,Sachsen                                 ,79.5
1006,7,18.4,Dömitz,Mecklenburg-Vorpommern                  ,68.8
1018,7,17.2,Donaueschingen,Baden-Württemberg                       ,88.8
1032,7,18.6,Dortmund,Nordrhein-Westfalen                     ,85.9
1047,7,19.5,Dresden (Mitte),Sachsen                                 ,79.4
1048,7,18.9,Dresden-Klotzsche,Sachsen                                 ,85.3
1050,7,19.4,Dresden-Hosterwitz,Sachsen                                 ,80.4
1051,7,19.4,Dresden-Strehlen,Sachsen                                 ,90.0
1052,7,18.9,Möckern-Drewitz,Sachsen-Anhalt                          ,60.0
1066,7,17.9,Duderstadt,Niedersachsen                           ,66.9
1072,7,20.3,"Dürkheim, Bad",Rheinland-Pfalz                         ,55.0
1073,7,19.8,"Dürkheim, Bad (Saline)",Rheinland-Pfalz                         ,54.5
1074,7,19.2,"Dürrenberg, Bad",Sachsen-Anhalt                          ,76.0
1078,7,19.1,Düsseldorf,Nordrhein-Westfalen                     ,75.0
1079,7,19.3,Düsseldorf-Südfriedhof,Nordrhein-Westfalen                     ,74.5
1084,7,19.5,Duisburg-Friemersheim,Nordrhein-Westfalen                     ,73.9
1087,7,19.7,Duisburg-Laar,Nordrhein-Westfalen                     ,68.4
1102,7,19.3,Ebersbach/Fils,Baden-Württemberg                       ,92.2
1103,7,17.6,Ebersberg-Halbing,Bayern                                  ,138.2
1106,7,19.0,Eberswalde,Brandenburg                             ,59.1
1107,7,17.5,Ebrach,Bayern                                  ,85.6
1130,7,17.1,Eggebek,Schleswig-Holstein                      ,87.0
1146,7,17.8,Ehningen,Baden-Württemberg                       ,86.0
1154,7,18.1,Eiberg,Bayern                                  ,126.9
1161,7,18.3,Eichstätt-Landershofen,Bayern                                  ,81.0
1169,7,19.9,Eimeldingen,Baden-Württemberg                       ,78.0
1172,7,18.4,Einbeck,Niedersachsen                           ,66.8
1182,7,18.7,Eisleben-Helfta,Sachsen-Anhalt                          ,62.5
1188,7,16.3,Elgersburg,Thüringen                               ,88.3
1197,7,17.9,Ellwangen-Rindelbach,Baden-Württemberg                       ,84.5
1200,7,17.3,Elpersbüttel,Schleswig-Holstein                      ,88.0
1201,7,18.9,Elsdorf/Erftkreis,Nordrhein-Westfalen                     ,67.4
1204,7,17.9,Elsfleth,Niedersachsen                           ,75.5
1207,7,16.6,"Elster, Bad-Sohl",Sachsen                                 ,86.4
1214,7,18.0,Elzach-Fisnacht,Baden-Württemberg                       ,134.0
1219,7,17.5,Emden-Nesserland,Niedersachsen                           ,84.1
1221,7,17.4,Emden-Wolthusen,Niedersachsen                           ,82.7
1224,7,19.1,Emmendingen-Mundingen,Baden-Württemberg                       ,92.7
1229,7,19.0,"Ems, Bad",Rheinland-Pfalz                         ,87.4
1238,7,18.0,Engelskirchen,Nordrhein-Westfalen                     ,102.1
1239,7,18.2,Engen/Hegau,Baden-Württemberg                       ,85.0
1243,7,16.4,Eningen,Baden-Württemberg                       ,117.8
1246,7,18.3,Ennigerloh-Ostenfelde,Nordrhein-Westfalen                     ,69.9
1254,7,19.5,Eppingen,Baden-Württemberg                       ,81.4
1255,7,19.3,Eppingen-Elsenz,Baden-Württemberg                       ,79.1
1262,7,18.3,München-Flughafen,Bayern                                  ,110.0
1266,7,17.2,Erfde,Schleswig-Holstein                      ,85.2
1270,7,17.9,Erfurt-Weimar,Thüringen                               ,72.8
1275,7,18.5,Ering,Bayern                                  ,110.4
1276,7,19.1,Eriskirch-Mariabrunn,Baden-Württemberg                       ,120.2
1279,7,19.2,Möhrendorf-Kleinseebach,Bayern                                  ,76.8
1280,7,18.9,Erlangen-Bruck,Bayern                                  ,79.2
1287,7,17.9,Eschau-Hobbach,Bayern                                  ,80.6
1292,7,17.8,Eschenbach/Oberpfalz,Bayern                                  ,80.2
1297,7,17.9,Eschwege,Hessen                                  ,66.7
1299,7,17.3,Esens,Niedersachsen                           ,87.4
1300,7,16.5,Eslohe,Nordrhein-Westfalen                     ,90.0
1303,7,18.5,Essen-Bredeney,Nordrhein-Westfalen                     ,85.4
1327,7,18.6,Weilerswist-Lommersum,Nordrhein-Westfalen                     ,64.7
1329,7,17.3,Eutin,Schleswig-Holstein                      ,79.1
1332,7,18.6,"Falkenberg,Kr.Rottal-Inn",Bayern                                  ,107.8
1339,7,17.9,Faßberg,Niedersachsen                           ,
1345,7,17.7,Feldberg,Mecklenburg-Vorpommern                  ,56.0
1346,7,11.8,Feldberg/Schwarzwald,Baden-Württemberg                       ,154.9
1357,7,15.9,Fichtelberg/Oberfranken-Hüttstadl,Bayern                                  ,106.1
1358,7,12.3,Fichtelberg,Sachsen                                 ,120.1
1374,7,17.4,Fladungen-Heufurt,Bayern                                  ,71.7
1378,7,17.0,Flensburg,Schleswig-Holstein                      ,94.0
1379,7,17.0,Flensburg (Schäferhaus),Schleswig-Holstein                      ,79.8
1380,7,17.1,Flensburg-Mürwik,Schleswig-Holstein                      ,89.5
1392,7,16.3,Flossenbürg,Bayern                                  ,101.0
1403,7,17.6,Frammersbach,Bayern                                  ,87.0
1410,7,18.8,"Frankenhausen, Bad/Kyffhäuser",Thüringen                               ,61.2
1411,7,15.1,Birx/Rhön,Thüringen                               ,96.3
1420,7,20.0,Frankfurt/Main,Hessen                                  ,64.7
1421,7,20.2,Frankfurt/Main (Stadt),Hessen                                  ,62.0
1424,7,20.2,Frankfurt/Main-Westend,Hessen                                  ,63.0
1425,7,20.4,Frankfurt/Main (Feldbergstr.),Hessen                                  ,61.9
1426,7,18.9,Frankfurt/Oder,Brandenburg                             ,70.4
1428,7,18.9,Frankweiler,Rheinland-Pfalz                         ,68.7
1440,7,18.8,Freiamt-Ottoschwanden,Baden-Württemberg                       ,119.1
1441,7,17.5,Freiberg,Sachsen                                 ,101.5
1443,7,19.9,Freiburg,Baden-Württemberg                       ,95.2
1447,7,20.7,Freiburg im Breisgau-Herdern,Baden-Württemberg                       ,96.3
1451,7,17.5,Freiburg/Elbe,Niedersachsen                           ,93.2
1468,7,15.9,Freudenstadt,Baden-Württemberg                       ,120.3
1473,7,18.0,Freystadt-Michelbach,Bayern                                  ,93.9
1488,7,16.2,Friedrichsbrunn,Sachsen-Anhalt                          ,67.7
1490,7,19.1,Friedrichshafen,Baden-Württemberg                       ,120.6
1492,7,15.8,Malsburg-Marzell-Friedrichsheim,Baden-Württemberg                       ,137.1
1503,7,17.1,Friesoythe-Altenoythe,Niedersachsen                           ,71.6
1504,7,18.2,Fritzlar (Flugplatz),Hessen                                  ,64.0
1513,7,15.6,Fuchskauten,Rheinland-Pfalz                         ,102.1
1515,7,18.2,Fürstenfeldbruck,Bayern                                  ,
1522,7,18.8,Fürth/Bayern (A),Bayern                                  ,81.3
1526,7,17.6,Fulda-Horas,Hessen                                  ,70.8
1544,7,18.6,Gardelegen,Sachsen-Anhalt                          ,58.5
1550,7,16.7,Garmisch-Partenkirchen,Bayern                                  ,180.6
1552,7,18.9,Gartz/Oder,Brandenburg                             ,65.0
1568,7,13.7,Gehlberg-Schmücke,Thüringen                               ,126.0
1572,7,18.6,Geilenkirchen (Flugplatz),Nordrhein-Westfalen                     ,
1580,7,19.7,Geisenheim,Hessen                                  ,59.9
1583,7,15.4,Geisingberg,Sachsen                                 ,108.7
1584,7,17.1,Geisingen,Baden-Württemberg                       ,94.0
1586,7,17.8,Traunstein-Geißing,Bayern                                  ,171.3
1587,7,17.7,Gelbelsee,Bayern                                  ,104.0
1590,7,18.7,Geldern-Walbeck,Nordrhein-Westfalen                     ,72.7
1593,7,19.0,Gelnhausen,Hessen                                  ,83.6
1602,7,19.2,Ohlsbach,Baden-Württemberg                       ,108.9
1605,7,18.9,Genthin,Sachsen-Anhalt                          ,59.0
1612,7,18.1,Gera-Leumnitz,Thüringen                               ,74.1
1619,7,19.7,Gernsheim,Hessen                                  ,69.2
1621,7,17.0,Geroda-Platz,Bayern                                  ,81.4
1638,7,18.9,Gießen (Lahntal),Hessen                                  ,67.4
1639,7,18.5,Gießen/Wettenberg,Hessen                                  ,69.5
1645,7,16.6,Gilserberg-Moischeid,Hessen                                  ,67.3
1666,7,17.1,Glücksburg-Meierwik,Schleswig-Holstein                      ,86.0
1667,7,17.4,Glückstadt,Schleswig-Holstein                      ,89.1
1684,7,18.4,Görlitz,Sachsen                                 ,86.6
1689,7,17.4,Gößweinstein,Bayern                                  ,85.8
1691,7,17.6,Göttingen,Niedersachsen                           ,65.7
1694,7,17.8,Goldberg,Mecklenburg-Vorpommern                  ,62.0
1709,7,17.1,"Gottleuba, Bad",Sachsen                                 ,102.7
1721,7,17.5,Gräfenberg-Kasberg,Bayern                                  ,97.0
1735,7,17.1,Grainet-Rehberg,Bayern                                  ,123.0
1757,7,17.8,Greifswald,Mecklenburg-Vorpommern                  ,58.6
1762,7,17.7,Greiz-Dölau,Thüringen                               ,80.5
1766,7,18.4,Münster/Osnabrück,Nordrhein-Westfalen                     ,73.0
1792,7,17.9,Groß Berßen,Niedersachsen                           ,85.5
1803,7,17.4,Groß Lüsewitz,Mecklenburg-Vorpommern                  ,67.4
1833,7,13.0,Grosser Falkenstein,Bayern                                  ,137.4
1834,7,14.1,Grosser Inselsberg,Thüringen                               ,119.4
1844,7,18.2,Feldkirchen-Westerham-Lenzmühle,Bayern                                  ,143.0
1849,7,18.3,Großmehring-Theißing,Bayern                                  ,81.5
1863,7,18.4,Gründau-Breitenborn,Hessen                                  ,95.0
1869,7,18.3,Grünow,Brandenburg                             ,59.0
1875,7,18.0,"Gschwend, Kr. Ostalb",Baden-Württemberg                       ,93.4
1886,7,18.3,Günzburg,Bayern                                  ,89.7
1890,7,18.0,Güstrow-Schabernack,Mecklenburg-Vorpommern                  ,
1891,7,18.5,Rheda-Wiedenbrück-Lintel,Nordrhein-Westfalen                     ,73.5
1892,7,18.6,Gütersloh (Flugplatz),Nordrhein-Westfalen                     ,
1920,7,18.7,Hagen-Fley,Nordrhein-Westfalen                     ,80.5
1957,7,19.0,Halle-Kröllwitz,Sachsen-Anhalt                          ,64.0
1960,7,19.1,Halle (Stadt),Sachsen-Anhalt                          ,64.1
1972,7,18.4,Hamburg-Bergedorf,Hamburg                                 ,77.0
1973,7,18.4,Hamburg-Botanischer Garten,Hamburg                                 ,77.9
1975,7,18.0,Hamburg-Fuhlsbüttel,Hamburg                                 ,76.7
1979,7,18.5,Hamburg-Kirchwerder,Hamburg                                 ,74.0
1981,7,18.4,Hamburg-Neuwiedenthal,Hamburg                                 ,74.8
1986,7,18.4,Hamburg-Reitbrook,Hamburg                                 ,77.0
1990,7,18.4,Hamburg-Wandsbek,Hamburg                                 ,74.6
1993,7,18.3,Hameln,Niedersachsen                           ,67.4
2000,7,19.9,Hanau,Hessen                                  ,68.3
2005,7,17.9,Hankensbüttel,Niedersachsen                           ,75.0
2014,7,18.4,Hannover,Niedersachsen                           ,61.0
2023,7,18.0,Harburg,Bayern                                  ,89.0
2039,7,17.8,"Harzburg, Bad",Niedersachsen                           ,76.1
2044,7,16.5,Harzgerode,Sachsen-Anhalt                          ,64.0
2048,7,17.9,Haseldorf,Schleswig-Holstein                      ,83.4
2053,7,16.2,Hasselfelde,Sachsen-Anhalt                          ,64.4
2069,7,15.4,Hausstein,Bayern                                  ,156.1
2074,7,17.9,Hechingen,Baden-Württemberg                       ,100.6
2078,7,17.3,Weddingstedt,Schleswig-Holstein                      ,90.0
2080,7,20.6,Heidelberg,Baden-Württemberg                       ,75.8
2081,7,17.8,Königstuhl,Baden-Württemberg                       ,102.2
2083,7,20.4,Heidelberg-Grenzhof,Baden-Württemberg                       ,76.6
2092,7,16.7,Heidenrod-Mappershain,Hessen                                  ,81.1
2095,7,19.8,Heilbronn,Baden-Württemberg                       ,80.0
2110,7,18.6,Heinsberg-Schleiden,Nordrhein-Westfalen                     ,66.5
2120,7,18.6,Helmstedt,Niedersachsen                           ,57.6
2122,7,17.3,"Helse, Kr. Dithmarschen",Schleswig-Holstein                      ,88.5
2147,7,18.8,Herford,Nordrhein-Westfalen                     ,77.7
2151,7,18.1,Herleshausen,Hessen                                  ,70.8
2159,7,18.1,Herrenberg,Baden-Württemberg                       ,83.0
2160,7,17.6,Herrenhof,Thüringen                               ,73.7
2166,7,17.7,Herrnhut,Sachsen                                 ,92.1
2167,7,17.4,Niederwörresbach,Rheinland-Pfalz                         ,57.8
2171,7,17.7,"Hersfeld, Bad",Hessen                                  ,77.2
2173,7,18.9,Herten,Nordrhein-Westfalen                     ,83.2
2174,7,17.7,Herzberg,Niedersachsen                           ,88.0
2201,7,17.6,Hiddensee-Vitte,Mecklenburg-Vorpommern                  ,53.0
2206,7,18.2,Hildesheim,Niedersachsen                           ,73.2
2211,7,17.7,Hilgenroth,Rheinland-Pfalz                         ,86.0
2223,7,17.9,Hindfeld,Thüringen                               ,72.1
2225,7,17.3,Hinterhermsdorf,Sachsen                                 ,102.2
2226,7,16.1,Eisfeld-Waffenrod-Hinterrod,Thüringen                               ,95.7
2250,7,17.1,Höllenstein (Kraftwerk),Bayern                                  ,103.2
2252,7,18.1,Bertsdorf-Hörnitz,Sachsen                                 ,76.0
2260,7,17.3,Hof (Stadt),Bayern                                  ,86.5
2261,7,16.8,Hof,Bayern                                  ,86.0
2264,7,17.1,Hofgeismar-Beberbeck,Hessen                                  ,79.5
2268,7,18.6,Hofheim,Bayern                                  ,75.5
2289,7,19.0,Hohennauen,Brandenburg                             ,
2290,7,15.9,Hohenpeißenberg,Bayern                                  ,162.7
2302,7,17.9,Hohlstedt-Kötschau,Thüringen                               ,72.4
2303,7,17.1,Hohn,Schleswig-Holstein                      ,82.6
2306,7,17.5,Hohwacht,Schleswig-Holstein                      ,69.1
2315,7,19.3,Holzdorf (Flugplatz),Brandenburg                             ,
2318,7,17.3,Holzhausen a.d. Haide,Rheinland-Pfalz                         ,74.3
2319,7,17.4,Holzkirchen,Bayern                                  ,165.9
2323,7,18.2,"Bevern, Kr. Holzminden",Niedersachsen                           ,73.0
2324,7,15.8,Holzminden-Silberborn,Niedersachsen                           ,96.9
2327,7,17.9,Homberg/Ohm,Hessen                                  ,75.0
2331,7,18.5,Homburg/Saar,Saarland                                ,71.1
2338,7,18.2,Hopsten (Flugplatz),Nordrhein-Westfalen                     ,
2344,7,16.4,Horlachen,Bayern                                  ,110.5
2354,7,19.0,Hoyerswerda Kr. Bautzen,Sachsen                                 ,67.7
2360,7,18.3,Hüll,Bayern                                  ,108.6
2362,7,17.6,Hümmerich,Rheinland-Pfalz                         ,82.0
2374,7,17.1,Husum,Schleswig-Holstein                      ,82.8
2385,7,17.6,Idar-Oberstein,Rheinland-Pfalz                         ,
2388,7,20.1,Ihringen,Baden-Württemberg                       ,78.0
2396,7,17.2,Ilsenburg,Sachsen-Anhalt                          ,
2406,7,19.2,Ingelfingen,Baden-Württemberg                       ,75.4
2410,7,18.7,Ingolstadt (Flugplatz),Bayern                                  ,
2417,7,17.5,Mittbach,Bayern                                  ,143.6
2422,7,17.4,Iserlohn-Westig,Nordrhein-Westfalen                     ,93.9
2429,7,17.4,Itzehoe,Schleswig-Holstein                      ,90.0
2437,7,17.2,Schleswig-Jagel,Schleswig-Holstein                      ,88.0
2444,7,19.2,Jena (Sternwarte),Thüringen                               ,76.9
2451,7,19.6,Jessen/Elster,Sachsen-Anhalt                          ,64.9
2464,7,18.0,Jork,Niedersachsen                           ,82.7
2474,7,18.3,Jülich (Forsch.-Anlage),Nordrhein-Westfalen                     ,67.8
2475,7,19.2,Jüterbog,Brandenburg                             ,57.0
2477,7,15.7,Jungholz (Kühmoos),Baden-Württemberg                       ,122.4
2480,7,19.8,Kahl/Main,Bayern                                  ,69.8
2483,7,13.8,Kahler Asten,Nordrhein-Westfalen                     ,114.0
2485,7,18.0,Kaisersbach-Cronhütte,Baden-Württemberg                       ,95.0
2486,7,18.8,Kaiserslautern,Rheinland-Pfalz                         ,64.0
2488,7,17.7,Kaisheim-Neuhof,Bayern                                  ,93.8
2494,7,18.6,Kalkar,Nordrhein-Westfalen                     ,
2497,7,16.2,Kall-Sistig,Nordrhein-Westfalen                     ,67.6
2502,7,16.5,"Heiligenstadt, Heilbad-Kalteneber",Thüringen                               ,79.5
2503,7,16.5,Kaltennordheim,Thüringen                               ,74.4
2506,7,18.6,Kamenz,Sachsen                                 ,77.2
2521,7,18.5,Karlshuld,Bayern                                  ,99.9
2522,7,20.6,Karlsruhe,Baden-Württemberg                       ,74.1
2532,7,18.1,Kassel,Hessen                                  ,71.3
2533,7,18.2,Kassel-Harleshausen,Hessen                                  ,68.5
2542,7,16.8,Kaufbeuren,Bayern                                  ,142.0
2543,7,18.1,Kaufering,Bayern                                  ,126.4
2546,7,20.6,Kehl-Odelshofen,Baden-Württemberg                       ,86.0
2559,7,17.2,Kempten,Bayern                                  ,146.7
2564,7,17.3,Kiel-Holtenau,Schleswig-Holstein                      ,84.0
2565,7,17.3,Kiel-Kronshagen,Schleswig-Holstein                      ,81.8
2575,7,18.2,Kirchberg/Jagst-Herboldshausen,Baden-Württemberg                       ,82.3
2578,7,18.1,Kirchdorf/Poel,Mecklenburg-Vorpommern                  ,68.6
2597,7,18.3,"Kissingen, Bad",Bayern                                  ,71.4
2600,7,19.6,Kitzingen,Bayern                                  ,65.9
2601,7,14.9,Kleiner Feldberg/Taunus,Hessen                                  ,98.0
2609,7,17.5,Klein Rönnau,Schleswig-Holstein                      ,83.0
2618,7,15.1,Kleiner Inselsberg,Thüringen                               ,104.6
2621,7,19.3,Kleinmachnow,Brandenburg                             ,60.1
2627,7,18.8,Schipkau-Klettwitz,Brandenburg                             ,72.0
2629,7,18.2,Kleve,Nordrhein-Westfalen                     ,76.8
2638,7,15.8,Klippeneck,Baden-Württemberg                       ,110.0
2641,7,19.1,Klitzschen bei Torgau,Sachsen                                 ,72.0
2654,7,19.4,Knittlingen,Baden-Württemberg                       ,78.9
2657,7,19.7,Koblenz-Horchheim,Rheinland-Pfalz                         ,67.8
2665,7,19.7,Köln-Botanischer Garten,Nordrhein-Westfalen                     ,78.6
2667,7,18.8,Köln/Bonn,Nordrhein-Westfalen                     ,85.8
2680,7,18.0,"Königshofen, Bad",Bayern                                  ,71.0
2689,7,17.8,Königsmoor,Niedersachsen                           ,87.0
2691,7,18.5,Königsmoos-Untermaxfeld,Bayern                                  ,88.4
2700,7,18.4,Kösching,Bayern                                  ,86.3
2701,7,18.7,"Kösen, Bad",Sachsen-Anhalt                          ,72.4
2703,7,16.2,Köterberg,Nordrhein-Westfalen                     ,
2704,7,19.2,Köthen (Anhalt),Sachsen-Anhalt                          ,66.2
2708,7,16.7,"Kohlgrub, Bad (Rosshof)",Bayern                                  ,177.0
2712,7,19.6,Konstanz,Baden-Württemberg                       ,97.4
2717,7,16.6,Korbach-Lengefeld,Hessen                                  ,68.7
2750,7,17.9,Kronach,Bayern                                  ,87.4
2761,7,17.5,Krumbach-Edenhausen,Bayern                                  ,128.8
2770,7,17.5,Kükels,Schleswig-Holstein                      ,82.5
2773,7,18.1,Kümmersbruck,Bayern                                  ,
2775,7,19.1,Künzelsau,Baden-Württemberg                       ,76.4
2780,7,18.0,Kulmbach,Bayern                                  ,
2783,7,18.5,Kumhausen,Bayern                                  ,105.8
2790,7,18.1,Kusel-Fünfbirken,Rheinland-Pfalz                         ,71.8
2794,7,18.7,Kyritz,Brandenburg                             ,61.0
2796,7,17.6,Laage (Flugplatz),Mecklenburg-Vorpommern                  ,
2812,7,19.8,Lahr,Baden-Württemberg                       ,85.3
2814,7,16.4,Merklingen,Baden-Württemberg                       ,98.9
2821,7,17.7,Lamspringe,Niedersachsen                           ,73.6
2829,7,17.8,Landsberg (Flugplatz),Bayern                                  ,
2830,7,17.7,Landsberg/Lech,Bayern                                  ,136.8
2831,7,18.8,Landshut,Bayern                                  ,96.0
2843,7,19.8,,,
2856,7,19.1,Langenlipsdorf,Brandenburg                             ,60.0
2857,7,18.5,"Langensalza, Bad",Thüringen                               ,65.4
2861,7,17.4,Langeoog,Niedersachsen                           ,74.2
2872,7,17.7,Lathen,Niedersachsen                           ,72.2
2878,7,19.4,"Lauchstädt, Bad",Sachsen-Anhalt                          ,63.7
2879,7,19.0,Lauda-Königshofen-Gerlachsheim,Baden-Württemberg                       ,75.0
2886,7,17.9,Laupheim,Baden-Württemberg                       ,
2905,7,18.0,Lechfeld,Bayern                                  ,
2906,7,16.8,Leck (A),Schleswig-Holstein                      ,84.4
2907,7,16.1,Leck,Schleswig-Holstein                      ,80.0
2912,7,16.9,Lehbek,Schleswig-Holstein                      ,71.4
2915,7,15.6,Lehesten/Thüringer Wald,Thüringen                               ,101.5
2920,7,18.3,Leiblfing,Bayern                                  ,92.8
2923,7,17.4,Leinau,Bayern                                  ,136.1
2925,7,17.1,Leinefelde,Thüringen                               ,72.2
2928,7,19.3,Leipzig-Holzhausen,Sachsen                                 ,79.9
2931,7,19.2,Leipzig-Mockau,Sachsen                                 ,72.4
2932,7,19.1,Leipzig/Halle,Sachsen                                 ,68.9
2947,7,17.2,Lennestadt-Theten,Nordrhein-Westfalen                     ,90.3
2949,7,16.7,Lenningen-Schopfloch,Baden-Württemberg                       ,117.7
2950,7,17.6,Lensahn,Schleswig-Holstein                      ,70.2
2951,7,18.6,Lenzen/Elbe,Brandenburg                             ,67.7
2953,7,15.6,Lenzkirch-Ruhbühl,Baden-Württemberg                       ,109.0
2963,7,19.3,Leunawerke,Sachsen-Anhalt                          ,73.8
2968,7,19.9,Köln-Stammheim,Nordrhein-Westfalen                     ,79.8
2985,7,17.9,Lichtenhain-Mittelndorf,Sachsen                                 ,97.0
2996,7,17.3,"Liebenzell, Bad",Baden-Württemberg                       ,79.9
3001,7,19.1,Liliental,Baden-Württemberg                       ,92.6
3004,7,18.8,Limburg/Lahn-Offheim,Hessen                                  ,65.8
3007,7,20.3,Limburgerhof,Rheinland-Pfalz                         ,66.5
3015,7,19.1,Lindenberg,Brandenburg                             ,65.2
3016,7,17.0,Lindenberg/Allgäu,Bayern                                  ,191.0
3017,7,18.9,Lindenfels,Hessen                                  ,92.1
3018,7,17.3,Lindenfels-Winterkasten,Hessen                                  ,99.5
3023,7,18.4,Lingen,Niedersachsen                           ,78.3
3028,7,18.1,"Lippspringe, Bad",Nordrhein-Westfalen                     ,89.3
3031,7,18.4,Lippstadt-Bökenförde,Nordrhein-Westfalen                     ,84.9
3034,7,16.7,"Lobenstein, Bad",Thüringen                               ,87.6
3042,7,17.8,Löhnberg-Obershausen,Hessen                                  ,74.0
3044,7,18.0,Löningen,Niedersachsen                           ,80.0
3045,7,17.9,Löningen-Hagel,Niedersachsen                           ,81.9
3062,7,19.4,Lorch/Rhein,Hessen                                  ,66.5
3076,7,20.3,Ludwigshafen-Mundenheim,Rheinland-Pfalz                         ,66.4
3082,7,19.2,Lübben,Brandenburg                             ,63.5
3083,7,19.2,Lübben-Blumenfelde,Brandenburg                             ,65.0
3085,7,17.8,Lübeck,Schleswig-Holstein                      ,69.5
3086,7,17.7,Lübeck-Blankensee,Schleswig-Holstein                      ,69.0
3088,7,17.9,Lübeck-Werft,Schleswig-Holstein                      ,69.2
3096,7,16.8,Lüdenscheid (Zeppelin-Gymnasium),Nordrhein-Westfalen                     ,99.8
3098,7,16.9,Lüdenscheid,Nordrhein-Westfalen                     ,100.0
3101,7,18.4,Lüdinghausen,Nordrhein-Westfalen                     ,78.8
3103,7,18.4,Lüneburg,Niedersachsen                           ,68.0
3113,7,16.8,Luisenthal/Ohra,Thüringen                               ,88.3
3126,7,19.2,Magdeburg,Sachsen-Anhalt                          ,52.7
3135,7,17.7,Mainhardt-Ziegelbronn,Baden-Württemberg                       ,94.0
3137,7,19.8,Mainz-Lerchenberg (ZDF),Rheinland-Pfalz                         ,67.0
3139,7,18.1,Maisach-Gernlinden,Bayern                                  ,110.1
3147,7,18.6,Mallersdorf-Pfaffenberg-Oberlindhart,Bayern                                  ,87.0
3155,7,16.8,Manderscheid-Sonnenhof,Rheinland-Pfalz                         ,68.6
3158,7,19.1,Manschnow,Brandenburg                             ,63.1
3160,7,17.9,Vatterode-Gräfenstuhl,Sachsen-Anhalt                          ,63.0
3164,7,18.3,"Cölbe, Kr. Marburg-Biedenkopf",Hessen                                  ,66.0
3166,7,15.9,Marienberg,Sachsen                                 ,106.0
3196,7,18.0,Marnitz,Mecklenburg-Vorpommern                  ,69.0
3204,7,17.4,Martinroda,Thüringen                               ,80.2
3211,7,15.2,Mauth-Finsterau,Bayern                                  ,115.3
3212,7,18.5,Mayen,Rheinland-Pfalz                         ,59.5
3222,7,18.5,Meerbeck,Niedersachsen                           ,63.2
3223,7,19.3,Meersburg,Baden-Württemberg                       ,106.1
3226,7,18.8,Aschersleben-Mehringen,Sachsen-Anhalt                          ,59.7
3228,7,16.3,Meinerzhagen (A),Nordrhein-Westfalen                     ,115.4
3231,7,17.2,Meiningen,Thüringen                               ,68.0
3234,7,19.0,Klipphausen-Garsebach,Sachsen                                 ,73.0
3236,7,18.1,Melle,Niedersachsen                           ,69.0
3244,7,17.4,Memmingen,Bayern                                  ,125.5
3245,7,17.7,Memmingen (Flugplatz),Bayern                                  ,
3246,7,19.0,Mendig,Rheinland-Pfalz                         ,
3254,7,18.0,Meppen,Niedersachsen                           ,
3257,7,18.8,"Mergentheim, Bad-Neunkirchen",Baden-Württemberg                       ,75.8
3265,7,17.5,Mespelbrunn,Bayern                                  ,87.1
3268,7,15.4,Meßstetten-Appental,Baden-Württemberg                       ,117.2
3271,7,18.1,Metten,Bayern                                  ,103.8
3278,7,18.8,Metzingen,Baden-Württemberg                       ,104.0
3284,7,18.8,Michelstadt,Hessen                                  ,84.9
3287,7,17.6,Michelstadt-Vielbrunn,Hessen                                  ,96.0
3289,7,17.5,Schmieritz-Weltwitz,Thüringen                               ,78.2
3291,7,19.1,Miltenberg,Bayern                                  ,72.3
3300,7,19.0,Mittel-Gründau,Hessen                                  ,84.2
3307,7,15.7,Mittenwald-Buckelwiesen,Bayern                                  ,189.5
3313,7,17.9,Modautal-Neunkirchen,Hessen                                  ,89.3
3317,7,17.7,Mölln,Schleswig-Holstein                      ,77.6
3319,7,18.7,Röllbach,Bayern                                  ,75.4
3320,7,18.9,Mönchengladbach,Nordrhein-Westfalen                     ,71.9
3340,7,17.9,Montabaur,Rheinland-Pfalz                         ,80.0
3348,7,17.2,Moringen-Lutterbeck,Niedersachsen                           ,71.0
3362,7,19.1,Mühlacker,Baden-Württemberg                       ,78.0
3366,7,18.3,Mühldorf,Bayern                                  ,109.8
3370,7,17.4,Mühlhausen,Thüringen                               ,70.0
3376,7,18.8,Müncheberg,Brandenburg                             ,61.9
3382,7,18.9,München-Bogenhausen,Bayern                                  ,124.4
3383,7,18.8,München-Botanischer Garten,Bayern                                  ,131.8
3385,7,18.6,München-Nymphenburg,Bayern                                  ,131.8
3388,7,18.4,München-Perlach,Bayern                                  ,137.8
3390,7,18.4,München-Riem,Bayern                                  ,130.6
3402,7,16.4,Münsingen-Apfelstetten,Baden-Württemberg                       ,102.9
3404,7,18.4,Münster,Nordrhein-Westfalen                     ,69.5
3425,7,18.0,Murrhardt,Baden-Württemberg                       ,107.9
3426,7,19.0,"Muskau, Bad",Sachsen                                 ,80.5
3432,7,17.7,Nagold,Baden-Württemberg                       ,82.0
3442,7,19.5,"Nauheim, Bad",Hessen                                  ,69.5
3484,7,18.5,Neuburg/Donau (Flugplatz),Bayern                                  ,
3485,7,17.9,Neuburg/Kammel-Langenhaslach,Bayern                                  ,110.0
3486,7,19.6,Neudenau,Baden-Württemberg                       ,79.5
3490,7,18.8,"Neuenahr, Bad-Ahrweiler",Rheinland-Pfalz                         ,66.0
3509,7,18.2,Menz,Brandenburg                             ,59.5
3513,7,14.7,Neuhaus am Rennweg,Thüringen                               ,113.0
3518,7,16.5,Neuhausen ob Eck,Baden-Württemberg                       ,104.6
3519,7,17.1,Neuhausen ob Eck-Unterschwandorf,Baden-Württemberg                       ,103.0
3527,7,16.5,Neukirchen-Hauptschwenda,Hessen                                  ,78.5
3537,7,17.6,Neumünster,Schleswig-Holstein                      ,91.6
3540,7,17.9,Neunkirchen-Seelscheid-Krawinkel,Nordrhein-Westfalen                     ,92.0
3541,7,18.0,Neunkirchen-Seelscheid-Meisenbach,Nordrhein-Westfalen                     ,96.2
3545,7,18.7,Neunkirchen-Wellesweiler,Saarland                                ,69.0
3552,7,18.7,Neuruppin,Brandenburg                             ,51.5
3565,7,18.7,Neustadt/Aisch,Bayern                                  ,76.1
3571,7,17.5,Neustadt am Kulm-Filchendorf,Bayern                                  ,82.2
3575,7,20.3,Neustadt/Weinstraße,Rheinland-Pfalz                         ,55.3
3576,7,20.3,Neustadt/Weinstraße (Heidehof),Rheinland-Pfalz                         ,52.5
3577,7,18.2,Neustrelitz,Mecklenburg-Vorpommern                  ,61.0
3591,7,17.4,Nideggen-Schmidt,Nordrhein-Westfalen                     ,80.0
3595,7,17.8,Niederelbert,Rheinland-Pfalz                         ,81.8
3603,7,17.8,Niederstetten,Baden-Württemberg                       ,
3605,7,18.2,Niederstotzingen,Baden-Württemberg                       ,91.7
3612,7,18.4,Nienburg,Niedersachsen                           ,71.9
3621,7,18.2,Reimlingen,Bayern                                  ,80.6
3623,7,18.8,Nörvenich (Flugplatz),Nordrhein-Westfalen                     ,
3639,7,17.4,Nordholz (Flugplatz),Niedersachsen                           ,
3640,7,18.2,Nordhorn-Blanke,Niedersachsen                           ,76.4
3659,7,16.0,Nürburg,Rheinland-Pfalz                         ,74.8
3660,7,16.8,Nürburg-Barweiler,Rheinland-Pfalz                         ,66.0
3666,7,18.9,Nürnberg-Buchenbuehl,Bayern                                  ,88.5
3667,7,17.8,Nürnberg-Netzstall,Bayern                                  ,90.6
3668,7,19.0,Nürnberg,Bayern                                  ,80.4
3671,7,19.0,Nürtingen,Baden-Württemberg                       ,95.7
3672,7,17.9,Nufringen,Baden-Württemberg                       ,78.6
3679,7,17.9,Kiefersfelden-Gach,Bayern                                  ,170.0
3694,7,14.1,Oberhof,Thüringen                               ,111.4
3702,7,16.7,Münstertal-Obermünstertal,Baden-Württemberg                       ,112.0
3705,7,17.5,Oberndorf/Neckar-Aistaig,Baden-Württemberg                       ,85.0
3722,7,18.3,Oberschleißheim,Bayern                                  ,110.8
3730,7,16.1,Oberstdorf,Bayern                                  ,214.4
3734,7,19.5,Obersulm-Willsbach,Baden-Württemberg                       ,85.6
3735,7,18.3,Obertaufkirchen,Bayern                                  ,117.0
3739,7,17.0,Oberviechtach,Bayern                                  ,85.2
3744,7,17.3,Oberweser-Gieselwerder,Hessen                                  ,87.8
3751,7,17.3,Ochsenhausen-Mittelbuch,Baden-Württemberg                       ,123.5
3752,7,14.6,Ochsenkopf,Bayern                                  ,122.0
3753,7,18.3,Ochtrup,Nordrhein-Westfalen                     ,71.8
3761,7,19.3,Öhringen,Baden-Württemberg                       ,82.4
3776,7,20.2,Offenbach/M. (Stadt),Hessen                                  ,67.4
3777,7,20.2,Offenburg,Baden-Württemberg                       ,88.0
3788,7,17.6,Olbersdorf,Sachsen                                 ,80.2
3790,7,17.9,Oldenburg (A),Niedersachsen                           ,79.8
3791,7,17.8,Oldenburg,Niedersachsen                           ,81.0
3811,7,19.0,Oschatz,Sachsen                                 ,69.6
3815,7,18.1,Osnabrück,Niedersachsen                           ,78.0
3818,7,18.5,Osterburg,Sachsen-Anhalt                          ,
3821,7,18.3,Osterfeld,Sachsen-Anhalt                          ,83.0
3825,7,18.3,Osterhof,Saarland                                ,72.7
3836,7,17.7,Ostheim v.d. Rhön,Bayern                                  ,63.0
3856,7,15.4,Oy-Mittelberg,Bayern                                  ,210.2
3857,7,16.3,Oy-Mittelberg-Petersthal,Bayern                                  ,199.0
3867,7,17.6,Papenburg,Niedersachsen                           ,79.1
3875,7,17.6,Parsberg/Oberpfalz-Eglwang,Bayern                                  ,95.4
3878,7,19.0,Passau-Maierhof,Bayern                                  ,101.4
3879,7,18.8,Passau-Oberhaus,Bayern                                  ,110.4
3883,7,17.0,Pausa-Unterreichenau,Sachsen                                 ,80.6
3897,7,17.7,Pelzerhaken,Schleswig-Holstein                      ,69.0
3903,7,19.1,Perl-Besch,Saarland                                ,69.7
3904,7,19.1,Perl-Nennig,Saarland                                ,68.0
3915,7,18.7,Petkus,Brandenburg                             ,69.7
3922,7,17.9,Pfofeld-Langlau,Bayern                                  ,84.8
3925,7,18.6,Pforzheim-Ispringen,Baden-Württemberg                       ,86.0
3927,7,16.7,Pfullendorf,Baden-Württemberg                       ,115.1
3929,7,20.5,Philippsburg,Baden-Württemberg                       ,71.3
3939,7,16.9,Pirmasens,Rheinland-Pfalz                         ,76.5
3946,7,17.5,Plauen,Sachsen                                 ,81.0
3955,7,17.5,Plön (See),Schleswig-Holstein                      ,76.9
3974,7,17.8,Pommelsbrunn,Bayern                                  ,98.2
3975,7,16.9,Pommelsbrunn-Mittelburg,Bayern                                  ,102.0
3987,7,18.9,Potsdam,Brandenburg                             ,60.5
3988,7,19.1,Potsdam (Säkularstation),Brandenburg                             ,60.7
4005,7,18.0,Prien-Stock,Bayern                                  ,171.0
4018,7,18.0,Puch,Bayern                                  ,120.6
4024,7,17.4,Putbus,Mecklenburg-Vorpommern                  ,66.0
4029,7,18.0,Quakenbrück,Niedersachsen                           ,
4032,7,18.6,Quedlinburg,Sachsen-Anhalt                          ,63.0
4036,7,18.3,Querfurt-Mühle Lodersleben,Sachsen-Anhalt                          ,65.0
4038,7,17.4,Quickborn (Kurzer Kamp),Schleswig-Holstein                      ,85.2
4039,7,17.5,Quickborn,Schleswig-Holstein                      ,85.0
4053,7,19.1,Radolfzell-Markelfingen,Baden-Württemberg                       ,86.0
4063,7,18.2,Rahden-Kleinendorf,Nordrhein-Westfalen                     ,66.2
4066,7,17.9,Raisting,Bayern                                  ,139.3
4077,7,20.1,Rastatt,Baden-Württemberg                       ,81.3
4079,7,18.4,Rastenberg,Thüringen                               ,
4091,7,12.8,Rauschberg bei Ruhpolding,Bayern                                  ,204.2
4094,7,18.6,"Weingarten, Kr. Ravensburg",Baden-Württemberg                       ,106.4
4100,7,18.5,Recklinghausen,Nordrhein-Westfalen                     ,84.2
4104,7,19.0,Regensburg,Bayern                                  ,83.6
4127,7,17.1,Reichshof-Eckenhagen,Nordrhein-Westfalen                     ,107.0
4149,7,15.3,Marienberg-Reitzenhain,Sachsen                                 ,106.0
4152,7,16.8,Remetschwiel,Baden-Württemberg                       ,106.9
4154,7,17.1,Remscheid-Lennep,Nordrhein-Westfalen                     ,112.0
4156,7,17.4,Rendsburg,Schleswig-Holstein                      ,89.9
4160,7,17.9,Renningen-Ihinger Hof,Baden-Württemberg                       ,75.9
4166,7,19.0,Reutlingen-Betzingen,Baden-Württemberg                       ,95.2
4169,7,19.7,Rheinau-Memprechtshofen,Baden-Württemberg                       ,87.1
4174,7,18.3,Rheine-Bentlage,Nordrhein-Westfalen                     ,
4175,7,19.9,Rheinfelden,Baden-Württemberg                       ,97.8
4177,7,20.3,Rheinstetten,Baden-Württemberg                       ,83.0
4189,7,17.7,"Altheim, Kreis Biberach",Baden-Württemberg                       ,91.9
4222,7,17.1,Rodewisch,Sachsen                                 ,100.2
4233,7,16.9,Röhrigshof bei Schlüchtern,Hessen                                  ,93.0
4240,7,16.6,Roetgen,Nordrhein-Westfalen                     ,98.4
4261,7,18.5,Rosenheim,Bayern                                  ,147.9
4271,7,18.1,Rostock-Warnemünde,Mecklenburg-Vorpommern                  ,62.2
4275,7,18.1,Rotenburg (Wümme),Niedersachsen                           ,78.1
4278,7,19.0,Roth bei Nürnberg,Bayern                                  ,95.3
4280,7,18.8,Roth,Bayern                                  ,88.8
4287,7,18.1,Rothenburg ob der Tauber,Bayern                                  ,66.5
4288,7,18.2,"Rothenfelde, Bad",Niedersachsen                           ,78.1
4294,7,18.7,Rottenburg-Kiebingen,Baden-Württemberg                       ,91.1
4300,7,17.2,Rottweil,Baden-Württemberg                       ,85.0
4301,7,19.9,"Kreuznach, Bad",Rheinland-Pfalz                         ,55.2
4318,7,15.6,Ruhpolding,Bayern                                  ,228.1
4320,7,17.4,Ruhwinkel,Schleswig-Holstein                      ,86.7
4323,7,18.0,Ruppertsecken,Rheinland-Pfalz                         ,64.0
4327,7,15.7,Rusel-Irlmoos,Bayern                                  ,149.9
4330,7,18.5,Rutesheim,Baden-Württemberg                       ,75.3
4332,7,18.4,Saalfeld,Thüringen                               ,70.0
4336,7,18.3,Saarbrücken-Ensheim,Saarland                                ,78.2
4339,7,19.8,Saarbrücken-Sankt Johann,Saarland                                ,67.4
4347,7,17.0,"Sachsa, Bad",Niedersachsen                           ,89.7
4349,7,19.5,Sachsenheim,Baden-Württemberg                       ,73.0
4350,7,19.0,"Säckingen, Bad (Bergseestr.)",Baden-Württemberg                       ,111.3
4354,7,17.7,Saldenburg-Entschenreuth,Bayern                                  ,116.2
4364,7,18.4,Salzgitter-Ringelheim,Niedersachsen                           ,69.5
4367,7,17.5,Salzhemmendorf-Lauenstein,Niedersachsen                           ,83.0
4371,7,18.1,"Salzuflen, Bad",Nordrhein-Westfalen                     ,74.7
4373,7,18.3,Salzwedel,Sachsen-Anhalt                          ,66.9
4377,7,17.1,Sandberg,Bayern                                  ,76.3
4386,7,16.4,Sankt Blasien,Baden-Württemberg                       ,110.9
4391,7,17.3,Sankt Michaelisdonn,Schleswig-Holstein                      ,88.1
4396,7,18.1,Sankt Wendel-Hof,Saarland                                ,77.0
4397,7,17.8,Sankt Wendel-Urweiler,Saarland                                ,76.1
4401,7,18.5,"Sassendorf, Bad-Ostinghausen",Nordrhein-Westfalen                     ,85.8
4411,7,19.1,Schaafheim-Schlierbach,Hessen                                  ,62.7
4419,7,20.5,Schallstadt-Mengen,Baden-Württemberg                       ,87.0
4425,7,17.5,Schaumberg-Tholey,Saarland                                ,86.0
4433,7,17.9,Schemmerhofen-Ingerkingen,Baden-Württemberg                       ,93.1
4436,7,17.5,Schenklengsfeld,Hessen                                  ,75.6
4438,7,18.4,Scheßlitz,Bayern                                  ,89.4
4442,7,17.8,Schieder,Nordrhein-Westfalen                     ,88.9
4445,7,14.4,Wernigerode-Schierke,Sachsen-Anhalt                          ,100.7
4464,7,16.8,Schleiz,Thüringen                               ,88.0
4466,7,17.0,Schleswig,Schleswig-Holstein                      ,86.9
4468,7,17.0,Schleswig-Stadtfeld,Schleswig-Holstein                      ,87.1
4474,7,18.9,Schlossböckelheim,Rheinland-Pfalz                         ,61.8
4479,7,17.2,Schlüchtern-Kloster Gomfritz,Hessen                                  ,88.5
4480,7,18.2,Schlüchtern-Herolz,Hessen                                  ,82.6
4484,7,17.5,Schmalenbeck,Schleswig-Holstein                      ,81.3
4485,7,17.8,"Schmalkalden, Kurort",Thüringen                               ,79.6
4489,7,17.9,Schmatzfeld,Sachsen-Anhalt                          ,64.2
4490,7,18.6,Schmelz-Hüttersdorf,Saarland                                ,81.9
4501,7,14.0,Schmücke,Thüringen                               ,122.6
4505,7,15.6,Schnarrtanne-Vogelsgrün,Sachsen                                 ,116.2
4508,7,15.3,Schneifelforsthaus,Rheinland-Pfalz                         ,91.5
4548,7,16.0,Schönwald/Ofr.-Brunn,Bayern                                  ,86.4
4549,7,14.8,Schönwald/Schwarzwald,Baden-Württemberg                       ,148.9
4557,7,18.7,Schopfheim-Eichen,Baden-Württemberg                       ,107.4
4559,7,18.1,Schorndorf-Knöbling,Bayern                                  ,86.0
4560,7,17.8,Schotten,Hessen                                  ,88.6
4571,7,15.9,Schulenberg,Niedersachsen                           ,114.6
4576,7,18.7,Schwabach (A),Bayern                                  ,80.9
4581,7,18.6,Schwäbisch Gmünd-Strassdorf,Baden-Württemberg                       ,100.0
4582,7,18.6,Schwäbisch Hall-Bibersfeld,Baden-Württemberg                       ,85.0
4584,7,18.3,Schwaigermoos,Bayern                                  ,110.3
4586,7,17.7,"Schwalbach, Bad",Hessen                                  ,79.9
4592,7,18.5,Schwandorf,Bayern                                  ,86.7
4593,7,18.6,Schwanebeck,Sachsen-Anhalt                          ,57.3
4597,7,16.8,Schwangau-Horn,Bayern                                  ,185.6
4605,7,17.5,Schwarzburg,Thüringen                               ,74.2
4606,7,19.1,Schwarze Pumpe,Brandenburg                             ,74.7
4612,7,17.2,Schwarzenberg,Sachsen                                 ,97.9
4621,7,18.8,Schweinfurt-Gartenstadt,Bayern                                  ,65.0
4625,7,18.1,Schwerin,Mecklenburg-Vorpommern                  ,69.7
4629,7,16.8,Schwesing,Schleswig-Holstein                      ,81.8
4642,7,18.7,Seehausen,Sachsen-Anhalt                          ,58.4
4649,7,18.0,Seelscheid,Nordrhein-Westfalen                     ,93.4
4651,7,17.6,Seesen,Niedersachsen                           ,85.6
4656,7,17.5,"Segeberg, Bad",Schleswig-Holstein                      ,81.0
4664,7,16.1,Selb/Oberfranken-Wildenau,Bayern                                  ,90.4
4692,7,18.1,Siegen (Kläranlage),Nordrhein-Westfalen                     ,93.0
4702,7,17.0,Sigmaringen (Flugplatz),Baden-Württemberg                       ,
4703,7,17.3,Sigmaringen-Laiz,Baden-Württemberg                       ,88.6
4704,7,18.6,Sigmarszell-Zeisertsweiler,Bayern                                  ,177.2
4705,7,15.8,Silberhütte,Bayern                                  ,108.8
4706,7,18.8,Simbach/Inn,Bayern                                  ,111.9
4709,7,17.1,Simmern-Wahlbach,Rheinland-Pfalz                         ,70.4
4719,7,19.7,Sinsheim,Baden-Württemberg                       ,76.5
4729,7,17.5,Steinau-Seidenroth,Hessen                                  ,97.3
4741,7,18.3,Solingen-Hohenscheid,Nordrhein-Westfalen                     ,90.7
4745,7,17.6,Soltau,Niedersachsen                           ,73.9
4748,7,18.4,Sondershausen,Thüringen                               ,61.1
4752,7,16.1,Sonneberg-Neufang,Thüringen                               ,105.0
4763,7,17.6,Sontra,Hessen                                  ,74.0
4765,7,18.1,"Sooden-Allendorf, Bad",Hessen                                  ,77.0
4775,7,17.8,Speinshart,Bayern                                  ,79.6
4782,7,19.1,Spören-Prussendorf,Sachsen-Anhalt                          ,60.6
4813,7,17.8,"Staffelstein, Bad-Stublang",Bayern                                  ,89.1
4818,7,16.2,Stammbach-Querenbach,Bayern                                  ,107.2
4837,7,19.2,Stegen,Baden-Württemberg                       ,107.8
4841,7,17.5,"Steinau, Kr. Cuxhaven",Niedersachsen                           ,85.6
4847,7,16.1,Steinberg,Niedersachsen                           ,99.3
4857,7,18.0,Mittelnkirchen-Hohenfelde,Niedersachsen                           ,83.0
4878,7,16.0,Oberharz am Brocken-Stiege,Sachsen-Anhalt                          ,69.9
4881,7,18.1,Stockach,Baden-Württemberg                       ,100.0
4896,7,16.7,Wagersrott,Schleswig-Holstein                      ,77.0
4911,7,18.4,Straubing,Bayern                                  ,88.0
4926,7,20.8,Stuttgart (Neckartal),Baden-Württemberg                       ,73.7
4927,7,19.9,Stuttgart-Stadt,Baden-Württemberg                       ,79.7
4928,7,19.5,Stuttgart (Schnarrenberg),Baden-Württemberg                       ,75.6
4931,7,18.7,Stuttgart-Echterdingen,Baden-Württemberg                       ,86.1
4933,7,18.9,Stuttgart-Hohenheim,Baden-Württemberg                       ,84.6
4939,7,18.1,"Suderode, Bad",Sachsen-Anhalt                          ,
4977,7,19.0,Tangermünde,Sachsen-Anhalt                          ,55.7
4978,7,17.2,Tann/Rhön,Hessen                                  ,81.5
4987,7,18.8,Tauberbischofsheim-Dittigheim,Baden-Württemberg                       ,68.2
4997,7,18.6,Starkenberg-Tegkwitz,Thüringen                               ,75.0
5009,7,17.8,Teterow,Mecklenburg-Vorpommern                  ,56.0
5014,7,17.6,Worpswede-Hüttenbusch,Niedersachsen                           ,81.9
5017,7,16.2,Teuschnitz,Bayern                                  ,99.1
5024,7,19.0,Möckern-Räckendorf,Sachsen-Anhalt                          ,57.6
5029,7,18.2,Tholey,Saarland                                ,79.7
5032,7,19.5,Thüngersheim,Bayern                                  ,67.0
5039,7,18.1,Tiefenort,Thüringen                               ,63.6
5046,7,17.1,Tirschenreuth-Lodermühl,Bayern                                  ,84.0
5047,7,15.6,Titisee-Neustadt-Langenordnach,Baden-Württemberg                       ,116.0
5059,7,15.5,Todtmoos,Baden-Württemberg                       ,132.3
5063,7,17.2,"Tölz, Bad",Bayern                                  ,184.8
5064,7,19.1,Tönisvorst,Nordrhein-Westfalen                     ,72.0
5067,7,15.7,Torfhaus im Solling,Niedersachsen                           ,100.5
5068,7,19.2,Torgau,Sachsen                                 ,67.4
5074,7,17.6,Traunstein-Sparz,Bayern                                  ,179.3
5075,7,17.7,Traunstein-Axdorf,Bayern                                  ,184.3
5078,7,17.7,Travemünde,Schleswig-Holstein                      ,69.1
5088,7,17.6,Trent,Mecklenburg-Vorpommern                  ,59.9
5097,7,17.5,Tribsees,Mecklenburg-Vorpommern                  ,66.4
5099,7,19.5,Trier-Zewen,Rheinland-Pfalz                         ,67.0
5100,7,18.7,Trier-Petrisberg,Rheinland-Pfalz                         ,72.9
5105,7,16.3,Trochtelfingen,Baden-Württemberg                       ,91.5
5107,7,16.0,Trochtelfingen-Wilsingen,Baden-Württemberg                       ,100.0
5109,7,17.9,Trollenhagen,Mecklenburg-Vorpommern                  ,57.3
5111,7,18.3,Trostberg,Bayern                                  ,129.3
5120,7,18.9,Tübingen,Baden-Württemberg                       ,
5127,7,16.7,Tuttlingen,Baden-Württemberg                       ,92.7
5128,7,17.1,Tuttlingen-Möhringen-Vorstadt,Baden-Württemberg                       ,92.5
5133,7,17.2,Twistetal-Mühlhausen,Hessen                                  ,65.0
5138,7,18.8,Überlingen/Bodensee,Baden-Württemberg                       ,109.1
5142,7,18.2,Ueckermünde,Mecklenburg-Vorpommern                  ,58.0
5146,7,18.0,Uelzen,Niedersachsen                           ,72.0
5149,7,18.4,Gollhofen,Bayern                                  ,73.0
5155,7,18.2,Ulm,Baden-Württemberg                       ,86.3
5158,7,18.3,Ummendorf,Sachsen-Anhalt                          ,55.0
5165,7,17.7,Unterlüß,Niedersachsen                           ,75.3
5185,7,19.0,Uttenreuth,Bayern                                  ,84.0
5229,7,17.2,Villingen-Schwenningen,Baden-Württemberg                       ,85.7
5236,7,17.8,Visbek,Niedersachsen                           ,87.0
5244,7,19.8,Völklingen-Stadt,Saarland                                ,66.6
5250,7,20.1,Vogtsburg-Oberrotweil,Baden-Württemberg                       ,
5252,7,17.9,Voldagsen,Niedersachsen                           ,77.2
5267,7,18.7,Wackersleben,Sachsen-Anhalt                          ,62.6
5275,7,20.6,Waghäusel-Kirrlach,Baden-Württemberg                       ,71.2
5277,7,17.3,Wahlen,Hessen                                  ,
5279,7,17.8,Wesertal-Lippoldsberg,Hessen                                  ,79.9
5280,7,17.5,Wittenborn,Schleswig-Holstein                      ,79.0
5282,7,19.0,Wahnsdorf bei Dresden,Sachsen                                 ,83.3
5284,7,19.6,Waiblingen,Baden-Württemberg                       ,85.4
5291,7,14.8,Waldau-Jostal,Baden-Württemberg                       ,137.1
5296,7,17.1,Waldeck,Hessen                                  ,66.7
5300,7,17.4,Waldems-Reinborn,Hessen                                  ,73.6
5306,7,15.0,Waldhäuser (National Park),Bayern                                  ,140.1
5317,7,16.7,Waldsassen,Bayern                                  ,81.2
5320,7,18.8,Waldshut,Baden-Württemberg                       ,105.9
5335,7,17.7,Waltershausen,Thüringen                               ,76.0
5344,7,17.2,Wangerooge,Niedersachsen                           ,73.6
5347,7,17.5,Warburg,Nordrhein-Westfalen                     ,73.0
5349,7,18.2,Waren (Müritz),Mecklenburg-Vorpommern                  ,53.0
5361,7,17.8,Wartenberg-Angersbach,Hessen                                  ,64.9
5369,7,18.3,Wasserburg,Bayern                                  ,139.2
5371,7,14.3,Wasserkuppe,Hessen                                  ,120.8
5377,7,10.4,Watzmannhaus,Bayern                                  ,310.2
5397,7,18.0,Weiden,Bayern                                  ,87.5
5398,7,17.9,"Weidenbach, Kr.Ansbach",Bayern                                  ,74.7
5403,7,18.4,Weigenheim-Reusch,Bayern                                  ,71.9
5404,7,17.4,Weihenstephan-Dürnast,Bayern                                  ,106.0
5410,7,18.6,Weilburg (Kläranlage),Hessen                                  ,74.6
5419,7,18.1,Weimar,Thüringen                               ,72.0
5424,7,17.7,Weimar-Schöndorf,Thüringen                               ,71.2
5426,7,17.7,Weinbiet,Rheinland-Pfalz                         ,59.7
5429,7,19.7,Weinsberg,Baden-Württemberg                       ,76.1
5431,7,18.4,Weisen bei Wittenberge,Sachsen-Anhalt                          ,63.0
5433,7,18.4,Weiskirchen/Saar,Saarland                                ,83.4
5434,7,17.8,Weismain,Bayern                                  ,86.7
5435,7,18.4,Weissach,Baden-Württemberg                       ,76.9
5440,7,18.2,Weißenburg-Emetzheim,Bayern                                  ,88.1
5442,7,19.0,Weißenfels,Sachsen-Anhalt                          ,68.4
5445,7,18.8,Weißensee-Ottenhausen,Thüringen                               ,64.7
5453,7,20.0,Weisweil-Waldeckhof,Baden-Württemberg                       ,91.0
5460,7,17.0,Wellendingen,Baden-Württemberg                       ,92.6
5463,7,19.1,Wellmitz,Brandenburg                             ,70.9
5467,7,10.4,Wendelstein,Bayern                                  ,189.5
5480,7,18.6,Werl,Nordrhein-Westfalen                     ,78.0
5488,7,18.5,"Mühlhausen, Kr. Schweinfurt",Bayern                                  ,68.6
5490,7,17.9,Wernigerode,Sachsen-Anhalt                          ,61.0
5498,7,18.9,Wertheim-Eichel,Baden-Württemberg                       ,68.5
5514,7,17.0,Westerland,Schleswig-Holstein                      ,56.3
5516,7,17.6,Fehmarn,Schleswig-Holstein                      ,60.0
5538,7,17.9,Wielenbach (Demollstr.),Bayern                                  ,138.0
5540,7,20.3,Wiesbaden (Süd),Hessen                                  ,66.7
5541,7,18.4,Wiesbaden-Auringen,Hessen                                  ,73.0
5543,7,18.6,Wiesbaden-Dotzheim,Hessen                                  ,67.6
5546,7,18.4,Wiesenburg,Brandenburg                             ,65.0
5559,7,16.9,"Wildbad, Bad-Calmbach",Baden-Württemberg                       ,96.0
5562,7,17.1,Neubulach-Oberhaugstett,Baden-Württemberg                       ,82.3
5568,7,17.3,"Wildungen, Bad",Hessen                                  ,63.5
5575,7,17.5,Wilhelmshaven,Niedersachsen                           ,87.1
5582,7,15.4,Willingen/Upland,Hessen                                  ,97.0
5609,7,19.1,"Winterbach, Rems-Murr-Kreis",Baden-Württemberg                       ,92.8
5610,7,14.8,Winterberg,Nordrhein-Westfalen                     ,102.8
5624,7,17.8,Wismar,Mecklenburg-Vorpommern                  ,66.1
5629,7,19.2,Wittenberg,Sachsen-Anhalt                          ,58.7
5640,7,17.4,Wittmundhafen,Niedersachsen                           ,
5642,7,18.2,Wittstock,Brandenburg                             ,
5643,7,18.3,Wittstock-Rote Mühle,Brandenburg                             ,62.2
5644,7,18.0,Witzenhausen,Hessen                                  ,74.8
5654,7,18.5,Wörnitz-Bottenweiler,Bayern                                  ,78.2
5663,7,17.6,Woldegk,Mecklenburg-Vorpommern                  ,59.9
5664,7,18.1,Wolfach,Baden-Württemberg                       ,124.1
5675,7,18.9,Wolfsburg,Niedersachsen                           ,61.5
5676,7,18.7,Wolfsburg (Südwest),Niedersachsen                           ,66.5
5681,7,18.9,Wolfstein/Pfalz,Rheinland-Pfalz                         ,62.4
5688,7,15.5,Dachsberg-Wolpadingen,Baden-Württemberg                       ,124.6
5692,7,20.0,Worms,Rheinland-Pfalz                         ,61.4
5703,7,19.4,Würzburg/Main,Bayern                                  ,68.5
5705,7,19.2,Würzburg,Bayern                                  ,64.6
5707,7,19.4,Würzburg (Physikalisches-Institut),Bayern                                  ,66.3
5715,7,18.4,Wunstorf,Niedersachsen                           ,62.8
5717,7,18.2,Wuppertal-Buchenhofen,Nordrhein-Westfalen                     ,94.2
5719,7,17.8,Remscheid,Nordrhein-Westfalen                     ,102.0
5728,7,18.9,Wustrau-Ziethenhorst,Brandenburg                             ,57.4
5731,7,19.0,Wutöschingen-Ofteringen,Baden-Württemberg                       ,90.8
5732,7,17.1,Wrixum/Föhr,Schleswig-Holstein                      ,66.3
5745,7,18.5,Zehdenick,Brandenburg                             ,50.5
5750,7,19.0,Zeitz,Sachsen-Anhalt                          ,80.0
5761,7,19.2,Zerbst,Sachsen-Anhalt                          ,59.0
5778,7,17.9,Zinnowitz,Mecklenburg-Vorpommern                  ,61.7
5779,7,14.4,Zinnwald-Georgenfeld,Sachsen                                 ,108.9
5792,7,2.9,Zugspitze,Bayern                                  ,187.6
5797,7,17.9,Lichtentanne,Sachsen                                 ,88.0
5800,7,16.5,Zwiesel,Bayern                                  ,120.0
5802,7,16.5,Zwieselberg,Bayern                                  ,119.5
5821,7,17.7,Bassum (A),Niedersachsen                           ,70.0
5822,7,17.7,Bassum,Niedersachsen                           ,73.0
5825,7,19.0,Berge,Brandenburg                             ,51.9
5832,7,18.2,Dannenberg,Niedersachsen                           ,69.6
5839,7,17.4,Emden,Niedersachsen                           ,84.0
5856,7,18.1,Fürstenzell,Bayern                                  ,112.0
5871,7,16.8,Hahn,Rheinland-Pfalz                         ,78.0
5885,7,19.2,Kirchheim/Teck-Ötlingen,Baden-Württemberg                       ,92.9
5890,7,16.2,"Kohlgrub, Bad (A)",Bayern                                  ,187.4
5898,7,19.5,Ludwigsburg,Baden-Württemberg                       ,
5904,7,18.3,Mainburg,Bayern                                  ,96.6
5906,7,20.4,Mannheim,Baden-Württemberg                       ,76.1
5912,7,17.7,Malsfeld,Hessen                                  ,71.1
5920,7,19.4,Neuwied,Rheinland-Pfalz                         ,65.1
5930,7,17.2,Schönhagen (Ostseebad),Schleswig-Holstein                      ,74.0
5941,7,16.5,Reit im Winkl,Bayern                                  ,216.0
5971,7,17.7,Welzheim (A),Baden-Württemberg                       ,105.0
6086,7,18.9,Melchow-Schönholz,Brandenburg                             ,62.6
6093,7,18.1,Wendisch Evern,Niedersachsen                           ,73.0
6095,7,18.2,Taubenheim-Seeligstadt,Sachsen                                 ,91.2
6105,7,17.3,Ostenfeld (Rendsburg),Schleswig-Holstein                      ,84.0
6109,7,18.3,Grambow-Schwennenz,Mecklenburg-Vorpommern                  ,66.0
6110,7,17.9,Medow-Wussentin,Mecklenburg-Vorpommern                  ,59.0
6129,7,17.6,Sohland/Spree,Sachsen                                 ,86.0
6157,7,17.5,Wangerland-Hooksiel,Niedersachsen                           ,86.0
6158,7,17.7,Weidenbach-Weiherschneidbach,Bayern                                  ,81.0
6159,7,17.6,Dörpen,Niedersachsen                           ,83.8
6163,7,17.5,Dörnick,Schleswig-Holstein                      ,78.0
6170,7,19.2,Coschen,Brandenburg                             ,69.0
6182,7,18.6,Mallersdorf-Pfaffenberg,Bayern                                  ,89.0
6184,7,17.5,Wilhelmshaven (Flugplatz),Niedersachsen                           ,
6186,7,18.1,Nastätten,Rheinland-Pfalz                         ,71.0
6196,7,16.3,Selb-Spielberg,Bayern                                  ,92.4
6197,7,17.1,Lügde-Paenbruch,Nordrhein-Westfalen                     ,85.0
6199,7,17.5,Steinhagen-Negast,Mecklenburg-Vorpommern                  ,63.0
6217,7,19.8,Saarbrücken-Burbach,Saarland                                ,71.0
6219,7,18.4,Dollnstein-Breitenfurt,Bayern                                  ,79.2
6258,7,18.8,Friedrichshafen-Unterraderach,Baden-Württemberg                       ,121.0
6259,7,17.3,Großerlach-Mannenweiler,Baden-Württemberg                       ,105.0
6260,7,18.1,Ingelfingen-Stachenhausen,Baden-Württemberg                       ,87.0
6262,7,18.5,Schwäbisch Gmünd-Weiler,Baden-Württemberg                       ,98.0
6263,7,18.7,Singen,Baden-Württemberg                       ,91.0
6264,7,16.3,Brilon-Thülen,Nordrhein-Westfalen                     ,91.0
6265,7,19.1,Wusterwitz,Brandenburg                             ,57.0
6266,7,18.6,Huy-Pabstorf,Sachsen-Anhalt                          ,59.0
6272,7,17.8,"Salzungen, Bad-Gräfen-Nitzendorf",Thüringen                               ,70.0
6273,7,19.0,Demker,Sachsen-Anhalt                          ,57.0
6275,7,18.9,Notzingen,Baden-Württemberg                       ,95.0
6304,7,17.0,Pilsach-Litzlohe,Bayern                                  ,103.0
6305,7,18.2,Mühlhausen/Thüringen-Görmar,Thüringen                               ,61.0
6310,7,17.9,Karlshagen,Mecklenburg-Vorpommern                  ,61.0
6312,7,18.3,Markt Erlbach-Mosbach,Bayern                                  ,77.0
6314,7,18.2,Nossen,Sachsen                                 ,92.0
6336,7,18.0,Lohr/Main-Halsbach,Bayern                                  ,75.0
6337,7,18.5,Lüdinghausen-Brochtrup,Nordrhein-Westfalen                     ,80.0
6344,7,18.7,Runkel-Ennerich,Hessen                                  ,70.0
6346,7,18.0,Maisach-Galgen,Bayern                                  ,118.0
6347,7,18.4,Schonungen-Mainberg,Bayern                                  ,78.0
7075,7,18.4,Elsendorf-Horneck,Bayern                                  ,89.0
7099,7,18.0,Liebenburg-Othfresen,Niedersachsen                           ,75.0
7105,7,17.0,Siegsdorf-Höll,Bayern                                  ,192.0
7106,7,18.1,Bielefeld-Deppendorf,Nordrhein-Westfalen                     ,75.0
7135,7,17.9,Aulendorf-Haslach,Baden-Württemberg                       ,120.0
7187,7,18.6,Freudenberg/Main-Boxtal,Baden-Württemberg                       ,71.0
7244,7,18.2,Neuglobsow (HM),Brandenburg                             ,58.1
7298,7,17.0,Hattstedt,Schleswig-Holstein                      ,81.0
7319,7,18.3,Donauwörth-Osterweiler,Bayern                                  ,87.0
7321,7,18.6,Olbersleben,Thüringen                               ,71.0
7325,7,3.8,,,175.0
7329,7,17.0,Treuen,Sachsen                                 ,94.0
7330,7,17.7,Arnsberg-Neheim,Nordrhein-Westfalen                     ,86.0
7331,7,18.0,Hermaringen-Allewind,Baden-Württemberg                       ,92.0
7341,7,20.0,Offenbach-Wetterpark,Hessen                                  ,69.0
7343,7,15.2,Deutschneudorf-Brüderwiese,Sachsen                                 ,115.0
7350,7,16.6,Prackenbach-Neuhäusl,Bayern                                  ,116.0
7351,7,17.8,Feldberg/Mecklenburg,Mecklenburg-Vorpommern                  ,60.0
7364,7,19.6,Jeßnitz,Sachsen-Anhalt                          ,62.0
7367,7,18.0,Alfeld,Niedersachsen                           ,79.0
7368,7,17.6,Eisenach,Thüringen                               ,72.0
7369,7,17.9,Feuchtwangen-Heilbronn,Bayern                                  ,81.0
7370,7,17.3,Waldmünchen,Bayern                                  ,90.0
7373,7,17.5,Borkum-Flugplatz,Niedersachsen                           ,78.0
7374,7,18.4,Ahaus,Nordrhein-Westfalen                     ,77.0
7389,7,18.9,Heckelberg,Brandenburg                             ,64.0
7393,7,19.1,Hoyerswerda,Sachsen                                 ,68.0
7394,7,16.2,Wunsiedel-Schönbrunn,Bayern                                  ,95.0
7395,7,18.6,Gottfrieding,Bayern                                  ,95.0
7396,7,15.1,Hoherodskopf/Vogelsberg,Hessen                                  ,120.0
7403,7,17.2,Leutkirch-Herlazhofen,Baden-Württemberg                       ,152.8
7410,7,17.3,Neu-Ulrichstein,Hessen                                  ,81.0
7412,7,17.7,Neuhütten/Spessart,Bayern                                  ,88.0
7419,7,17.3,Langenwetzendorf-Göttendorf,Thüringen                               ,81.0
7420,7,18.2,Naumburg/Saale-Kreipitzsch,Sachsen-Anhalt                          ,80.0
7424,7,18.2,Piding,Bayern                                  ,177.0
7427,7,17.6,Padenstedt (Pony-Park),Schleswig-Holstein                      ,88.0
7428,7,17.5,Veilsdorf,Thüringen                               ,81.0
7431,7,17.8,Oberhaching-Laufzorn,Bayern                                  ,151.0
7432,7,18.2,Wittingen-Vorhop,Niedersachsen                           ,71.0
13670,7,19.4,Duisburg-Baerl,Nordrhein-Westfalen                     ,72.0
13674,7,19.3,Waibstadt,Baden-Württemberg                       ,84.0
13675,7,18.3,Hameln-Hastenbeck,Niedersachsen                           ,71.0
13696,7,18.9,Waltrop-Abdinghof,Nordrhein-Westfalen                     ,77.0
13700,7,18.0,Gevelsberg-Oberbröking,Nordrhein-Westfalen                     ,87.0
13710,7,18.2,Landshut-Reithof,Bayern                                  ,108.0
13711,7,18.1,Krölpa-Rockendorf,Thüringen                               ,74.0
13713,7,16.8,Meinerzhagen-Redlendorf,Nordrhein-Westfalen                     ,109.0
13776,7,18.2,Hildesheim-Drispenstedt,Niedersachsen                           ,67.3
13777,7,18.6,Helmstedt-Emmerstedt,Niedersachsen                           ,59.0
13965,7,17.4,Balingen-Bronnhaupten,Baden-Württemberg                       ,93.0
14138,7,19.1,,,65.0
14311,7,16.1,Hersdorf-Weißenseifen,Rheinland-Pfalz                         ,76.7
15000,7,18.1,Aachen-Orsbach,Nordrhein-Westfalen                     ,80.0
15207,7,17.3,Schauenburg-Elgershausen,Hessen                                  ,73.0
15444,7,17.6,Ulm-Mähringen,Baden-Württemberg                       ,97.0
15555,7,16.7,Kaufbeuren-Oberbeuren,Bayern                                  ,152.4
15926,7,18.2,Fronberg (Schwandorf),Bayern                                  ,85.9
15951,7,17.4,Pirmasens (Kläranlage),Rheinland-Pfalz                         ,71.9
15963,7,19.0,St. Tönis,Nordrhein-Westfalen                     ,72.3
15965,7,18.0,"Brückenau, Bad (Elisabethenhof)",Bayern                                  ,88.0
15979,7,17.6,Sargenroth,Rheinland-Pfalz                         ,69.8
16085,7,17.9,Leherheide,Bremen                                  ,82.6
19087,7,16.9,Freyung vorm Wald,Bayern                                  ,115.1
19171,7,17.6,Hasenkrug-Hardebek,Schleswig-Holstein                      ,89.9
19172,7,17.3,Wacken,Schleswig-Holstein                      ,96.4
19580,7,17.7,"Urach, Bad/Erms",Baden-Württemberg                       ,104.7
19607,7,15.9,Cämmerswalde-Rauschenbach,Sachsen                                 ,
19617,7,18.5,Burghaslach,Bayern                                  ,74.8
19647,7,18.6,Eberbach/Neckar,Baden-Württemberg                       ,
19781,7,18.6,Ingolstadt,Bayern                                  ,85.9
1,8,17.9,Aach,Baden-Württemberg                       ,85.1
3,8,18.0,Aachen,Nordrhein-Westfalen                     ,74.8
44,8,17.2,Großenkneten,Niedersachsen                           ,73.9
52,8,17.1,Ahrensburg-Wulfsdorf,Schleswig-Holstein                      ,87.7
61,8,18.0,Aiterhofen,Bayern                                  ,80.2
70,8,16.1,Albstadt-Ebingen,Baden-Württemberg                       ,86.6
71,8,15.7,Albstadt-Badkap,Baden-Württemberg                       ,86.0
72,8,15.6,Albstadt-Onstmettingen,Baden-Württemberg                       ,98.9
73,8,17.8,Aldersbach-Kriestorf,Bayern                                  ,86.6
78,8,17.1,Alfhausen,Niedersachsen                           ,74.0
91,8,16.8,Alsfeld-Eifa,Hessen                                  ,59.6
93,8,17.1,Alsfeld-Reibertenrod,Hessen                                  ,56.5
96,8,18.1,Neuruppin-Alt Ruppin,Brandenburg                             ,59.0
98,8,14.7,Altastenberg,Nordrhein-Westfalen                     ,93.9
116,8,18.2,Altenburg,Thüringen                               ,72.3
125,8,16.5,Altenstadt,Bayern                                  ,
129,8,17.6,Altentreptow,Mecklenburg-Vorpommern                  ,49.9
131,8,17.7,Geringswalde-Altgeringswalde,Sachsen                                 ,84.9
132,8,15.7,Altglashütte,Bayern                                  ,90.3
142,8,17.3,Altomünster-Maisbrunn,Bayern                                  ,94.3
150,8,18.9,Alzey,Rheinland-Pfalz                         ,49.1
151,8,17.8,Amberg-Unterammersricht,Bayern                                  ,69.0
154,8,17.2,Amerang-Pfaffing,Bayern                                  ,136.0
161,8,18.9,Andernach,Rheinland-Pfalz                         ,52.7
164,8,17.9,Angermünde,Brandenburg                             ,60.3
167,8,17.6,Anklam,Mecklenburg-Vorpommern                  ,59.9
169,8,16.2,Annaberg-Buchholz,Sachsen                                 ,95.7
172,8,16.2,Annaturm,Niedersachsen                           ,80.3
174,8,18.3,Annweiler-Bindersbach,Rheinland-Pfalz                         ,68.6
175,8,17.5,Ansbach,Bayern                                  ,65.9
177,8,17.5,Ansbach-Hennenbach,Bayern                                  ,60.9
183,8,17.3,Arkona,Mecklenburg-Vorpommern                  ,60.7
184,8,18.2,Arneburg,Sachsen-Anhalt                          ,57.4
185,8,17.0,Arnis,Schleswig-Holstein                      ,70.6
186,8,16.5,Arnsberg,Nordrhein-Westfalen                     ,89.1
191,8,18.1,Arnstein-Müdesheim,Bayern                                  ,53.0
193,8,16.9,Arolsen-Neu Berich,Hessen                                  ,66.7
198,8,18.5,Artern,Thüringen                               ,47.8
202,8,18.8,Aschaffenburg,Bayern                                  ,62.6
207,8,18.3,Aschersleben,Sachsen-Anhalt                          ,51.2
211,8,17.5,Aßlar Klein-Altenstädten,Hessen                                  ,56.6
217,8,16.9,Attenkam,Bayern                                  ,145.5
221,8,17.6,Au i.d.Hallertau-Günzenhausen,Bayern                                  ,96.5
222,8,16.8,Aue,Sachsen                                 ,101.0
231,8,17.5,Augsburg (Sankt Stephan),Bayern                                  ,94.0
232,8,17.5,Augsburg,Bayern                                  ,92.2
243,8,16.7,Aurich,Niedersachsen                           ,79.3
257,8,18.6,Baden-Baden-Geroldsau,Baden-Württemberg                       ,97.6
259,8,18.8,Müllheim,Baden-Württemberg                       ,96.9
268,8,16.5,Baiersbronn-Obertal,Baden-Württemberg                       ,123.4
273,8,17.9,Baindt,Baden-Württemberg                       ,98.1
282,8,17.9,Bamberg,Bayern                                  ,55.4
283,8,17.6,Bamberg-Altenburg,Bayern                                  ,58.0
284,8,17.6,Bamberg (Sternwarte),Bayern                                  ,58.7
288,8,17.7,Bargischow-Gnevezin,Mecklenburg-Vorpommern                  ,60.8
294,8,17.9,Barsinghausen-Hohenbostel,Niedersachsen                           ,79.0
298,8,17.1,Barth,Mecklenburg-Vorpommern                  ,72.2
303,8,18.5,Baruth,Brandenburg                             ,63.3
314,8,18.3,"Kubschütz, Kr. Bautzen",Sachsen                                 ,77.2
320,8,17.3,Heinersreuth-Vollhof,Bayern                                  ,62.3
326,8,17.7,Beckum-Unterberg,Nordrhein-Westfalen                     ,79.0
327,8,17.1,Bederkesa,Niedersachsen                           ,90.4
330,8,17.5,Oberzent-Beerfelden,Hessen                                  ,71.5
335,8,17.3,Behrensdorf,Schleswig-Holstein                      ,74.6
342,8,17.6,Belm,Niedersachsen                           ,83.0
348,8,18.8,Bendorf,Rheinland-Pfalz                         ,57.7
355,8,19.5,Bensheim,Hessen                                  ,73.1
361,8,17.0,Berchtesgaden (KKst),Bayern                                  ,202.5
365,8,17.2,Berg/Oberpfalz,Bayern                                  ,75.4
368,8,17.5,Bergen,Niedersachsen                           ,
377,8,19.0,"Bergzabern, Bad",Rheinland-Pfalz                         ,54.5
379,8,17.4,"Berka, Bad (Flugplatz)",Thüringen                               ,70.9
386,8,15.9,"Berleburg, Bad",Nordrhein-Westfalen                     ,78.1
390,8,15.0,"Berleburg, Bad-Stünzel",Nordrhein-Westfalen                     ,91.0
395,8,18.7,Berlin-Adlershof,Berlin                                  ,
399,8,19.5,Berlin-Alexanderplatz,Berlin                                  ,58.0
400,8,18.4,Berlin-Buch,Berlin                                  ,58.0
402,8,18.3,Berlin-Dahlem (LFAG),Berlin                                  ,63.3
403,8,18.3,Berlin-Dahlem (FU),Berlin                                  ,64.1
405,8,18.6,Berlin-Friedrichshagen,Berlin                                  ,
407,8,18.6,Berlin-Frohnau,Berlin                                  ,59.6
408,8,19.2,Berlin-Invalidenstraße,Berlin                                  ,
410,8,18.4,Berlin-Kaniswall,Berlin                                  ,57.0
416,8,18.7,Berlin-Lichtenrade,Berlin                                  ,58.1
417,8,18.6,Berlin-Lichterfelde (Süd),Berlin                                  ,60.1
420,8,18.8,Berlin-Marzahn,Berlin                                  ,59.0
422,8,19.2,Berlin-Mitte,Berlin                                  ,58.9
424,8,19.3,Berlin-Ostkreuz,Berlin                                  ,
425,8,18.7,Berlin-Rudow,Berlin                                  ,55.6
427,8,18.8,Berlin Brandenburg,Brandenburg                             ,54.5
429,8,18.7,Berlin-Spandau,Berlin                                  ,62.4
430,8,18.9,Berlin-Tegel,Berlin                                  ,63.1
432,8,18.5,Berlin-Tegeler Fliesstal,Berlin                                  ,61.7
433,8,19.3,Berlin-Tempelhof,Berlin                                  ,58.6
434,8,19.1,Berlin-Treptow,Berlin                                  ,62.0
435,8,18.5,Berlin-Zehlendorf,Berlin                                  ,59.3
445,8,18.8,Bernburg/Saale (Nord),Sachsen-Anhalt                          ,56.0
450,8,19.1,Bernkastel-Kues,Rheinland-Pfalz                         ,61.3
460,8,18.1,Berus,Saarland                                ,69.0
474,8,17.0,Warthausen-Birkenhard,Baden-Württemberg                       ,99.0
480,8,16.6,Biedenkopf-Wallau,Hessen                                  ,69.9
502,8,16.9,Bischbrunn,Bayern                                  ,60.0
524,8,19.3,Bitterfeld,Sachsen-Anhalt                          ,53.5
526,8,17.7,"Blankenburg, Bad",Thüringen                               ,68.0
535,8,17.1,Blankenrath,Rheinland-Pfalz                         ,70.4
550,8,17.3,Bobeck,Thüringen                               ,75.0
553,8,17.8,Bocholt (Marienschule),Nordrhein-Westfalen                     ,71.0
555,8,18.1,Bochum,Nordrhein-Westfalen                     ,80.0
576,8,17.3,Böblingen,Baden-Württemberg                       ,79.3
578,8,17.3,Böhming,Bayern                                  ,90.0
588,8,17.7,Boffzen,Niedersachsen                           ,73.7
591,8,17.7,Boizenburg,Mecklenburg-Vorpommern                  ,66.2
592,8,17.1,Bokel,Schleswig-Holstein                      ,87.3
596,8,17.4,Boltenhagen,Mecklenburg-Vorpommern                  ,72.1
598,8,18.6,Bonn,Nordrhein-Westfalen                     ,63.6
599,8,18.7,Bonn-Friesdorf,Nordrhein-Westfalen                     ,67.6
601,8,18.2,,,
603,8,18.0,Königswinter-Heiderhof,Nordrhein-Westfalen                     ,78.0
606,8,17.2,Boos,Bayern                                  ,117.1
614,8,17.5,Borgentreich-Bühne,Nordrhein-Westfalen                     ,64.9
617,8,17.9,Borken in Westfalen,Nordrhein-Westfalen                     ,73.5
619,8,17.8,Borkum-Süderstraße,Niedersachsen                           ,75.5
642,8,17.5,Brake,Niedersachsen                           ,76.1
643,8,17.4,Brake-Süderfeld,Niedersachsen                           ,73.8
645,8,17.4,Bramsche,Niedersachsen                           ,76.4
648,8,16.8,Brande-Hörnerkirchen,Schleswig-Holstein                      ,90.5
650,8,18.4,Brandenburg-Görden,Brandenburg                             ,58.9
652,8,17.5,Hagenbüchach,Bayern                                  ,58.8
656,8,14.4,Braunlage,Niedersachsen                           ,100.0
660,8,18.0,Braunschweig-Gliesmarode,Niedersachsen                           ,65.5
661,8,18.1,Braunschweig (T.H.),Niedersachsen                           ,65.9
662,8,18.0,Braunschweig,Niedersachsen                           ,68.1
685,8,16.0,Breitsol,Bayern                                  ,76.8
691,8,17.5,Bremen,Bremen                                  ,68.5
699,8,17.5,Bremen-Seefahrtschule,Bremen                                  ,71.1
701,8,17.9,Bremerhaven,Bremen                                  ,75.8
702,8,17.7,Bremerhaven-Speckenbüttel,Bremen                                  ,76.7
703,8,17.2,Bremervörde (A),Niedersachsen                           ,79.5
704,8,17.2,Bremervörde,Niedersachsen                           ,79.0
705,8,17.2,Bremervörde-Niederochtenhausen,Niedersachsen                           ,80.1
706,8,19.4,Eschbach,Baden-Württemberg                       ,74.2
710,8,18.6,Bretten,Baden-Württemberg                       ,64.8
717,8,15.8,Brilon,Nordrhein-Westfalen                     ,90.9
722,8,11.5,Brocken,Sachsen-Anhalt                          ,146.9
727,8,17.9,Brombachtal-Kirch-Brombach,Hessen                                  ,72.9
729,8,15.7,Brotterode,Thüringen                               ,91.9
736,8,16.6,Brücken,Rheinland-Pfalz                         ,72.5
755,8,17.5,"Buchen, Kr. Neckar-Odenwald",Baden-Württemberg                       ,54.9
757,8,17.8,Buchenbach,Baden-Württemberg                       ,106.0
760,8,16.7,Rosengarten-Klecken,Niedersachsen                           ,81.1
766,8,16.4,Büchel (Flugplatz),Rheinland-Pfalz                         ,
769,8,18.2,Bückeburg,Niedersachsen                           ,75.6
771,8,18.3,Büdingen,Hessen                                  ,69.1
772,8,19.5,Bühlertal,Baden-Württemberg                       ,106.4
773,8,17.7,Bühlertal-Obertal,Baden-Württemberg                       ,116.6
793,8,16.1,Buhlenberg,Rheinland-Pfalz                         ,79.1
817,8,16.8,Burgwald-Bottendorf,Hessen                                  ,58.3
840,8,14.0,Carlsfeld,Sachsen                                 ,122.0
848,8,18.1,Celle (Stadt),Niedersachsen                           ,66.1
850,8,18.2,Celle,Niedersachsen                           ,65.8
851,8,17.5,Pemfling-Pitzling,Bayern                                  ,82.0
853,8,17.5,Chemnitz,Sachsen                                 ,95.2
856,8,17.4,Chieming,Bayern                                  ,155.0
863,8,14.9,Clausthal-Zellerfeld,Niedersachsen                           ,124.1
865,8,17.4,Cloppenburg,Niedersachsen                           ,71.8
867,8,17.6,Lautertal-Oberlauter,Bayern                                  ,61.8
876,8,17.9,Collmberg,Sachsen                                 ,73.5
879,8,18.7,Cottbus (Flugplatz),Brandenburg                             ,
880,8,18.7,Cottbus,Brandenburg                             ,65.2
881,8,17.7,Crailsheim-Alexandersreut,Baden-Württemberg                       ,68.8
888,8,17.9,Crimmitschau,Sachsen                                 ,74.4
891,8,17.7,Cuxhaven,Niedersachsen                           ,81.3
896,8,18.2,Dachwig,Thüringen                               ,49.9
917,8,18.7,Darmstadt,Hessen                                  ,66.0
918,8,19.2,Darmstadt (A),Hessen                                  ,65.3
919,8,18.9,Darmstadt-Botanischer Garten,Hessen                                  ,65.2
931,8,16.9,Deggenhausertal-Azenweiler,Baden-Württemberg                       ,108.0
948,8,18.8,Dessau,Sachsen-Anhalt                          ,57.8
953,8,16.8,Deuselbach,Rheinland-Pfalz                         ,69.0
963,8,17.6,Diepholz,Niedersachsen                           ,70.4
964,8,16.6,Dierfeld,Rheinland-Pfalz                         ,66.5
965,8,18.8,Diesbar-Seußlitz,Sachsen                                 ,76.5
970,8,17.4,Dietenhofen,Bayern                                  ,60.0
979,8,16.7,Dillenburg,Hessen                                  ,67.6
982,8,18.2,Dillingen/Donau,Bayern                                  ,73.5
983,8,18.0,Dillingen/Donau-Fristingen,Bayern                                  ,73.5
991,8,17.1,Dippoldiswalde-Reinberg,Sachsen                                 ,95.5
998,8,16.4,Dobel,Baden-Württemberg                       ,109.7
1000,8,17.5,"Doberan, Bad-Heiligendamm",Mecklenburg-Vorpommern                  ,70.9
1001,8,18.3,Doberlug-Kirchhain,Brandenburg                             ,68.7
1003,8,18.1,Döbeln,Sachsen                                 ,79.4
1006,8,17.9,Dömitz,Mecklenburg-Vorpommern                  ,58.1
1018,8,16.4,Donaueschingen,Baden-Württemberg                       ,79.2
1032,8,18.0,Dortmund,Nordrhein-Westfalen                     ,83.1
1047,8,19.0,Dresden (Mitte),Sachsen                                 ,75.9
1048,8,18.4,Dresden-Klotzsche,Sachsen                                 ,83.5
1050,8,18.5,Dresden-Hosterwitz,Sachsen                                 ,85.6
1051,8,18.9,Dresden-Strehlen,Sachsen                                 ,76.0
1052,8,18.2,Möckern-Drewitz,Sachsen-Anhalt                          ,63.0
1066,8,17.5,Duderstadt,Niedersachsen                           ,63.9
1072,8,19.6,"Dürkheim, Bad",Rheinland-Pfalz                         ,50.4
1073,8,19.3,"Dürkheim, Bad (Saline)",Rheinland-Pfalz                         ,50.7
1074,8,18.8,"Dürrenberg, Bad",Sachsen-Anhalt                          ,58.0
1078,8,18.6,Düsseldorf,Nordrhein-Westfalen                     ,70.6
1079,8,18.6,Düsseldorf-Südfriedhof,Nordrhein-Westfalen                     ,70.6
1084,8,18.9,Duisburg-Friemersheim,Nordrhein-Westfalen                     ,74.1
1087,8,19.2,Duisburg-Laar,Nordrhein-Westfalen                     ,83.4
1102,8,18.6,Ebersbach/Fils,Baden-Württemberg                       ,87.9
1103,8,17.2,Ebersberg-Halbing,Bayern                                  ,123.7
1106,8,18.5,Eberswalde,Brandenburg                             ,54.5
1107,8,16.9,Ebrach,Bayern                                  ,64.1
1130,8,16.8,Eggebek,Schleswig-Holstein                      ,76.0
1146,8,17.2,Ehningen,Baden-Württemberg                       ,75.6
1154,8,17.6,Eiberg,Bayern                                  ,115.8
1161,8,17.8,Eichstätt-Landershofen,Bayern                                  ,68.0
1169,8,19.2,Eimeldingen,Baden-Württemberg                       ,84.6
1172,8,17.9,Einbeck,Niedersachsen                           ,63.0
1182,8,18.2,Eisleben-Helfta,Sachsen-Anhalt                          ,45.6
1188,8,15.9,Elgersburg,Thüringen                               ,80.6
1197,8,17.2,Ellwangen-Rindelbach,Baden-Württemberg                       ,74.8
1200,8,17.1,Elpersbüttel,Schleswig-Holstein                      ,90.0
1201,8,18.4,Elsdorf/Erftkreis,Nordrhein-Westfalen                     ,60.2
1204,8,17.4,Elsfleth,Niedersachsen                           ,70.1
1207,8,15.7,"Elster, Bad-Sohl",Sachsen                                 ,81.0
1214,8,17.5,Elzach-Fisnacht,Baden-Württemberg                       ,117.0
1219,8,17.3,Emden-Nesserland,Niedersachsen                           ,72.8
1221,8,17.3,Emden-Wolthusen,Niedersachsen                           ,75.9
1224,8,18.4,Emmendingen-Mundingen,Baden-Württemberg                       ,84.7
1229,8,18.3,"Ems, Bad",Rheinland-Pfalz                         ,68.7
1238,8,17.4,Engelskirchen,Nordrhein-Westfalen                     ,94.0
1239,8,17.5,Engen/Hegau,Baden-Württemberg                       ,64.0
1243,8,15.9,Eningen,Baden-Württemberg                       ,106.3
1246,8,17.8,Ennigerloh-Ostenfelde,Nordrhein-Westfalen                     ,70.5
1254,8,18.9,Eppingen,Baden-Württemberg                       ,66.0
1255,8,18.8,Eppingen-Elsenz,Baden-Württemberg                       ,65.2
1262,8,17.8,München-Flughafen,Bayern                                  ,90.0
1266,8,16.9,Erfde,Schleswig-Holstein                      ,89.5
1270,8,17.7,Erfurt-Weimar,Thüringen                               ,54.4
1275,8,17.9,Ering,Bayern                                  ,102.0
1276,8,18.3,Eriskirch-Mariabrunn,Baden-Württemberg                       ,114.9
1279,8,18.5,Möhrendorf-Kleinseebach,Bayern                                  ,59.8
1280,8,18.2,Erlangen-Bruck,Bayern                                  ,60.9
1287,8,17.3,Eschau-Hobbach,Bayern                                  ,71.5
1292,8,17.5,Eschenbach/Oberpfalz,Bayern                                  ,63.3
1297,8,17.3,Eschwege,Hessen                                  ,58.0
1299,8,17.1,Esens,Niedersachsen                           ,80.1
1300,8,15.5,Eslohe,Nordrhein-Westfalen                     ,93.3
1303,8,18.0,Essen-Bredeney,Nordrhein-Westfalen                     ,88.8
1327,8,18.1,Weilerswist-Lommersum,Nordrhein-Westfalen                     ,59.4
1329,8,17.0,Eutin,Schleswig-Holstein                      ,79.8
1332,8,18.2,"Falkenberg,Kr.Rottal-Inn",Bayern                                  ,99.1
1339,8,17.2,Faßberg,Niedersachsen                           ,
1345,8,17.3,Feldberg,Mecklenburg-Vorpommern                  ,54.0
1346,8,11.7,Feldberg/Schwarzwald,Baden-Württemberg                       ,145.9
1357,8,15.3,Fichtelberg/Oberfranken-Hüttstadl,Bayern                                  ,98.0
1358,8,12.2,Fichtelberg,Sachsen                                 ,122.3
1374,8,17.0,Fladungen-Heufurt,Bayern                                  ,55.3
1378,8,16.7,Flensburg,Schleswig-Holstein                      ,96.2
1379,8,16.8,Flensburg (Schäferhaus),Schleswig-Holstein                      ,76.9
1380,8,16.8,Flensburg-Mürwik,Schleswig-Holstein                      ,93.9
1392,8,16.0,Flossenbürg,Bayern                                  ,89.0
1403,8,17.0,Frammersbach,Bayern                                  ,68.0
1410,8,18.3,"Frankenhausen, Bad/Kyffhäuser",Thüringen                               ,49.6
1411,8,14.8,Birx/Rhön,Thüringen                               ,75.6
1420,8,19.5,Frankfurt/Main,Hessen                                  ,56.5
1421,8,19.5,Frankfurt/Main (Stadt),Hessen                                  ,50.8
1424,8,19.6,Frankfurt/Main-Westend,Hessen                                  ,52.0
1425,8,19.7,Frankfurt/Main (Feldbergstr.),Hessen                                  ,51.7
1426,8,18.4,Frankfurt/Oder,Brandenburg                             ,62.0
1428,8,18.3,Frankweiler,Rheinland-Pfalz                         ,58.4
1440,8,18.4,Freiamt-Ottoschwanden,Baden-Württemberg                       ,100.0
1441,8,17.1,Freiberg,Sachsen                                 ,98.5
1443,8,19.3,Freiburg,Baden-Württemberg                       ,86.1
1447,8,20.1,Freiburg im Breisgau-Herdern,Baden-Württemberg                       ,87.1
1451,8,17.2,Freiburg/Elbe,Niedersachsen                           ,86.6
1468,8,15.5,Freudenstadt,Baden-Württemberg                       ,105.5
1473,8,17.5,Freystadt-Michelbach,Bayern                                  ,77.4
1488,8,15.8,Friedrichsbrunn,Sachsen-Anhalt                          ,61.5
1490,8,18.4,Friedrichshafen,Baden-Württemberg                       ,109.5
1492,8,15.4,Malsburg-Marzell-Friedrichsheim,Baden-Württemberg                       ,128.3
1503,8,16.6,Friesoythe-Altenoythe,Niedersachsen                           ,75.2
1504,8,17.6,Fritzlar (Flugplatz),Hessen                                  ,56.0
1513,8,15.2,Fuchskauten,Rheinland-Pfalz                         ,89.6
1515,8,17.7,Fürstenfeldbruck,Bayern                                  ,
1522,8,18.1,Fürth/Bayern (A),Bayern                                  ,61.4
1526,8,16.9,Fulda-Horas,Hessen                                  ,61.4
1544,8,17.8,Gardelegen,Sachsen-Anhalt                          ,53.9
1550,8,15.9,Garmisch-Partenkirchen,Bayern                                  ,185.5
1552,8,18.3,Gartz/Oder,Brandenburg                             ,55.0
1568,8,13.5,Gehlberg-Schmücke,Thüringen                               ,104.0
1572,8,18.0,Geilenkirchen (Flugplatz),Nordrhein-Westfalen                     ,
1580,8,19.2,Geisenheim,Hessen                                  ,45.2
1583,8,15.1,Geisingberg,Sachsen                                 ,123.7
1584,8,16.6,Geisingen,Baden-Württemberg                       ,81.0
1586,8,17.2,Traunstein-Geißing,Bayern                                  ,167.2
1587,8,17.1,Gelbelsee,Bayern                                  ,94.0
1590,8,18.0,Geldern-Walbeck,Nordrhein-Westfalen                     ,67.7
1593,8,18.3,Gelnhausen,Hessen                                  ,71.9
1602,8,18.4,Ohlsbach,Baden-Württemberg                       ,95.0
1605,8,18.3,Genthin,Sachsen-Anhalt                          ,60.0
1612,8,17.8,Gera-Leumnitz,Thüringen                               ,73.0
1619,8,19.5,Gernsheim,Hessen                                  ,56.3
1621,8,16.5,Geroda-Platz,Bayern                                  ,64.6
1638,8,18.3,Gießen (Lahntal),Hessen                                  ,55.7
1639,8,17.9,Gießen/Wettenberg,Hessen                                  ,56.0
1645,8,16.0,Gilserberg-Moischeid,Hessen                                  ,63.1
1666,8,16.9,Glücksburg-Meierwik,Schleswig-Holstein                      ,82.0
1667,8,17.2,Glückstadt,Schleswig-Holstein                      ,81.5
1684,8,18.0,Görlitz,Sachsen                                 ,80.0
1689,8,16.9,Gößweinstein,Bayern                                  ,70.3
1691,8,17.4,Göttingen,Niedersachsen                           ,57.5
1694,8,17.4,Goldberg,Mecklenburg-Vorpommern                  ,58.0
1709,8,16.6,"Gottleuba, Bad",Sachsen                                 ,112.6
1721,8,17.1,Gräfenberg-Kasberg,Bayern                                  ,80.0
1735,8,16.6,Grainet-Rehberg,Bayern                                  ,107.0
1757,8,17.5,Greifswald,Mecklenburg-Vorpommern                  ,71.1
1762,8,17.1,Greiz-Dölau,Thüringen                               ,70.6
1766,8,17.8,Münster/Osnabrück,Nordrhein-Westfalen                     ,77.0
1792,8,17.4,Groß Berßen,Niedersachsen                           ,67.7
1803,8,17.0,Groß Lüsewitz,Mecklenburg-Vorpommern                  ,69.2
1833,8,12.8,Grosser Falkenstein,Bayern                                  ,136.3
1834,8,13.7,Grosser Inselsberg,Thüringen                               ,103.4
1844,8,17.5,Feldkirchen-Westerham-Lenzmühle,Bayern                                  ,133.0
1849,8,17.8,Großmehring-Theißing,Bayern                                  ,80.2
1863,8,17.6,Gründau-Breitenborn,Hessen                                  ,76.0
1869,8,17.9,Grünow,Brandenburg                             ,54.0
1875,8,17.4,"Gschwend, Kr. Ostalb",Baden-Württemberg                       ,83.0
1886,8,17.7,Günzburg,Bayern                                  ,80.4
1890,8,17.6,Güstrow-Schabernack,Mecklenburg-Vorpommern                  ,
1891,8,17.9,Rheda-Wiedenbrück-Lintel,Nordrhein-Westfalen                     ,76.2
1892,8,17.9,Gütersloh (Flugplatz),Nordrhein-Westfalen                     ,
1920,8,18.1,Hagen-Fley,Nordrhein-Westfalen                     ,79.3
1957,8,18.5,Halle-Kröllwitz,Sachsen-Anhalt                          ,53.0
1960,8,18.6,Halle (Stadt),Sachsen-Anhalt                          ,53.0
1972,8,17.8,Hamburg-Bergedorf,Hamburg                                 ,72.6
1973,8,18.0,Hamburg-Botanischer Garten,Hamburg                                 ,79.4
1975,8,17.6,Hamburg-Fuhlsbüttel,Hamburg                                 ,78.9
1979,8,17.9,Hamburg-Kirchwerder,Hamburg                                 ,70.0
1981,8,17.9,Hamburg-Neuwiedenthal,Hamburg                                 ,78.6
1986,8,17.9,Hamburg-Reitbrook,Hamburg                                 ,72.2
1990,8,17.9,Hamburg-Wandsbek,Hamburg                                 ,85.2
1993,8,18.0,Hameln,Niedersachsen                           ,69.6
2000,8,19.2,Hanau,Hessen                                  ,56.8
2005,8,17.3,Hankensbüttel,Niedersachsen                           ,70.0
2014,8,17.9,Hannover,Niedersachsen                           ,68.7
2023,8,17.5,Harburg,Bayern                                  ,72.0
2039,8,17.5,"Harzburg, Bad",Niedersachsen                           ,77.9
2044,8,16.3,Harzgerode,Sachsen-Anhalt                          ,51.0
2048,8,17.4,Haseldorf,Schleswig-Holstein                      ,78.8
2053,8,15.8,Hasselfelde,Sachsen-Anhalt                          ,62.5
2069,8,14.9,Hausstein,Bayern                                  ,150.1
2074,8,17.4,Hechingen,Baden-Württemberg                       ,80.0
2078,8,17.0,Weddingstedt,Schleswig-Holstein                      ,93.0
2080,8,20.1,Heidelberg,Baden-Württemberg                       ,63.2
2081,8,17.4,Königstuhl,Baden-Württemberg                       ,82.5
2083,8,20.0,Heidelberg-Grenzhof,Baden-Württemberg                       ,61.1
2092,8,16.3,Heidenrod-Mappershain,Hessen                                  ,69.2
2095,8,19.1,Heilbronn,Baden-Württemberg                       ,63.5
2110,8,18.1,Heinsberg-Schleiden,Nordrhein-Westfalen                     ,61.6
2120,8,18.2,Helmstedt,Niedersachsen                           ,56.6
2122,8,17.0,"Helse, Kr. Dithmarschen",Schleswig-Holstein                      ,92.1
2147,8,18.4,Herford,Nordrhein-Westfalen                     ,73.1
2151,8,17.6,Herleshausen,Hessen                                  ,60.7
2159,8,17.5,Herrenberg,Baden-Württemberg                       ,73.0
2160,8,17.1,Herrenhof,Thüringen                               ,61.1
2166,8,17.4,Herrnhut,Sachsen                                 ,80.2
2167,8,16.8,Niederwörresbach,Rheinland-Pfalz                         ,55.4
2171,8,17.2,"Hersfeld, Bad",Hessen                                  ,56.7
2173,8,18.1,Herten,Nordrhein-Westfalen                     ,77.6
2174,8,17.1,Herzberg,Niedersachsen                           ,81.0
2201,8,17.6,Hiddensee-Vitte,Mecklenburg-Vorpommern                  ,62.0
2206,8,18.0,Hildesheim,Niedersachsen                           ,63.2
2211,8,17.2,Hilgenroth,Rheinland-Pfalz                         ,82.1
2223,8,17.4,Hindfeld,Thüringen                               ,53.2
2225,8,16.8,Hinterhermsdorf,Sachsen                                 ,96.9
2226,8,15.8,Eisfeld-Waffenrod-Hinterrod,Thüringen                               ,76.8
2250,8,16.6,Höllenstein (Kraftwerk),Bayern                                  ,99.2
2252,8,17.7,Bertsdorf-Hörnitz,Sachsen                                 ,84.0
2260,8,16.7,Hof (Stadt),Bayern                                  ,74.2
2261,8,16.4,Hof,Bayern                                  ,78.6
2264,8,16.5,Hofgeismar-Beberbeck,Hessen                                  ,70.3
2268,8,18.1,Hofheim,Bayern                                  ,56.7
2289,8,18.4,Hohennauen,Brandenburg                             ,
2290,8,15.6,Hohenpeißenberg,Bayern                                  ,156.7
2302,8,17.4,Hohlstedt-Kötschau,Thüringen                               ,66.1
2303,8,16.6,Hohn,Schleswig-Holstein                      ,79.7
2306,8,17.2,Hohwacht,Schleswig-Holstein                      ,72.8
2315,8,18.6,Holzdorf (Flugplatz),Brandenburg                             ,
2318,8,16.8,Holzhausen a.d. Haide,Rheinland-Pfalz                         ,64.4
2319,8,16.7,Holzkirchen,Bayern                                  ,163.2
2323,8,17.7,"Bevern, Kr. Holzminden",Niedersachsen                           ,75.0
2324,8,15.5,Holzminden-Silberborn,Niedersachsen                           ,92.3
2327,8,17.3,Homberg/Ohm,Hessen                                  ,68.2
2331,8,17.7,Homburg/Saar,Saarland                                ,65.2
2338,8,17.8,Hopsten (Flugplatz),Nordrhein-Westfalen                     ,
2344,8,15.9,Horlachen,Bayern                                  ,87.8
2354,8,18.5,Hoyerswerda Kr. Bautzen,Sachsen                                 ,76.2
2360,8,17.7,Hüll,Bayern                                  ,99.1
2362,8,17.2,Hümmerich,Rheinland-Pfalz                         ,83.0
2374,8,16.9,Husum,Schleswig-Holstein                      ,85.8
2385,8,17.0,Idar-Oberstein,Rheinland-Pfalz                         ,
2388,8,19.3,Ihringen,Baden-Württemberg                       ,71.0
2396,8,16.9,Ilsenburg,Sachsen-Anhalt                          ,
2406,8,18.5,Ingelfingen,Baden-Württemberg                       ,66.0
2410,8,18.2,Ingolstadt (Flugplatz),Bayern                                  ,
2417,8,16.9,Mittbach,Bayern                                  ,130.6
2422,8,16.9,Iserlohn-Westig,Nordrhein-Westfalen                     ,86.9
2429,8,17.1,Itzehoe,Schleswig-Holstein                      ,85.0
2437,8,16.9,Schleswig-Jagel,Schleswig-Holstein                      ,80.0
2444,8,18.5,Jena (Sternwarte),Thüringen                               ,65.3
2451,8,18.9,Jessen/Elster,Sachsen-Anhalt                          ,60.1
2464,8,17.4,Jork,Niedersachsen                           ,75.8
2474,8,17.9,Jülich (Forsch.-Anlage),Nordrhein-Westfalen                     ,62.4
2475,8,18.6,Jüterbog,Brandenburg                             ,56.0
2477,8,15.0,Jungholz (Kühmoos),Baden-Württemberg                       ,112.9
2480,8,19.2,Kahl/Main,Bayern                                  ,61.4
2483,8,13.6,Kahler Asten,Nordrhein-Westfalen                     ,104.7
2485,8,17.3,Kaisersbach-Cronhütte,Baden-Württemberg                       ,74.0
2486,8,18.2,Kaiserslautern,Rheinland-Pfalz                         ,63.0
2488,8,17.4,Kaisheim-Neuhof,Bayern                                  ,81.8
2494,8,18.0,Kalkar,Nordrhein-Westfalen                     ,
2497,8,15.8,Kall-Sistig,Nordrhein-Westfalen                     ,62.6
2502,8,16.2,"Heiligenstadt, Heilbad-Kalteneber",Thüringen                               ,68.0
2503,8,16.1,Kaltennordheim,Thüringen                               ,62.7
2506,8,18.1,Kamenz,Sachsen                                 ,76.6
2521,8,17.9,Karlshuld,Bayern                                  ,83.3
2522,8,20.1,Karlsruhe,Baden-Württemberg                       ,56.2
2532,8,17.7,Kassel,Hessen                                  ,58.6
2533,8,17.7,Kassel-Harleshausen,Hessen                                  ,56.9
2542,8,16.2,Kaufbeuren,Bayern                                  ,128.6
2543,8,17.5,Kaufering,Bayern                                  ,108.7
2546,8,20.0,Kehl-Odelshofen,Baden-Württemberg                       ,73.0
2559,8,16.5,Kempten,Bayern                                  ,143.4
2564,8,17.0,Kiel-Holtenau,Schleswig-Holstein                      ,74.0
2565,8,17.0,Kiel-Kronshagen,Schleswig-Holstein                      ,76.3
2575,8,17.5,Kirchberg/Jagst-Herboldshausen,Baden-Württemberg                       ,72.5
2578,8,17.7,Kirchdorf/Poel,Mecklenburg-Vorpommern                  ,70.6
2597,8,17.7,"Kissingen, Bad",Bayern                                  ,56.3
2600,8,19.1,Kitzingen,Bayern                                  ,52.6
2601,8,14.7,Kleiner Feldberg/Taunus,Hessen                                  ,78.0
2609,8,17.2,Klein Rönnau,Schleswig-Holstein                      ,77.2
2618,8,14.8,Kleiner Inselsberg,Thüringen                               ,93.0
2621,8,18.6,Kleinmachnow,Brandenburg                             ,57.8
2627,8,18.2,Schipkau-Klettwitz,Brandenburg                             ,70.0
2629,8,17.6,Kleve,Nordrhein-Westfalen                     ,70.2
2638,8,15.5,Klippeneck,Baden-Württemberg                       ,96.0
2641,8,18.6,Klitzschen bei Torgau,Sachsen                                 ,61.0
2654,8,18.8,Knittlingen,Baden-Württemberg                       ,65.6
2657,8,19.2,Koblenz-Horchheim,Rheinland-Pfalz                         ,63.4
2665,8,19.1,Köln-Botanischer Garten,Nordrhein-Westfalen                     ,73.2
2667,8,18.2,Köln/Bonn,Nordrhein-Westfalen                     ,75.0
2680,8,17.5,"Königshofen, Bad",Bayern                                  ,59.4
2689,8,17.4,Königsmoor,Niedersachsen                           ,78.5
2691,8,17.9,Königsmoos-Untermaxfeld,Bayern                                  ,81.2
2700,8,18.0,Kösching,Bayern                                  ,77.4
2701,8,18.2,"Kösen, Bad",Sachsen-Anhalt                          ,61.0
2703,8,15.8,Köterberg,Nordrhein-Westfalen                     ,
2704,8,18.6,Köthen (Anhalt),Sachsen-Anhalt                          ,53.0
2708,8,16.0,"Kohlgrub, Bad (Rosshof)",Bayern                                  ,171.0
2712,8,18.9,Konstanz,Baden-Württemberg                       ,89.3
2717,8,16.3,Korbach-Lengefeld,Hessen                                  ,60.4
2750,8,17.2,Kronach,Bayern                                  ,71.1
2761,8,16.9,Krumbach-Edenhausen,Bayern                                  ,114.5
2770,8,17.2,Kükels,Schleswig-Holstein                      ,80.3
2773,8,17.3,Kümmersbruck,Bayern                                  ,
2775,8,18.6,Künzelsau,Baden-Württemberg                       ,67.8
2780,8,17.3,Kulmbach,Bayern                                  ,
2783,8,17.9,Kumhausen,Bayern                                  ,93.9
2790,8,17.5,Kusel-Fünfbirken,Rheinland-Pfalz                         ,71.0
2794,8,18.1,Kyritz,Brandenburg                             ,57.0
2796,8,17.3,Laage (Flugplatz),Mecklenburg-Vorpommern                  ,
2812,8,19.2,Lahr,Baden-Württemberg                       ,82.1
2814,8,16.1,Merklingen,Baden-Württemberg                       ,88.7
2821,8,17.3,Lamspringe,Niedersachsen                           ,75.5
2829,8,17.2,Landsberg (Flugplatz),Bayern                                  ,
2830,8,17.2,Landsberg/Lech,Bayern                                  ,121.2
2831,8,18.2,Landshut,Bayern                                  ,87.0
2843,8,19.3,,,
2856,8,18.5,Langenlipsdorf,Brandenburg                             ,57.0
2857,8,18.0,"Langensalza, Bad",Thüringen                               ,49.0
2861,8,17.3,Langeoog,Niedersachsen                           ,74.3
2872,8,17.3,Lathen,Niedersachsen                           ,68.4
2878,8,19.0,"Lauchstädt, Bad",Sachsen-Anhalt                          ,48.8
2879,8,18.4,Lauda-Königshofen-Gerlachsheim,Baden-Württemberg                       ,57.0
2886,8,17.3,Laupheim,Baden-Württemberg                       ,
2905,8,17.5,Lechfeld,Bayern                                  ,
2906,8,16.5,Leck (A),Schleswig-Holstein                      ,88.1
2907,8,16.0,Leck,Schleswig-Holstein                      ,85.0
2912,8,16.8,Lehbek,Schleswig-Holstein                      ,70.7
2915,8,15.2,Lehesten/Thüringer Wald,Thüringen                               ,83.5
2920,8,17.9,Leiblfing,Bayern                                  ,74.8
2923,8,16.8,Leinau,Bayern                                  ,128.1
2925,8,17.0,Leinefelde,Thüringen                               ,63.9
2928,8,18.8,Leipzig-Holzhausen,Sachsen                                 ,67.3
2931,8,18.8,Leipzig-Mockau,Sachsen                                 ,64.6
2932,8,18.7,Leipzig/Halle,Sachsen                                 ,63.1
2947,8,16.5,Lennestadt-Theten,Nordrhein-Westfalen                     ,92.0
2949,8,16.4,Lenningen-Schopfloch,Baden-Württemberg                       ,103.4
2950,8,17.3,Lensahn,Schleswig-Holstein                      ,72.5
2951,8,18.0,Lenzen/Elbe,Brandenburg                             ,61.3
2953,8,15.0,Lenzkirch-Ruhbühl,Baden-Württemberg                       ,89.1
2963,8,18.8,Leunawerke,Sachsen-Anhalt                          ,58.0
2968,8,19.3,Köln-Stammheim,Nordrhein-Westfalen                     ,74.6
2985,8,17.5,Lichtenhain-Mittelndorf,Sachsen                                 ,97.0
2996,8,16.7,"Liebenzell, Bad",Baden-Württemberg                       ,75.5
3001,8,18.4,Liliental,Baden-Württemberg                       ,77.0
3004,8,18.2,Limburg/Lahn-Offheim,Hessen                                  ,51.2
3007,8,19.7,Limburgerhof,Rheinland-Pfalz                         ,52.8
3015,8,18.5,Lindenberg,Brandenburg                             ,63.3
3016,8,16.4,Lindenberg/Allgäu,Bayern                                  ,188.5
3017,8,18.5,Lindenfels,Hessen                                  ,80.8
3018,8,17.3,Lindenfels-Winterkasten,Hessen                                  ,80.0
3023,8,17.8,Lingen,Niedersachsen                           ,68.3
3028,8,17.8,"Lippspringe, Bad",Nordrhein-Westfalen                     ,89.2
3031,8,18.1,Lippstadt-Bökenförde,Nordrhein-Westfalen                     ,75.9
3034,8,16.2,"Lobenstein, Bad",Thüringen                               ,78.3
3042,8,17.2,Löhnberg-Obershausen,Hessen                                  ,65.0
3044,8,17.5,Löningen,Niedersachsen                           ,67.0
3045,8,17.3,Löningen-Hagel,Niedersachsen                           ,69.8
3062,8,18.8,Lorch/Rhein,Hessen                                  ,52.7
3076,8,19.7,Ludwigshafen-Mundenheim,Rheinland-Pfalz                         ,53.6
3082,8,18.6,Lübben,Brandenburg                             ,63.5
3083,8,18.6,Lübben-Blumenfelde,Brandenburg                             ,63.0
3085,8,17.4,Lübeck,Schleswig-Holstein                      ,75.8
3086,8,17.2,Lübeck-Blankensee,Schleswig-Holstein                      ,78.0
3088,8,17.4,Lübeck-Werft,Schleswig-Holstein                      ,75.0
3096,8,16.3,Lüdenscheid (Zeppelin-Gymnasium),Nordrhein-Westfalen                     ,95.8
3098,8,16.4,Lüdenscheid,Nordrhein-Westfalen                     ,94.0
3101,8,17.8,Lüdinghausen,Nordrhein-Westfalen                     ,70.9
3103,8,17.9,Lüneburg,Niedersachsen                           ,64.0
3113,8,16.4,Luisenthal/Ohra,Thüringen                               ,78.6
3126,8,18.7,Magdeburg,Sachsen-Anhalt                          ,56.8
3135,8,17.2,Mainhardt-Ziegelbronn,Baden-Württemberg                       ,80.6
3137,8,19.1,Mainz-Lerchenberg (ZDF),Rheinland-Pfalz                         ,50.7
3139,8,17.6,Maisach-Gernlinden,Bayern                                  ,102.8
3147,8,18.2,Mallersdorf-Pfaffenberg-Oberlindhart,Bayern                                  ,80.2
3155,8,16.2,Manderscheid-Sonnenhof,Rheinland-Pfalz                         ,65.0
3158,8,18.5,Manschnow,Brandenburg                             ,61.1
3160,8,17.5,Vatterode-Gräfenstuhl,Sachsen-Anhalt                          ,53.0
3164,8,17.7,"Cölbe, Kr. Marburg-Biedenkopf",Hessen                                  ,59.0
3166,8,15.6,Marienberg,Sachsen                                 ,108.0
3196,8,17.5,Marnitz,Mecklenburg-Vorpommern                  ,57.8
3204,8,16.9,Martinroda,Thüringen                               ,70.4
3211,8,14.9,Mauth-Finsterau,Bayern                                  ,112.4
3212,8,17.8,Mayen,Rheinland-Pfalz                         ,49.3
3222,8,18.0,Meerbeck,Niedersachsen                           ,73.0
3223,8,18.7,Meersburg,Baden-Württemberg                       ,91.5
3226,8,18.4,Aschersleben-Mehringen,Sachsen-Anhalt                          ,51.4
3228,8,15.9,Meinerzhagen (A),Nordrhein-Westfalen                     ,103.2
3231,8,16.8,Meiningen,Thüringen                               ,54.3
3234,8,18.7,Klipphausen-Garsebach,Sachsen                                 ,76.0
3236,8,17.6,Melle,Niedersachsen                           ,72.0
3244,8,16.7,Memmingen,Bayern                                  ,117.1
3245,8,17.0,Memmingen (Flugplatz),Bayern                                  ,
3246,8,18.3,Mendig,Rheinland-Pfalz                         ,
3254,8,17.5,Meppen,Niedersachsen                           ,
3257,8,18.2,"Mergentheim, Bad-Neunkirchen",Baden-Württemberg                       ,55.4
3265,8,17.0,Mespelbrunn,Bayern                                  ,76.2
3268,8,15.0,Meßstetten-Appental,Baden-Württemberg                       ,97.2
3271,8,17.4,Metten,Bayern                                  ,99.5
3278,8,18.2,Metzingen,Baden-Württemberg                       ,90.8
3284,8,18.2,Michelstadt,Hessen                                  ,64.9
3287,8,17.3,Michelstadt-Vielbrunn,Hessen                                  ,79.0
3289,8,16.9,Schmieritz-Weltwitz,Thüringen                               ,71.0
3291,8,18.4,Miltenberg,Bayern                                  ,60.6
3300,8,18.4,Mittel-Gründau,Hessen                                  ,69.3
3307,8,14.9,Mittenwald-Buckelwiesen,Bayern                                  ,187.7
3313,8,17.5,Modautal-Neunkirchen,Hessen                                  ,83.6
3317,8,17.2,Mölln,Schleswig-Holstein                      ,72.6
3319,8,18.2,Röllbach,Bayern                                  ,58.8
3320,8,18.2,Mönchengladbach,Nordrhein-Westfalen                     ,67.3
3340,8,17.2,Montabaur,Rheinland-Pfalz                         ,71.0
3348,8,16.9,Moringen-Lutterbeck,Niedersachsen                           ,67.0
3362,8,18.6,Mühlacker,Baden-Württemberg                       ,68.0
3366,8,17.7,Mühldorf,Bayern                                  ,98.5
3370,8,16.9,Mühlhausen,Thüringen                               ,58.4
3376,8,18.1,Müncheberg,Brandenburg                             ,58.4
3382,8,18.4,München-Bogenhausen,Bayern                                  ,116.8
3383,8,18.3,München-Botanischer Garten,Bayern                                  ,114.8
3385,8,18.0,München-Nymphenburg,Bayern                                  ,114.8
3388,8,17.8,München-Perlach,Bayern                                  ,123.0
3390,8,17.9,München-Riem,Bayern                                  ,119.3
3402,8,15.9,Münsingen-Apfelstetten,Baden-Württemberg                       ,90.3
3404,8,17.8,Münster,Nordrhein-Westfalen                     ,68.7
3425,8,17.4,Murrhardt,Baden-Württemberg                       ,93.2
3426,8,18.4,"Muskau, Bad",Sachsen                                 ,75.9
3432,8,17.1,Nagold,Baden-Württemberg                       ,73.0
3442,8,18.7,"Nauheim, Bad",Hessen                                  ,50.4
3484,8,18.0,Neuburg/Donau (Flugplatz),Bayern                                  ,
3485,8,17.3,Neuburg/Kammel-Langenhaslach,Bayern                                  ,99.0
3486,8,19.0,Neudenau,Baden-Württemberg                       ,61.9
3490,8,18.2,"Neuenahr, Bad-Ahrweiler",Rheinland-Pfalz                         ,64.9
3509,8,17.6,Menz,Brandenburg                             ,59.5
3513,8,14.4,Neuhaus am Rennweg,Thüringen                               ,94.0
3518,8,16.0,Neuhausen ob Eck,Baden-Württemberg                       ,91.1
3519,8,16.6,Neuhausen ob Eck-Unterschwandorf,Baden-Württemberg                       ,88.0
3527,8,16.2,Neukirchen-Hauptschwenda,Hessen                                  ,69.1
3537,8,17.2,Neumünster,Schleswig-Holstein                      ,76.4
3540,8,17.4,Neunkirchen-Seelscheid-Krawinkel,Nordrhein-Westfalen                     ,87.0
3541,8,17.5,Neunkirchen-Seelscheid-Meisenbach,Nordrhein-Westfalen                     ,85.7
3545,8,18.0,Neunkirchen-Wellesweiler,Saarland                                ,69.0
3552,8,18.2,Neuruppin,Brandenburg                             ,52.4
3565,8,18.1,Neustadt/Aisch,Bayern                                  ,60.5
3571,8,16.9,Neustadt am Kulm-Filchendorf,Bayern                                  ,71.6
3575,8,19.7,Neustadt/Weinstraße,Rheinland-Pfalz                         ,48.2
3576,8,19.6,Neustadt/Weinstraße (Heidehof),Rheinland-Pfalz                         ,46.7
3577,8,17.7,Neustrelitz,Mecklenburg-Vorpommern                  ,56.0
3591,8,16.8,Nideggen-Schmidt,Nordrhein-Westfalen                     ,76.0
3595,8,17.1,Niederelbert,Rheinland-Pfalz                         ,73.0
3603,8,17.3,Niederstetten,Baden-Württemberg                       ,
3605,8,17.6,Niederstotzingen,Baden-Württemberg                       ,77.2
3612,8,17.7,Nienburg,Niedersachsen                           ,75.1
3621,8,17.7,Reimlingen,Bayern                                  ,66.0
3623,8,18.3,Nörvenich (Flugplatz),Nordrhein-Westfalen                     ,
3639,8,17.2,Nordholz (Flugplatz),Niedersachsen                           ,
3640,8,17.7,Nordhorn-Blanke,Niedersachsen                           ,70.8
3659,8,15.6,Nürburg,Rheinland-Pfalz                         ,77.8
3660,8,16.4,Nürburg-Barweiler,Rheinland-Pfalz                         ,68.0
3666,8,18.2,Nürnberg-Buchenbuehl,Bayern                                  ,71.5
3667,8,17.0,Nürnberg-Netzstall,Bayern                                  ,69.4
3668,8,18.4,Nürnberg,Bayern                                  ,63.5
3671,8,18.5,Nürtingen,Baden-Württemberg                       ,82.1
3672,8,17.4,Nufringen,Baden-Württemberg                       ,69.8
3679,8,17.3,Kiefersfelden-Gach,Bayern                                  ,171.0
3694,8,13.9,Oberhof,Thüringen                               ,96.0
3702,8,16.1,Münstertal-Obermünstertal,Baden-Württemberg                       ,109.0
3705,8,16.8,Oberndorf/Neckar-Aistaig,Baden-Württemberg                       ,75.0
3722,8,17.8,Oberschleißheim,Bayern                                  ,106.4
3730,8,15.4,Oberstdorf,Bayern                                  ,208.0
3734,8,18.8,Obersulm-Willsbach,Baden-Württemberg                       ,72.4
3735,8,17.7,Obertaufkirchen,Bayern                                  ,107.2
3739,8,16.6,Oberviechtach,Bayern                                  ,75.7
3744,8,16.7,Oberweser-Gieselwerder,Hessen                                  ,79.1
3751,8,16.7,Ochsenhausen-Mittelbuch,Baden-Württemberg                       ,112.4
3752,8,14.2,Ochsenkopf,Bayern                                  ,103.4
3753,8,17.8,Ochtrup,Nordrhein-Westfalen                     ,68.7
3761,8,18.8,Öhringen,Baden-Württemberg                       ,68.1
3776,8,19.6,Offenbach/M. (Stadt),Hessen                                  ,58.1
3777,8,19.5,Offenburg,Baden-Württemberg                       ,84.0
3788,8,17.2,Olbersdorf,Sachsen                                 ,83.2
3790,8,17.4,Oldenburg (A),Niedersachsen                           ,70.3
3791,8,17.4,Oldenburg,Niedersachsen                           ,76.0
3811,8,18.5,Oschatz,Sachsen                                 ,66.6
3815,8,17.8,Osnabrück,Niedersachsen                           ,81.0
3818,8,18.0,Osterburg,Sachsen-Anhalt                          ,
3821,8,18.0,Osterfeld,Sachsen-Anhalt                          ,66.0
3825,8,17.8,Osterhof,Saarland                                ,69.1
3836,8,17.2,Ostheim v.d. Rhön,Bayern                                  ,48.0
3856,8,15.0,Oy-Mittelberg,Bayern                                  ,189.5
3857,8,15.8,Oy-Mittelberg-Petersthal,Bayern                                  ,177.0
3867,8,17.2,Papenburg,Niedersachsen                           ,74.8
3875,8,17.1,Parsberg/Oberpfalz-Eglwang,Bayern                                  ,81.2
3878,8,18.4,Passau-Maierhof,Bayern                                  ,96.2
3879,8,18.2,Passau-Oberhaus,Bayern                                  ,96.8
3883,8,16.5,Pausa-Unterreichenau,Sachsen                                 ,73.7
3897,8,17.5,Pelzerhaken,Schleswig-Holstein                      ,76.0
3903,8,18.4,Perl-Besch,Saarland                                ,57.7
3904,8,18.5,Perl-Nennig,Saarland                                ,60.0
3915,8,18.0,Petkus,Brandenburg                             ,65.1
3922,8,17.5,Pfofeld-Langlau,Bayern                                  ,68.3
3925,8,18.0,Pforzheim-Ispringen,Baden-Württemberg                       ,75.0
3927,8,15.9,Pfullendorf,Baden-Württemberg                       ,88.1
3929,8,19.9,Philippsburg,Baden-Württemberg                       ,52.6
3939,8,16.2,Pirmasens,Rheinland-Pfalz                         ,71.0
3946,8,17.0,Plauen,Sachsen                                 ,70.0
3955,8,17.2,Plön (See),Schleswig-Holstein                      ,75.8
3974,8,17.3,Pommelsbrunn,Bayern                                  ,80.7
3975,8,16.5,Pommelsbrunn-Mittelburg,Bayern                                  ,86.0
3987,8,18.3,Potsdam,Brandenburg                             ,63.8
3988,8,18.4,Potsdam (Säkularstation),Brandenburg                             ,64.5
4005,8,17.4,Prien-Stock,Bayern                                  ,162.6
4018,8,17.4,Puch,Bayern                                  ,106.2
4024,8,17.3,Putbus,Mecklenburg-Vorpommern                  ,69.0
4029,8,17.5,Quakenbrück,Niedersachsen                           ,
4032,8,18.0,Quedlinburg,Sachsen-Anhalt                          ,54.0
4036,8,18.0,Querfurt-Mühle Lodersleben,Sachsen-Anhalt                          ,54.0
4038,8,17.0,Quickborn (Kurzer Kamp),Schleswig-Holstein                      ,79.7
4039,8,17.0,Quickborn,Schleswig-Holstein                      ,78.0
4053,8,18.4,Radolfzell-Markelfingen,Baden-Württemberg                       ,87.0
4063,8,17.8,Rahden-Kleinendorf,Nordrhein-Westfalen                     ,69.8
4066,8,17.2,Raisting,Bayern                                  ,128.1
4077,8,19.5,Rastatt,Baden-Württemberg                       ,73.0
4079,8,17.9,Rastenberg,Thüringen                               ,
4091,8,12.6,Rauschberg bei Ruhpolding,Bayern                                  ,203.2
4094,8,17.8,"Weingarten, Kr. Ravensburg",Baden-Württemberg                       ,96.3
4100,8,17.9,Recklinghausen,Nordrhein-Westfalen                     ,82.3
4104,8,18.5,Regensburg,Bayern                                  ,66.7
4127,8,16.9,Reichshof-Eckenhagen,Nordrhein-Westfalen                     ,95.0
4149,8,15.0,Marienberg-Reitzenhain,Sachsen                                 ,104.0
4152,8,16.2,Remetschwiel,Baden-Württemberg                       ,96.0
4154,8,16.5,Remscheid-Lennep,Nordrhein-Westfalen                     ,114.0
4156,8,17.0,Rendsburg,Schleswig-Holstein                      ,84.9
4160,8,17.3,Renningen-Ihinger Hof,Baden-Württemberg                       ,74.2
4166,8,18.3,Reutlingen-Betzingen,Baden-Württemberg                       ,87.5
4169,8,19.0,Rheinau-Memprechtshofen,Baden-Württemberg                       ,73.5
4174,8,17.8,Rheine-Bentlage,Nordrhein-Westfalen                     ,
4175,8,19.1,Rheinfelden,Baden-Württemberg                       ,93.2
4177,8,19.8,Rheinstetten,Baden-Württemberg                       ,68.0
4189,8,17.2,"Altheim, Kreis Biberach",Baden-Württemberg                       ,81.6
4222,8,16.8,Rodewisch,Sachsen                                 ,85.6
4233,8,16.3,Röhrigshof bei Schlüchtern,Hessen                                  ,75.7
4240,8,16.1,Roetgen,Nordrhein-Westfalen                     ,94.3
4261,8,17.8,Rosenheim,Bayern                                  ,136.1
4271,8,17.9,Rostock-Warnemünde,Mecklenburg-Vorpommern                  ,67.1
4275,8,17.1,Rotenburg (Wümme),Niedersachsen                           ,74.6
4278,8,18.3,Roth bei Nürnberg,Bayern                                  ,71.0
4280,8,18.0,Roth,Bayern                                  ,70.4
4287,8,17.6,Rothenburg ob der Tauber,Bayern                                  ,58.8
4288,8,17.6,"Rothenfelde, Bad",Niedersachsen                           ,72.9
4294,8,18.1,Rottenburg-Kiebingen,Baden-Württemberg                       ,76.4
4300,8,16.7,Rottweil,Baden-Württemberg                       ,82.0
4301,8,19.3,"Kreuznach, Bad",Rheinland-Pfalz                         ,52.3
4318,8,15.2,Ruhpolding,Bayern                                  ,229.1
4320,8,17.1,Ruhwinkel,Schleswig-Holstein                      ,77.7
4323,8,17.7,Ruppertsecken,Rheinland-Pfalz                         ,60.7
4327,8,15.2,Rusel-Irlmoos,Bayern                                  ,135.9
4330,8,17.9,Rutesheim,Baden-Württemberg                       ,64.1
4332,8,17.9,Saalfeld,Thüringen                               ,65.0
4336,8,17.9,Saarbrücken-Ensheim,Saarland                                ,69.5
4339,8,19.0,Saarbrücken-Sankt Johann,Saarland                                ,67.2
4347,8,16.4,"Sachsa, Bad",Niedersachsen                           ,76.3
4349,8,18.8,Sachsenheim,Baden-Württemberg                       ,67.0
4350,8,18.2,"Säckingen, Bad (Bergseestr.)",Baden-Württemberg                       ,97.9
4354,8,17.1,Saldenburg-Entschenreuth,Bayern                                  ,103.5
4364,8,18.0,Salzgitter-Ringelheim,Niedersachsen                           ,72.5
4367,8,17.1,Salzhemmendorf-Lauenstein,Niedersachsen                           ,79.0
4371,8,17.6,"Salzuflen, Bad",Nordrhein-Westfalen                     ,81.0
4373,8,17.7,Salzwedel,Sachsen-Anhalt                          ,59.0
4377,8,16.8,Sandberg,Bayern                                  ,62.2
4386,8,15.4,Sankt Blasien,Baden-Württemberg                       ,105.2
4391,8,17.1,Sankt Michaelisdonn,Schleswig-Holstein                      ,86.6
4396,8,17.5,Sankt Wendel-Hof,Saarland                                ,75.3
4397,8,17.4,Sankt Wendel-Urweiler,Saarland                                ,72.2
4401,8,17.9,"Sassendorf, Bad-Ostinghausen",Nordrhein-Westfalen                     ,75.6
4411,8,18.6,Schaafheim-Schlierbach,Hessen                                  ,58.1
4419,8,19.8,Schallstadt-Mengen,Baden-Württemberg                       ,80.0
4425,8,17.2,Schaumberg-Tholey,Saarland                                ,79.9
4433,8,17.2,Schemmerhofen-Ingerkingen,Baden-Württemberg                       ,86.0
4436,8,17.0,Schenklengsfeld,Hessen                                  ,63.0
4438,8,17.9,Scheßlitz,Bayern                                  ,61.1
4442,8,17.4,Schieder,Nordrhein-Westfalen                     ,84.7
4445,8,13.9,Wernigerode-Schierke,Sachsen-Anhalt                          ,96.4
4464,8,16.5,Schleiz,Thüringen                               ,74.0
4466,8,16.7,Schleswig,Schleswig-Holstein                      ,84.4
4468,8,16.8,Schleswig-Stadtfeld,Schleswig-Holstein                      ,82.1
4474,8,18.4,Schlossböckelheim,Rheinland-Pfalz                         ,54.3
4479,8,16.6,Schlüchtern-Kloster Gomfritz,Hessen                                  ,72.8
4480,8,17.4,Schlüchtern-Herolz,Hessen                                  ,66.7
4484,8,17.1,Schmalenbeck,Schleswig-Holstein                      ,82.3
4485,8,17.4,"Schmalkalden, Kurort",Thüringen                               ,67.3
4489,8,17.5,Schmatzfeld,Sachsen-Anhalt                          ,62.3
4490,8,17.8,Schmelz-Hüttersdorf,Saarland                                ,75.4
4501,8,13.8,Schmücke,Thüringen                               ,100.5
4505,8,15.2,Schnarrtanne-Vogelsgrün,Sachsen                                 ,106.3
4508,8,14.9,Schneifelforsthaus,Rheinland-Pfalz                         ,84.2
4548,8,15.6,Schönwald/Ofr.-Brunn,Bayern                                  ,89.3
4549,8,14.5,Schönwald/Schwarzwald,Baden-Württemberg                       ,130.4
4557,8,17.9,Schopfheim-Eichen,Baden-Württemberg                       ,100.8
4559,8,17.3,Schorndorf-Knöbling,Bayern                                  ,90.0
4560,8,17.3,Schotten,Hessen                                  ,76.5
4571,8,15.5,Schulenberg,Niedersachsen                           ,105.2
4576,8,18.0,Schwabach (A),Bayern                                  ,64.5
4581,8,18.1,Schwäbisch Gmünd-Strassdorf,Baden-Württemberg                       ,87.0
4582,8,18.0,Schwäbisch Hall-Bibersfeld,Baden-Württemberg                       ,75.0
4584,8,17.8,Schwaigermoos,Bayern                                  ,90.0
4586,8,17.1,"Schwalbach, Bad",Hessen                                  ,62.7
4592,8,17.9,Schwandorf,Bayern                                  ,68.0
4593,8,18.1,Schwanebeck,Sachsen-Anhalt                          ,57.1
4597,8,16.2,Schwangau-Horn,Bayern                                  ,176.9
4605,8,16.8,Schwarzburg,Thüringen                               ,69.6
4606,8,18.4,Schwarze Pumpe,Brandenburg                             ,78.1
4612,8,16.6,Schwarzenberg,Sachsen                                 ,107.4
4621,8,18.3,Schweinfurt-Gartenstadt,Bayern                                  ,51.4
4625,8,17.7,Schwerin,Mecklenburg-Vorpommern                  ,62.9
4629,8,16.5,Schwesing,Schleswig-Holstein                      ,82.8
4642,8,18.1,Seehausen,Sachsen-Anhalt                          ,53.4
4649,8,17.3,Seelscheid,Nordrhein-Westfalen                     ,87.3
4651,8,17.3,Seesen,Niedersachsen                           ,82.1
4656,8,17.2,"Segeberg, Bad",Schleswig-Holstein                      ,76.3
4664,8,15.6,Selb/Oberfranken-Wildenau,Bayern                                  ,81.1
4692,8,17.3,Siegen (Kläranlage),Nordrhein-Westfalen                     ,89.2
4702,8,16.4,Sigmaringen (Flugplatz),Baden-Württemberg                       ,
4703,8,16.6,Sigmaringen-Laiz,Baden-Württemberg                       ,76.7
4704,8,17.9,Sigmarszell-Zeisertsweiler,Bayern                                  ,169.4
4705,8,15.4,Silberhütte,Bayern                                  ,95.7
4706,8,18.2,Simbach/Inn,Bayern                                  ,108.6
4709,8,16.8,Simmern-Wahlbach,Rheinland-Pfalz                         ,62.3
4719,8,19.1,Sinsheim,Baden-Württemberg                       ,60.1
4729,8,17.0,Steinau-Seidenroth,Hessen                                  ,76.7
4741,8,17.6,Solingen-Hohenscheid,Nordrhein-Westfalen                     ,91.1
4745,8,17.0,Soltau,Niedersachsen                           ,73.7
4748,8,17.9,Sondershausen,Thüringen                               ,48.6
4752,8,15.9,Sonneberg-Neufang,Thüringen                               ,84.0
4763,8,17.0,Sontra,Hessen                                  ,72.0
4765,8,17.6,"Sooden-Allendorf, Bad",Hessen                                  ,65.0
4775,8,17.2,Speinshart,Bayern                                  ,67.5
4782,8,18.5,Spören-Prussendorf,Sachsen-Anhalt                          ,50.4
4813,8,17.2,"Staffelstein, Bad-Stublang",Bayern                                  ,66.1
4818,8,15.7,Stammbach-Querenbach,Bayern                                  ,85.9
4837,8,18.6,Stegen,Baden-Württemberg                       ,98.8
4841,8,17.1,"Steinau, Kr. Cuxhaven",Niedersachsen                           ,77.8
4847,8,15.7,Steinberg,Niedersachsen                           ,82.0
4857,8,17.4,Mittelnkirchen-Hohenfelde,Niedersachsen                           ,78.0
4878,8,15.6,Oberharz am Brocken-Stiege,Sachsen-Anhalt                          ,65.4
4881,8,17.4,Stockach,Baden-Württemberg                       ,86.0
4896,8,16.5,Wagersrott,Schleswig-Holstein                      ,72.7
4911,8,17.9,Straubing,Bayern                                  ,78.0
4926,8,20.1,Stuttgart (Neckartal),Baden-Württemberg                       ,65.7
4927,8,19.4,Stuttgart-Stadt,Baden-Württemberg                       ,69.1
4928,8,19.1,Stuttgart (Schnarrenberg),Baden-Württemberg                       ,68.0
4931,8,18.2,Stuttgart-Echterdingen,Baden-Württemberg                       ,69.1
4933,8,18.3,Stuttgart-Hohenheim,Baden-Württemberg                       ,69.4
4939,8,17.6,"Suderode, Bad",Sachsen-Anhalt                          ,
4977,8,18.3,Tangermünde,Sachsen-Anhalt                          ,54.0
4978,8,16.8,Tann/Rhön,Hessen                                  ,69.7
4987,8,18.0,Tauberbischofsheim-Dittigheim,Baden-Württemberg                       ,52.8
4997,8,18.1,Starkenberg-Tegkwitz,Thüringen                               ,71.0
5009,8,17.5,Teterow,Mecklenburg-Vorpommern                  ,60.0
5014,8,16.9,Worpswede-Hüttenbusch,Niedersachsen                           ,76.6
5017,8,15.6,Teuschnitz,Bayern                                  ,77.7
5024,8,18.4,Möckern-Räckendorf,Sachsen-Anhalt                          ,60.7
5029,8,17.8,Tholey,Saarland                                ,71.3
5032,8,18.8,Thüngersheim,Bayern                                  ,55.0
5039,8,17.5,Tiefenort,Thüringen                               ,59.5
5046,8,16.6,Tirschenreuth-Lodermühl,Bayern                                  ,74.0
5047,8,14.8,Titisee-Neustadt-Langenordnach,Baden-Württemberg                       ,104.0
5059,8,14.9,Todtmoos,Baden-Württemberg                       ,135.1
5063,8,16.5,"Tölz, Bad",Bayern                                  ,182.5
5064,8,18.4,Tönisvorst,Nordrhein-Westfalen                     ,71.1
5067,8,15.4,Torfhaus im Solling,Niedersachsen                           ,95.1
5068,8,18.6,Torgau,Sachsen                                 ,58.9
5074,8,17.2,Traunstein-Sparz,Bayern                                  ,174.2
5075,8,17.1,Traunstein-Axdorf,Bayern                                  ,175.9
5078,8,17.5,Travemünde,Schleswig-Holstein                      ,72.0
5088,8,17.6,Trent,Mecklenburg-Vorpommern                  ,70.6
5097,8,17.3,Tribsees,Mecklenburg-Vorpommern                  ,63.8
5099,8,18.8,Trier-Zewen,Rheinland-Pfalz                         ,59.0
5100,8,18.2,Trier-Petrisberg,Rheinland-Pfalz                         ,63.9
5105,8,15.8,Trochtelfingen,Baden-Württemberg                       ,87.4
5107,8,15.6,Trochtelfingen-Wilsingen,Baden-Württemberg                       ,88.0
5109,8,17.6,Trollenhagen,Mecklenburg-Vorpommern                  ,58.4
5111,8,17.6,Trostberg,Bayern                                  ,126.3
5120,8,18.3,Tübingen,Baden-Württemberg                       ,
5127,8,15.9,Tuttlingen,Baden-Württemberg                       ,82.8
5128,8,16.4,Tuttlingen-Möhringen-Vorstadt,Baden-Württemberg                       ,81.4
5133,8,16.9,Twistetal-Mühlhausen,Hessen                                  ,64.6
5138,8,18.1,Überlingen/Bodensee,Baden-Württemberg                       ,93.7
5142,8,17.7,Ueckermünde,Mecklenburg-Vorpommern                  ,56.2
5146,8,17.4,Uelzen,Niedersachsen                           ,65.0
5149,8,18.0,Gollhofen,Bayern                                  ,57.0
5155,8,17.6,Ulm,Baden-Württemberg                       ,79.3
5158,8,17.8,Ummendorf,Sachsen-Anhalt                          ,53.0
5165,8,17.0,Unterlüß,Niedersachsen                           ,76.9
5185,8,18.3,Uttenreuth,Bayern                                  ,60.5
5229,8,16.4,Villingen-Schwenningen,Baden-Württemberg                       ,75.1
5236,8,17.3,Visbek,Niedersachsen                           ,81.9
5244,8,19.1,Völklingen-Stadt,Saarland                                ,59.2
5250,8,19.4,Vogtsburg-Oberrotweil,Baden-Württemberg                       ,
5252,8,17.4,Voldagsen,Niedersachsen                           ,75.2
5267,8,18.3,Wackersleben,Sachsen-Anhalt                          ,56.5
5275,8,19.9,Waghäusel-Kirrlach,Baden-Württemberg                       ,56.3
5277,8,16.8,Wahlen,Hessen                                  ,
5279,8,17.2,Wesertal-Lippoldsberg,Hessen                                  ,71.3
5280,8,17.0,Wittenborn,Schleswig-Holstein                      ,81.0
5282,8,18.6,Wahnsdorf bei Dresden,Sachsen                                 ,79.6
5284,8,18.9,Waiblingen,Baden-Württemberg                       ,81.7
5291,8,14.2,Waldau-Jostal,Baden-Württemberg                       ,121.0
5296,8,16.7,Waldeck,Hessen                                  ,53.5
5300,8,16.9,Waldems-Reinborn,Hessen                                  ,65.1
5306,8,14.7,Waldhäuser (National Park),Bayern                                  ,121.3
5317,8,16.2,Waldsassen,Bayern                                  ,70.0
5320,8,18.1,Waldshut,Baden-Württemberg                       ,93.3
5335,8,17.2,Waltershausen,Thüringen                               ,67.0
5344,8,17.3,Wangerooge,Niedersachsen                           ,71.5
5347,8,17.1,Warburg,Nordrhein-Westfalen                     ,63.0
5349,8,17.7,Waren (Müritz),Mecklenburg-Vorpommern                  ,56.0
5361,8,17.4,Wartenberg-Angersbach,Hessen                                  ,53.9
5369,8,17.6,Wasserburg,Bayern                                  ,127.7
5371,8,14.1,Wasserkuppe,Hessen                                  ,91.8
5377,8,10.3,Watzmannhaus,Bayern                                  ,282.7
5397,8,17.5,Weiden,Bayern                                  ,70.7
5398,8,17.4,"Weidenbach, Kr.Ansbach",Bayern                                  ,61.3
5403,8,17.9,Weigenheim-Reusch,Bayern                                  ,56.0
5404,8,17.2,Weihenstephan-Dürnast,Bayern                                  ,87.5
5410,8,18.0,Weilburg (Kläranlage),Hessen                                  ,60.4
5419,8,17.7,Weimar,Thüringen                               ,62.0
5424,8,17.3,Weimar-Schöndorf,Thüringen                               ,59.4
5426,8,17.4,Weinbiet,Rheinland-Pfalz                         ,54.3
5429,8,19.1,Weinsberg,Baden-Württemberg                       ,64.5
5431,8,17.8,Weisen bei Wittenberge,Sachsen-Anhalt                          ,59.5
5433,8,17.9,Weiskirchen/Saar,Saarland                                ,77.1
5434,8,17.2,Weismain,Bayern                                  ,70.4
5435,8,18.0,Weissach,Baden-Württemberg                       ,69.9
5440,8,17.7,Weißenburg-Emetzheim,Bayern                                  ,72.2
5442,8,18.9,Weißenfels,Sachsen-Anhalt                          ,56.6
5445,8,18.3,Weißensee-Ottenhausen,Thüringen                               ,55.9
5453,8,19.2,Weisweil-Waldeckhof,Baden-Württemberg                       ,73.0
5460,8,16.5,Wellendingen,Baden-Württemberg                       ,85.7
5463,8,18.3,Wellmitz,Brandenburg                             ,69.1
5467,8,10.3,Wendelstein,Bayern                                  ,184.6
5480,8,18.0,Werl,Nordrhein-Westfalen                     ,75.0
5488,8,18.1,"Mühlhausen, Kr. Schweinfurt",Bayern                                  ,50.6
5490,8,17.5,Wernigerode,Sachsen-Anhalt                          ,60.0
5498,8,18.3,Wertheim-Eichel,Baden-Württemberg                       ,57.9
5514,8,17.2,Westerland,Schleswig-Holstein                      ,82.3
5516,8,17.5,Fehmarn,Schleswig-Holstein                      ,58.0
5538,8,17.3,Wielenbach (Demollstr.),Bayern                                  ,131.0
5540,8,19.6,Wiesbaden (Süd),Hessen                                  ,54.4
5541,8,18.0,Wiesbaden-Auringen,Hessen                                  ,51.0
5543,8,18.1,Wiesbaden-Dotzheim,Hessen                                  ,55.0
5546,8,17.8,Wiesenburg,Brandenburg                             ,71.0
5559,8,16.3,"Wildbad, Bad-Calmbach",Baden-Württemberg                       ,83.0
5562,8,16.5,Neubulach-Oberhaugstett,Baden-Württemberg                       ,74.5
5568,8,16.8,"Wildungen, Bad",Hessen                                  ,56.1
5575,8,17.3,Wilhelmshaven,Niedersachsen                           ,79.9
5582,8,14.8,Willingen/Upland,Hessen                                  ,91.0
5609,8,18.4,"Winterbach, Rems-Murr-Kreis",Baden-Württemberg                       ,80.2
5610,8,14.6,Winterberg,Nordrhein-Westfalen                     ,91.5
5624,8,17.5,Wismar,Mecklenburg-Vorpommern                  ,71.0
5629,8,18.6,Wittenberg,Sachsen-Anhalt                          ,57.7
5640,8,17.1,Wittmundhafen,Niedersachsen                           ,
5642,8,17.7,Wittstock,Brandenburg                             ,
5643,8,17.7,Wittstock-Rote Mühle,Brandenburg                             ,53.8
5644,8,17.6,Witzenhausen,Hessen                                  ,60.8
5654,8,18.1,Wörnitz-Bottenweiler,Bayern                                  ,67.7
5663,8,17.3,Woldegk,Mecklenburg-Vorpommern                  ,59.9
5664,8,17.4,Wolfach,Baden-Württemberg                       ,103.3
5675,8,18.3,Wolfsburg,Niedersachsen                           ,63.1
5676,8,18.1,Wolfsburg (Südwest),Niedersachsen                           ,70.7
5681,8,18.2,Wolfstein/Pfalz,Rheinland-Pfalz                         ,59.4
5688,8,14.9,Dachsberg-Wolpadingen,Baden-Württemberg                       ,108.7
5692,8,19.3,Worms,Rheinland-Pfalz                         ,55.7
5703,8,18.9,Würzburg/Main,Bayern                                  ,55.4
5705,8,18.7,Würzburg,Bayern                                  ,53.4
5707,8,18.9,Würzburg (Physikalisches-Institut),Bayern                                  ,54.5
5715,8,18.0,Wunstorf,Niedersachsen                           ,70.2
5717,8,17.4,Wuppertal-Buchenhofen,Nordrhein-Westfalen                     ,98.6
5719,8,17.2,Remscheid,Nordrhein-Westfalen                     ,102.0
5728,8,18.2,Wustrau-Ziethenhorst,Brandenburg                             ,58.6
5731,8,18.2,Wutöschingen-Ofteringen,Baden-Württemberg                       ,81.3
5732,8,17.1,Wrixum/Föhr,Schleswig-Holstein                      ,75.8
5745,8,17.7,Zehdenick,Brandenburg                             ,56.3
5750,8,18.5,Zeitz,Sachsen-Anhalt                          ,63.1
5761,8,18.6,Zerbst,Sachsen-Anhalt                          ,57.0
5778,8,17.6,Zinnowitz,Mecklenburg-Vorpommern                  ,61.5
5779,8,14.1,Zinnwald-Georgenfeld,Sachsen                                 ,128.7
5792,8,2.9,Zugspitze,Bayern                                  ,182.3
5797,8,17.5,Lichtentanne,Sachsen                                 ,84.0
5800,8,16.0,Zwiesel,Bayern                                  ,116.0
5802,8,15.9,Zwieselberg,Bayern                                  ,113.3
5821,8,17.4,Bassum (A),Niedersachsen                           ,71.2
5822,8,17.4,Bassum,Niedersachsen                           ,71.0
5825,8,18.4,Berge,Brandenburg                             ,55.0
5832,8,17.6,Dannenberg,Niedersachsen                           ,65.3
5839,8,17.2,Emden,Niedersachsen                           ,76.0
5856,8,17.5,Fürstenzell,Bayern                                  ,98.0
5871,8,16.5,Hahn,Rheinland-Pfalz                         ,67.0
5885,8,18.6,Kirchheim/Teck-Ötlingen,Baden-Württemberg                       ,82.1
5890,8,15.6,"Kohlgrub, Bad (A)",Bayern                                  ,178.0
5898,8,18.9,Ludwigsburg,Baden-Württemberg                       ,
5904,8,17.7,Mainburg,Bayern                                  ,86.7
5906,8,19.9,Mannheim,Baden-Württemberg                       ,57.7
5912,8,17.0,Malsfeld,Hessen                                  ,64.4
5920,8,18.9,Neuwied,Rheinland-Pfalz                         ,53.5
5930,8,17.0,Schönhagen (Ostseebad),Schleswig-Holstein                      ,72.0
5941,8,16.1,Reit im Winkl,Bayern                                  ,195.3
5971,8,17.1,Welzheim (A),Baden-Württemberg                       ,88.3
6086,8,18.3,Melchow-Schönholz,Brandenburg                             ,62.7
6093,8,17.5,Wendisch Evern,Niedersachsen                           ,70.0
6095,8,17.8,Taubenheim-Seeligstadt,Sachsen                                 ,87.5
6105,8,16.9,Ostenfeld (Rendsburg),Schleswig-Holstein                      ,82.0
6109,8,17.8,Grambow-Schwennenz,Mecklenburg-Vorpommern                  ,59.0
6110,8,17.6,Medow-Wussentin,Mecklenburg-Vorpommern                  ,61.0
6129,8,17.2,Sohland/Spree,Sachsen                                 ,92.0
6157,8,17.3,Wangerland-Hooksiel,Niedersachsen                           ,80.0
6158,8,17.3,Weidenbach-Weiherschneidbach,Bayern                                  ,69.0
6159,8,17.1,Dörpen,Niedersachsen                           ,74.1
6163,8,17.1,Dörnick,Schleswig-Holstein                      ,77.0
6170,8,18.4,Coschen,Brandenburg                             ,68.0
6182,8,18.0,Mallersdorf-Pfaffenberg,Bayern                                  ,80.0
6184,8,17.3,Wilhelmshaven (Flugplatz),Niedersachsen                           ,
6186,8,17.6,Nastätten,Rheinland-Pfalz                         ,61.0
6196,8,15.8,Selb-Spielberg,Bayern                                  ,84.5
6197,8,16.7,Lügde-Paenbruch,Nordrhein-Westfalen                     ,82.0
6199,8,17.3,Steinhagen-Negast,Mecklenburg-Vorpommern                  ,71.0
6217,8,19.1,Saarbrücken-Burbach,Saarland                                ,64.0
6219,8,17.9,Dollnstein-Breitenfurt,Bayern                                  ,68.0
6258,8,18.1,Friedrichshafen-Unterraderach,Baden-Württemberg                       ,105.0
6259,8,16.7,Großerlach-Mannenweiler,Baden-Württemberg                       ,89.0
6260,8,17.6,Ingelfingen-Stachenhausen,Baden-Württemberg                       ,71.0
6262,8,18.0,Schwäbisch Gmünd-Weiler,Baden-Württemberg                       ,87.0
6263,8,18.0,Singen,Baden-Württemberg                       ,81.0
6264,8,15.9,Brilon-Thülen,Nordrhein-Westfalen                     ,84.0
6265,8,18.5,Wusterwitz,Brandenburg                             ,60.0
6266,8,18.1,Huy-Pabstorf,Sachsen-Anhalt                          ,58.0
6272,8,17.2,"Salzungen, Bad-Gräfen-Nitzendorf",Thüringen                               ,64.0
6273,8,18.4,Demker,Sachsen-Anhalt                          ,56.0
6275,8,18.4,Notzingen,Baden-Württemberg                       ,85.0
6304,8,16.5,Pilsach-Litzlohe,Bayern                                  ,87.0
6305,8,17.7,Mühlhausen/Thüringen-Görmar,Thüringen                               ,53.0
6310,8,17.6,Karlshagen,Mecklenburg-Vorpommern                  ,61.0
6312,8,17.8,Markt Erlbach-Mosbach,Bayern                                  ,62.0
6314,8,17.8,Nossen,Sachsen                                 ,87.0
6336,8,17.4,Lohr/Main-Halsbach,Bayern                                  ,60.0
6337,8,17.8,Lüdinghausen-Brochtrup,Nordrhein-Westfalen                     ,72.0
6344,8,18.2,Runkel-Ennerich,Hessen                                  ,56.0
6346,8,17.5,Maisach-Galgen,Bayern                                  ,105.0
6347,8,17.8,Schonungen-Mainberg,Bayern                                  ,56.0
7075,8,17.7,Elsendorf-Horneck,Bayern                                  ,84.0
7099,8,17.6,Liebenburg-Othfresen,Niedersachsen                           ,74.0
7105,8,16.5,Siegsdorf-Höll,Bayern                                  ,188.0
7106,8,17.7,Bielefeld-Deppendorf,Nordrhein-Westfalen                     ,79.0
7135,8,17.3,Aulendorf-Haslach,Baden-Württemberg                       ,97.0
7187,8,18.0,Freudenberg/Main-Boxtal,Baden-Württemberg                       ,61.0
7244,8,17.6,Neuglobsow (HM),Brandenburg                             ,59.1
7298,8,16.8,Hattstedt,Schleswig-Holstein                      ,82.0
7319,8,17.8,Donauwörth-Osterweiler,Bayern                                  ,72.0
7321,8,18.1,Olbersleben,Thüringen                               ,57.0
7325,8,3.8,,,171.0
7329,8,16.5,Treuen,Sachsen                                 ,83.0
7330,8,17.1,Arnsberg-Neheim,Nordrhein-Westfalen                     ,80.0
7331,8,17.4,Hermaringen-Allewind,Baden-Württemberg                       ,75.0
7341,8,19.4,Offenbach-Wetterpark,Hessen                                  ,60.0
7343,8,15.0,Deutschneudorf-Brüderwiese,Sachsen                                 ,113.0
7350,8,16.0,Prackenbach-Neuhäusl,Bayern                                  ,109.0
7351,8,17.3,Feldberg/Mecklenburg,Mecklenburg-Vorpommern                  ,57.0
7364,8,19.2,Jeßnitz,Sachsen-Anhalt                          ,54.0
7367,8,17.5,Alfeld,Niedersachsen                           ,78.0
7368,8,17.1,Eisenach,Thüringen                               ,65.0
7369,8,17.4,Feuchtwangen-Heilbronn,Bayern                                  ,65.0
7370,8,16.8,Waldmünchen,Bayern                                  ,86.0
7373,8,17.7,Borkum-Flugplatz,Niedersachsen                           ,80.0
7374,8,17.8,Ahaus,Nordrhein-Westfalen                     ,76.0
7389,8,18.2,Heckelberg,Brandenburg                             ,63.0
7393,8,18.5,Hoyerswerda,Sachsen                                 ,78.0
7394,8,15.7,Wunsiedel-Schönbrunn,Bayern                                  ,86.0
7395,8,18.0,Gottfrieding,Bayern                                  ,86.0
7396,8,14.8,Hoherodskopf/Vogelsberg,Hessen                                  ,91.0
7403,8,16.5,Leutkirch-Herlazhofen,Baden-Württemberg                       ,139.2
7410,8,16.8,Neu-Ulrichstein,Hessen                                  ,70.0
7412,8,17.2,Neuhütten/Spessart,Bayern                                  ,73.0
7419,8,16.9,Langenwetzendorf-Göttendorf,Thüringen                               ,73.0
7420,8,17.8,Naumburg/Saale-Kreipitzsch,Sachsen-Anhalt                          ,68.0
7424,8,17.7,Piding,Bayern                                  ,180.0
7427,8,17.2,Padenstedt (Pony-Park),Schleswig-Holstein                      ,81.0
7428,8,17.0,Veilsdorf,Thüringen                               ,66.0
7431,8,17.2,Oberhaching-Laufzorn,Bayern                                  ,131.0
7432,8,17.7,Wittingen-Vorhop,Niedersachsen                           ,64.0
13670,8,18.9,Duisburg-Baerl,Nordrhein-Westfalen                     ,77.0
13674,8,18.7,Waibstadt,Baden-Württemberg                       ,64.0
13675,8,17.9,Hameln-Hastenbeck,Niedersachsen                           ,73.0
13696,8,18.2,Waltrop-Abdinghof,Nordrhein-Westfalen                     ,77.0
13700,8,17.4,Gevelsberg-Oberbröking,Nordrhein-Westfalen                     ,86.0
13710,8,17.6,Landshut-Reithof,Bayern                                  ,96.0
13711,8,17.6,Krölpa-Rockendorf,Thüringen                               ,65.0
13713,8,16.4,Meinerzhagen-Redlendorf,Nordrhein-Westfalen                     ,99.0
13776,8,17.9,Hildesheim-Drispenstedt,Niedersachsen                           ,66.3
13777,8,18.1,Helmstedt-Emmerstedt,Niedersachsen                           ,61.0
13965,8,16.7,Balingen-Bronnhaupten,Baden-Württemberg                       ,81.0
14138,8,18.6,,,62.0
14311,8,15.7,Hersdorf-Weißenseifen,Rheinland-Pfalz                         ,79.5
15000,8,17.7,Aachen-Orsbach,Nordrhein-Westfalen                     ,82.0
15207,8,16.9,Schauenburg-Elgershausen,Hessen                                  ,61.0
15444,8,17.1,Ulm-Mähringen,Baden-Württemberg                       ,88.0
15555,8,16.1,Kaufbeuren-Oberbeuren,Bayern                                  ,140.4
15926,8,17.6,Fronberg (Schwandorf),Bayern                                  ,68.4
15951,8,16.5,Pirmasens (Kläranlage),Rheinland-Pfalz                         ,68.8
15963,8,18.4,St. Tönis,Nordrhein-Westfalen                     ,72.3
15965,8,17.4,"Brückenau, Bad (Elisabethenhof)",Bayern                                  ,68.7
15979,8,17.2,Sargenroth,Rheinland-Pfalz                         ,61.0
16085,8,17.7,Leherheide,Bremen                                  ,76.7
19087,8,16.4,Freyung vorm Wald,Bayern                                  ,102.7
19171,8,17.2,Hasenkrug-Hardebek,Schleswig-Holstein                      ,81.4
19172,8,17.0,Wacken,Schleswig-Holstein                      ,90.6
19580,8,17.4,"Urach, Bad/Erms",Baden-Württemberg                       ,95.0
19607,8,15.4,Cämmerswalde-Rauschenbach,Sachsen                                 ,
19617,8,17.8,Burghaslach,Bayern                                  ,55.9
19647,8,17.9,Eberbach/Neckar,Baden-Württemberg                       ,
19781,8,18.0,Ingolstadt,Bayern                                  ,76.4
1,9,13.8,Aach,Baden-Württemberg                       ,62.5
3,9,14.6,Aachen,Nordrhein-Westfalen                     ,69.2
44,9,13.6,Großenkneten,Niedersachsen                           ,70.0
52,9,13.4,Ahrensburg-Wulfsdorf,Schleswig-Holstein                      ,69.6
61,9,13.6,Aiterhofen,Bayern                                  ,64.3
70,9,12.2,Albstadt-Ebingen,Baden-Württemberg                       ,67.2
71,9,12.0,Albstadt-Badkap,Baden-Württemberg                       ,72.0
72,9,11.8,Albstadt-Onstmettingen,Baden-Württemberg                       ,77.8
73,9,13.6,Aldersbach-Kriestorf,Bayern                                  ,65.7
78,9,13.6,Alfhausen,Niedersachsen                           ,71.1
91,9,12.9,Alsfeld-Eifa,Hessen                                  ,58.3
93,9,13.2,Alsfeld-Reibertenrod,Hessen                                  ,54.2
96,9,14.0,Neuruppin-Alt Ruppin,Brandenburg                             ,50.0
98,9,11.2,Altastenberg,Nordrhein-Westfalen                     ,108.2
116,9,14.1,Altenburg,Thüringen                               ,53.3
125,9,12.5,Altenstadt,Bayern                                  ,
129,9,13.6,Altentreptow,Mecklenburg-Vorpommern                  ,46.1
131,9,13.6,Geringswalde-Altgeringswalde,Sachsen                                 ,59.2
132,9,11.7,Altglashütte,Bayern                                  ,82.0
142,9,13.1,Altomünster-Maisbrunn,Bayern                                  ,72.4
150,9,14.6,Alzey,Rheinland-Pfalz                         ,49.3
151,9,13.1,Amberg-Unterammersricht,Bayern                                  ,53.4
154,9,13.2,Amerang-Pfaffing,Bayern                                  ,101.0
161,9,14.9,Andernach,Rheinland-Pfalz                         ,53.1
164,9,13.9,Angermünde,Brandenburg                             ,42.3
167,9,13.7,Anklam,Mecklenburg-Vorpommern                  ,51.6
169,9,12.1,Annaberg-Buchholz,Sachsen                                 ,69.5
172,9,12.6,Annaturm,Niedersachsen                           ,71.9
174,9,14.2,Annweiler-Bindersbach,Rheinland-Pfalz                         ,71.5
175,9,13.2,Ansbach,Bayern                                  ,53.5
177,9,13.3,Ansbach-Hennenbach,Bayern                                  ,52.2
183,9,14.1,Arkona,Mecklenburg-Vorpommern                  ,55.9
184,9,14.0,Arneburg,Sachsen-Anhalt                          ,46.3
185,9,13.7,Arnis,Schleswig-Holstein                      ,68.0
186,9,13.1,Arnsberg,Nordrhein-Westfalen                     ,87.1
191,9,13.6,Arnstein-Müdesheim,Bayern                                  ,54.0
193,9,13.1,Arolsen-Neu Berich,Hessen                                  ,67.7
198,9,14.2,Artern,Thüringen                               ,43.3
202,9,14.6,Aschaffenburg,Bayern                                  ,56.2
207,9,14.2,Aschersleben,Sachsen-Anhalt                          ,43.8
211,9,13.4,Aßlar Klein-Altenstädten,Hessen                                  ,63.3
217,9,13.0,Attenkam,Bayern                                  ,101.9
221,9,13.4,Au i.d.Hallertau-Günzenhausen,Bayern                                  ,72.9
222,9,13.0,Aue,Sachsen                                 ,67.0
231,9,13.3,Augsburg (Sankt Stephan),Bayern                                  ,69.0
232,9,13.3,Augsburg,Bayern                                  ,65.9
243,9,13.6,Aurich,Niedersachsen                           ,94.8
257,9,14.5,Baden-Baden-Geroldsau,Baden-Württemberg                       ,99.4
259,9,14.8,Müllheim,Baden-Württemberg                       ,88.0
268,9,12.6,Baiersbronn-Obertal,Baden-Württemberg                       ,121.5
273,9,13.8,Baindt,Baden-Württemberg                       ,83.5
282,9,13.5,Bamberg,Bayern                                  ,56.8
283,9,13.4,Bamberg-Altenburg,Bayern                                  ,62.5
284,9,13.4,Bamberg (Sternwarte),Bayern                                  ,62.0
288,9,13.9,Bargischow-Gnevezin,Mecklenburg-Vorpommern                  ,52.3
294,9,14.2,Barsinghausen-Hohenbostel,Niedersachsen                           ,63.0
298,9,13.6,Barth,Mecklenburg-Vorpommern                  ,62.6
303,9,14.2,Baruth,Brandenburg                             ,45.0
314,9,14.4,"Kubschütz, Kr. Bautzen",Sachsen                                 ,50.9
320,9,13.1,Heinersreuth-Vollhof,Bayern                                  ,62.5
326,9,14.1,Beckum-Unterberg,Nordrhein-Westfalen                     ,75.0
327,9,13.7,Bederkesa,Niedersachsen                           ,92.2
330,9,13.5,Oberzent-Beerfelden,Hessen                                  ,79.5
335,9,14.0,Behrensdorf,Schleswig-Holstein                      ,60.3
342,9,13.9,Belm,Niedersachsen                           ,73.0
348,9,14.9,Bendorf,Rheinland-Pfalz                         ,60.9
355,9,15.4,Bensheim,Hessen                                  ,64.1
361,9,13.2,Berchtesgaden (KKst),Bayern                                  ,135.2
365,9,13.1,Berg/Oberpfalz,Bayern                                  ,67.1
368,9,13.6,Bergen,Niedersachsen                           ,
377,9,15.0,"Bergzabern, Bad",Rheinland-Pfalz                         ,59.4
379,9,13.4,"Berka, Bad (Flugplatz)",Thüringen                               ,55.3
386,9,12.2,"Berleburg, Bad",Nordrhein-Westfalen                     ,81.4
390,9,11.4,"Berleburg, Bad-Stünzel",Nordrhein-Westfalen                     ,99.0
395,9,14.4,Berlin-Adlershof,Berlin                                  ,
399,9,15.1,Berlin-Alexanderplatz,Berlin                                  ,46.0
400,9,14.1,Berlin-Buch,Berlin                                  ,47.8
402,9,14.1,Berlin-Dahlem (LFAG),Berlin                                  ,46.2
403,9,14.1,Berlin-Dahlem (FU),Berlin                                  ,46.3
405,9,14.3,Berlin-Friedrichshagen,Berlin                                  ,
407,9,14.3,Berlin-Frohnau,Berlin                                  ,49.4
408,9,14.9,Berlin-Invalidenstraße,Berlin                                  ,
410,9,14.1,Berlin-Kaniswall,Berlin                                  ,48.0
416,9,14.5,Berlin-Lichtenrade,Berlin                                  ,44.7
417,9,14.3,Berlin-Lichterfelde (Süd),Berlin                                  ,46.4
420,9,14.6,Berlin-Marzahn,Berlin                                  ,48.0
422,9,14.9,Berlin-Mitte,Berlin                                  ,47.4
424,9,15.0,Berlin-Ostkreuz,Berlin                                  ,
425,9,14.4,Berlin-Rudow,Berlin                                  ,44.5
427,9,14.5,Berlin Brandenburg,Brandenburg                             ,42.1
429,9,14.4,Berlin-Spandau,Berlin                                  ,46.8
430,9,14.6,Berlin-Tegel,Berlin                                  ,43.9
432,9,14.3,Berlin-Tegeler Fliesstal,Berlin                                  ,48.3
433,9,14.9,Berlin-Tempelhof,Berlin                                  ,47.1
434,9,14.7,Berlin-Treptow,Berlin                                  ,48.0
435,9,14.4,Berlin-Zehlendorf,Berlin                                  ,44.9
445,9,14.6,Bernburg/Saale (Nord),Sachsen-Anhalt                          ,48.9
450,9,15.0,Bernkastel-Kues,Rheinland-Pfalz                         ,62.0
460,9,14.2,Berus,Saarland                                ,73.0
474,9,13.0,Warthausen-Birkenhard,Baden-Württemberg                       ,78.0
480,9,12.7,Biedenkopf-Wallau,Hessen                                  ,67.7
502,9,13.0,Bischbrunn,Bayern                                  ,76.3
524,9,14.9,Bitterfeld,Sachsen-Anhalt                          ,47.2
526,9,13.5,"Blankenburg, Bad",Thüringen                               ,50.2
535,9,13.2,Blankenrath,Rheinland-Pfalz                         ,70.2
550,9,13.3,Bobeck,Thüringen                               ,58.0
553,9,14.5,Bocholt (Marienschule),Nordrhein-Westfalen                     ,70.2
555,9,14.5,Bochum,Nordrhein-Westfalen                     ,76.0
576,9,13.3,Böblingen,Baden-Württemberg                       ,58.5
578,9,13.0,Böhming,Bayern                                  ,68.9
588,9,14.0,Boffzen,Niedersachsen                           ,68.1
591,9,14.0,Boizenburg,Mecklenburg-Vorpommern                  ,56.6
592,9,13.6,Bokel,Schleswig-Holstein                      ,78.9
596,9,14.1,Boltenhagen,Mecklenburg-Vorpommern                  ,50.0
598,9,14.9,Bonn,Nordrhein-Westfalen                     ,63.5
599,9,14.9,Bonn-Friesdorf,Nordrhein-Westfalen                     ,66.2
601,9,14.4,,,
603,9,14.3,Königswinter-Heiderhof,Nordrhein-Westfalen                     ,72.0
606,9,13.1,Boos,Bayern                                  ,88.3
614,9,13.6,Borgentreich-Bühne,Nordrhein-Westfalen                     ,63.4
617,9,14.4,Borken in Westfalen,Nordrhein-Westfalen                     ,80.5
619,9,14.9,Borkum-Süderstraße,Niedersachsen                           ,94.8
642,9,14.1,Brake,Niedersachsen                           ,72.7
643,9,14.1,Brake-Süderfeld,Niedersachsen                           ,70.2
645,9,13.8,Bramsche,Niedersachsen                           ,69.5
648,9,13.4,Brande-Hörnerkirchen,Schleswig-Holstein                      ,82.3
650,9,14.2,Brandenburg-Görden,Brandenburg                             ,48.1
652,9,13.3,Hagenbüchach,Bayern                                  ,55.5
656,9,10.5,Braunlage,Niedersachsen                           ,111.0
660,9,14.2,Braunschweig-Gliesmarode,Niedersachsen                           ,51.0
661,9,14.2,Braunschweig (T.H.),Niedersachsen                           ,51.0
662,9,14.2,Braunschweig,Niedersachsen                           ,55.0
685,9,12.2,Breitsol,Bayern                                  ,83.7
691,9,13.9,Bremen,Bremen                                  ,62.5
699,9,13.9,Bremen-Seefahrtschule,Bremen                                  ,66.8
701,9,14.5,Bremerhaven,Bremen                                  ,74.7
702,9,14.4,Bremerhaven-Speckenbüttel,Bremen                                  ,76.7
703,9,13.7,Bremervörde (A),Niedersachsen                           ,74.5
704,9,13.7,Bremervörde,Niedersachsen                           ,74.0
705,9,13.7,Bremervörde-Niederochtenhausen,Niedersachsen                           ,73.8
706,9,15.2,Eschbach,Baden-Württemberg                       ,68.7
710,9,14.5,Bretten,Baden-Württemberg                       ,63.2
717,9,12.3,Brilon,Nordrhein-Westfalen                     ,96.5
722,9,8.0,Brocken,Sachsen-Anhalt                          ,166.7
727,9,13.9,Brombachtal-Kirch-Brombach,Hessen                                  ,67.1
729,9,11.8,Brotterode,Thüringen                               ,97.7
736,9,12.7,Brücken,Rheinland-Pfalz                         ,81.9
755,9,13.2,"Buchen, Kr. Neckar-Odenwald",Baden-Württemberg                       ,58.3
757,9,14.0,Buchenbach,Baden-Württemberg                       ,96.0
760,9,13.1,Rosengarten-Klecken,Niedersachsen                           ,69.3
766,9,12.7,Büchel (Flugplatz),Rheinland-Pfalz                         ,
769,9,14.5,Bückeburg,Niedersachsen                           ,62.3
771,9,14.3,Büdingen,Hessen                                  ,68.9
772,9,15.4,Bühlertal,Baden-Württemberg                       ,107.4
773,9,13.7,Bühlertal-Obertal,Baden-Württemberg                       ,120.4
793,9,12.3,Buhlenberg,Rheinland-Pfalz                         ,85.6
817,9,12.6,Burgwald-Bottendorf,Hessen                                  ,58.9
840,9,10.3,Carlsfeld,Sachsen                                 ,99.0
848,9,14.1,Celle (Stadt),Niedersachsen                           ,57.6
850,9,14.1,Celle,Niedersachsen                           ,57.6
851,9,13.2,Pemfling-Pitzling,Bayern                                  ,62.0
853,9,13.5,Chemnitz,Sachsen                                 ,63.3
856,9,13.4,Chieming,Bayern                                  ,109.0
863,9,11.4,Clausthal-Zellerfeld,Niedersachsen                           ,114.9
865,9,13.8,Cloppenburg,Niedersachsen                           ,72.2
867,9,13.5,Lautertal-Oberlauter,Bayern                                  ,64.5
876,9,13.8,Collmberg,Sachsen                                 ,57.3
879,9,14.3,Cottbus (Flugplatz),Brandenburg                             ,
880,9,14.3,Cottbus,Brandenburg                             ,44.5
881,9,13.4,Crailsheim-Alexandersreut,Baden-Württemberg                       ,57.9
888,9,13.7,Crimmitschau,Sachsen                                 ,52.5
891,9,14.7,Cuxhaven,Niedersachsen                           ,86.5
896,9,13.9,Dachwig,Thüringen                               ,42.6
917,9,14.6,Darmstadt,Hessen                                  ,63.0
918,9,14.9,Darmstadt (A),Hessen                                  ,59.9
919,9,14.7,Darmstadt-Botanischer Garten,Hessen                                  ,60.9
931,9,13.0,Deggenhausertal-Azenweiler,Baden-Württemberg                       ,97.0
948,9,14.6,Dessau,Sachsen-Anhalt                          ,53.1
953,9,13.1,Deuselbach,Rheinland-Pfalz                         ,71.0
963,9,13.9,Diepholz,Niedersachsen                           ,61.3
964,9,12.7,Dierfeld,Rheinland-Pfalz                         ,76.1
965,9,14.5,Diesbar-Seußlitz,Sachsen                                 ,48.2
970,9,13.1,Dietenhofen,Bayern                                  ,55.0
979,9,12.8,Dillenburg,Hessen                                  ,70.9
982,9,13.7,Dillingen/Donau,Bayern                                  ,64.2
983,9,13.7,Dillingen/Donau-Fristingen,Bayern                                  ,64.3
991,9,12.9,Dippoldiswalde-Reinberg,Sachsen                                 ,54.0
998,9,12.5,Dobel,Baden-Württemberg                       ,108.9
1000,9,14.1,"Doberan, Bad-Heiligendamm",Mecklenburg-Vorpommern                  ,56.9
1001,9,14.1,Doberlug-Kirchhain,Brandenburg                             ,47.1
1003,9,13.9,Döbeln,Sachsen                                 ,55.4
1006,9,14.0,Dömitz,Mecklenburg-Vorpommern                  ,47.5
1018,9,12.4,Donaueschingen,Baden-Württemberg                       ,59.8
1032,9,14.4,Dortmund,Nordrhein-Westfalen                     ,79.8
1047,9,14.6,Dresden (Mitte),Sachsen                                 ,48.9
1048,9,14.2,Dresden-Klotzsche,Sachsen                                 ,49.9
1050,9,14.7,Dresden-Hosterwitz,Sachsen                                 ,51.3
1051,9,14.6,Dresden-Strehlen,Sachsen                                 ,48.0
1052,9,14.1,Möckern-Drewitz,Sachsen-Anhalt                          ,51.0
1066,9,13.6,Duderstadt,Niedersachsen                           ,59.7
1072,9,15.1,"Dürkheim, Bad",Rheinland-Pfalz                         ,42.6
1073,9,15.1,"Dürkheim, Bad (Saline)",Rheinland-Pfalz                         ,44.3
1074,9,14.6,"Dürrenberg, Bad",Sachsen-Anhalt                          ,48.0
1078,9,15.0,Düsseldorf,Nordrhein-Westfalen                     ,64.2
1079,9,15.0,Düsseldorf-Südfriedhof,Nordrhein-Westfalen                     ,63.2
1084,9,15.3,Duisburg-Friemersheim,Nordrhein-Westfalen                     ,71.6
1087,9,15.6,Duisburg-Laar,Nordrhein-Westfalen                     ,69.0
1102,9,14.5,Ebersbach/Fils,Baden-Württemberg                       ,70.3
1103,9,13.2,Ebersberg-Halbing,Bayern                                  ,92.3
1106,9,14.2,Eberswalde,Brandenburg                             ,44.2
1107,9,12.5,Ebrach,Bayern                                  ,68.5
1130,9,13.5,Eggebek,Schleswig-Holstein                      ,81.0
1146,9,13.2,Ehningen,Baden-Württemberg                       ,60.3
1154,9,13.3,Eiberg,Bayern                                  ,79.6
1161,9,13.3,Eichstätt-Landershofen,Bayern                                  ,54.0
1169,9,15.1,Eimeldingen,Baden-Württemberg                       ,76.8
1172,9,14.0,Einbeck,Niedersachsen                           ,56.1
1182,9,14.1,Eisleben-Helfta,Sachsen-Anhalt                          ,44.2
1188,9,11.9,Elgersburg,Thüringen                               ,73.1
1197,9,13.0,Ellwangen-Rindelbach,Baden-Württemberg                       ,61.2
1200,9,13.8,Elpersbüttel,Schleswig-Holstein                      ,86.0
1201,9,14.7,Elsdorf/Erftkreis,Nordrhein-Westfalen                     ,60.9
1204,9,14.0,Elsfleth,Niedersachsen                           ,67.7
1207,9,11.5,"Elster, Bad-Sohl",Sachsen                                 ,65.3
1214,9,13.6,Elzach-Fisnacht,Baden-Württemberg                       ,104.0
1219,9,14.2,Emden-Nesserland,Niedersachsen                           ,83.2
1221,9,14.2,Emden-Wolthusen,Niedersachsen                           ,81.5
1224,9,14.5,Emmendingen-Mundingen,Baden-Württemberg                       ,78.2
1229,9,14.3,"Ems, Bad",Rheinland-Pfalz                         ,74.2
1238,9,13.8,Engelskirchen,Nordrhein-Westfalen                     ,101.8
1239,9,13.5,Engen/Hegau,Baden-Württemberg                       ,64.0
1243,9,12.0,Eningen,Baden-Württemberg                       ,77.3
1246,9,14.1,Ennigerloh-Ostenfelde,Nordrhein-Westfalen                     ,68.0
1254,9,14.7,Eppingen,Baden-Württemberg                       ,60.9
1255,9,14.6,Eppingen-Elsenz,Baden-Württemberg                       ,58.7
1262,9,13.5,München-Flughafen,Bayern                                  ,72.0
1266,9,13.5,Erfde,Schleswig-Holstein                      ,84.1
1270,9,13.6,Erfurt-Weimar,Thüringen                               ,46.8
1275,9,13.7,Ering,Bayern                                  ,69.9
1276,9,14.2,Eriskirch-Mariabrunn,Baden-Württemberg                       ,102.1
1279,9,13.9,Möhrendorf-Kleinseebach,Bayern                                  ,58.0
1280,9,13.9,Erlangen-Bruck,Bayern                                  ,56.3
1287,9,13.4,Eschau-Hobbach,Bayern                                  ,70.2
1292,9,12.9,Eschenbach/Oberpfalz,Bayern                                  ,69.5
1297,9,13.6,Eschwege,Hessen                                  ,55.9
1299,9,14.1,Esens,Niedersachsen                           ,92.6
1300,9,12.2,Eslohe,Nordrhein-Westfalen                     ,95.2
1303,9,14.6,Essen-Bredeney,Nordrhein-Westfalen                     ,79.5
1327,9,14.6,Weilerswist-Lommersum,Nordrhein-Westfalen                     ,56.0
1329,9,13.5,Eutin,Schleswig-Holstein                      ,65.6
1332,9,13.8,"Falkenberg,Kr.Rottal-Inn",Bayern                                  ,69.4
1339,9,13.4,Faßberg,Niedersachsen                           ,
1345,9,13.3,Feldberg,Mecklenburg-Vorpommern                  ,47.0
1346,9,8.3,Feldberg/Schwarzwald,Baden-Württemberg                       ,141.7
1357,9,11.3,Fichtelberg/Oberfranken-Hüttstadl,Bayern                                  ,100.0
1358,9,8.3,Fichtelberg,Sachsen                                 ,93.5
1374,9,12.8,Fladungen-Heufurt,Bayern                                  ,63.5
1378,9,13.4,Flensburg,Schleswig-Holstein                      ,89.1
1379,9,13.4,Flensburg (Schäferhaus),Schleswig-Holstein                      ,85.6
1380,9,13.6,Flensburg-Mürwik,Schleswig-Holstein                      ,85.1
1392,9,11.8,Flossenbürg,Bayern                                  ,77.0
1403,9,13.0,Frammersbach,Bayern                                  ,79.0
1410,9,14.0,"Frankenhausen, Bad/Kyffhäuser",Thüringen                               ,46.9
1411,9,10.7,Birx/Rhön,Thüringen                               ,95.1
1420,9,15.2,Frankfurt/Main,Hessen                                  ,53.0
1421,9,15.2,Frankfurt/Main (Stadt),Hessen                                  ,55.0
1424,9,15.3,Frankfurt/Main-Westend,Hessen                                  ,56.0
1425,9,15.4,Frankfurt/Main (Feldbergstr.),Hessen                                  ,54.2
1426,9,14.0,Frankfurt/Oder,Brandenburg                             ,47.7
1428,9,14.3,Frankweiler,Rheinland-Pfalz                         ,63.6
1440,9,14.4,Freiamt-Ottoschwanden,Baden-Württemberg                       ,86.9
1441,9,13.1,Freiberg,Sachsen                                 ,63.7
1443,9,15.2,Freiburg,Baden-Württemberg                       ,88.2
1447,9,15.9,Freiburg im Breisgau-Herdern,Baden-Württemberg                       ,85.8
1451,9,13.8,Freiburg/Elbe,Niedersachsen                           ,78.8
1468,9,11.9,Freudenstadt,Baden-Württemberg                       ,109.1
1473,9,13.2,Freystadt-Michelbach,Bayern                                  ,63.5
1488,9,12.0,Friedrichsbrunn,Sachsen-Anhalt                          ,58.9
1490,9,14.2,Friedrichshafen,Baden-Württemberg                       ,96.8
1492,9,11.8,Malsburg-Marzell-Friedrichsheim,Baden-Württemberg                       ,126.5
1503,9,13.5,Friesoythe-Altenoythe,Niedersachsen                           ,72.1
1504,9,13.6,Fritzlar (Flugplatz),Hessen                                  ,53.0
1513,9,11.6,Fuchskauten,Rheinland-Pfalz                         ,101.1
1515,9,13.4,Fürstenfeldbruck,Bayern                                  ,
1522,9,13.8,Fürth/Bayern (A),Bayern                                  ,53.7
1526,9,13.0,Fulda-Horas,Hessen                                  ,54.2
1544,9,13.9,Gardelegen,Sachsen-Anhalt                          ,45.8
1550,9,12.3,Garmisch-Partenkirchen,Bayern                                  ,112.5
1552,9,14.2,Gartz/Oder,Brandenburg                             ,46.0
1568,9,9.7,Gehlberg-Schmücke,Thüringen                               ,120.6
1572,9,14.5,Geilenkirchen (Flugplatz),Nordrhein-Westfalen                     ,
1580,9,15.0,Geisenheim,Hessen                                  ,47.1
1583,9,10.9,Geisingberg,Sachsen                                 ,72.6
1584,9,12.6,Geisingen,Baden-Württemberg                       ,63.0
1586,9,13.4,Traunstein-Geißing,Bayern                                  ,119.5
1587,9,13.0,Gelbelsee,Bayern                                  ,68.0
1590,9,14.7,Geldern-Walbeck,Nordrhein-Westfalen                     ,66.3
1593,9,14.2,Gelnhausen,Hessen                                  ,72.5
1602,9,14.8,Ohlsbach,Baden-Württemberg                       ,83.5
1605,9,14.1,Genthin,Sachsen-Anhalt                          ,50.0
1612,9,13.6,Gera-Leumnitz,Thüringen                               ,57.0
1619,9,15.1,Gernsheim,Hessen                                  ,56.0
1621,9,12.6,Geroda-Platz,Bayern                                  ,70.7
1638,9,14.1,Gießen (Lahntal),Hessen                                  ,61.6
1639,9,13.8,Gießen/Wettenberg,Hessen                                  ,57.3
1645,9,12.2,Gilserberg-Moischeid,Hessen                                  ,63.0
1666,9,13.6,Glücksburg-Meierwik,Schleswig-Holstein                      ,80.0
1667,9,13.7,Glückstadt,Schleswig-Holstein                      ,73.6
1684,9,13.7,Görlitz,Sachsen                                 ,53.4
1689,9,12.8,Gößweinstein,Bayern                                  ,79.5
1691,9,13.7,Göttingen,Niedersachsen                           ,56.1
1694,9,13.5,Goldberg,Mecklenburg-Vorpommern                  ,50.0
1709,9,12.5,"Gottleuba, Bad",Sachsen                                 ,58.9
1721,9,13.0,Gräfenberg-Kasberg,Bayern                                  ,82.0
1735,9,12.8,Grainet-Rehberg,Bayern                                  ,91.0
1757,9,13.8,Greifswald,Mecklenburg-Vorpommern                  ,54.8
1762,9,13.1,Greiz-Dölau,Thüringen                               ,53.1
1766,9,14.2,Münster/Osnabrück,Nordrhein-Westfalen                     ,72.0
1792,9,14.0,Groß Berßen,Niedersachsen                           ,77.3
1803,9,13.3,Groß Lüsewitz,Mecklenburg-Vorpommern                  ,59.4
1833,9,9.1,Grosser Falkenstein,Bayern                                  ,103.4
1834,9,10.1,Grosser Inselsberg,Thüringen                               ,120.6
1844,9,13.4,Feldkirchen-Westerham-Lenzmühle,Bayern                                  ,96.0
1849,9,13.6,Großmehring-Theißing,Bayern                                  ,59.9
1863,9,13.7,Gründau-Breitenborn,Hessen                                  ,76.0
1869,9,13.8,Grünow,Brandenburg                             ,42.0
1875,9,13.2,"Gschwend, Kr. Ostalb",Baden-Württemberg                       ,74.1
1886,9,13.5,Günzburg,Bayern                                  ,61.0
1890,9,13.9,Güstrow-Schabernack,Mecklenburg-Vorpommern                  ,
1891,9,14.1,Rheda-Wiedenbrück-Lintel,Nordrhein-Westfalen                     ,74.6
1892,9,14.2,Gütersloh (Flugplatz),Nordrhein-Westfalen                     ,
1920,9,14.4,Hagen-Fley,Nordrhein-Westfalen                     ,77.9
1957,9,14.3,Halle-Kröllwitz,Sachsen-Anhalt                          ,50.0
1960,9,14.5,Halle (Stadt),Sachsen-Anhalt                          ,47.0
1972,9,14.0,Hamburg-Bergedorf,Hamburg                                 ,60.6
1973,9,14.3,Hamburg-Botanischer Garten,Hamburg                                 ,66.3
1975,9,13.9,Hamburg-Fuhlsbüttel,Hamburg                                 ,67.4
1979,9,14.1,Hamburg-Kirchwerder,Hamburg                                 ,59.0
1981,9,14.2,Hamburg-Neuwiedenthal,Hamburg                                 ,59.0
1986,9,14.1,Hamburg-Reitbrook,Hamburg                                 ,60.8
1990,9,13.9,Hamburg-Wandsbek,Hamburg                                 ,70.5
1993,9,14.3,Hameln,Niedersachsen                           ,59.4
2000,9,15.0,Hanau,Hessen                                  ,54.0
2005,9,13.4,Hankensbüttel,Niedersachsen                           ,62.0
2014,9,14.1,Hannover,Niedersachsen                           ,57.2
2023,9,13.3,Harburg,Bayern                                  ,59.0
2039,9,13.6,"Harzburg, Bad",Niedersachsen                           ,73.2
2044,9,12.3,Harzgerode,Sachsen-Anhalt                          ,53.0
2048,9,13.8,Haseldorf,Schleswig-Holstein                      ,70.7
2053,9,12.0,Hasselfelde,Sachsen-Anhalt                          ,54.5
2069,9,10.9,Hausstein,Bayern                                  ,121.9
2074,9,13.4,Hechingen,Baden-Württemberg                       ,66.4
2078,9,13.7,Weddingstedt,Schleswig-Holstein                      ,91.0
2080,9,16.0,Heidelberg,Baden-Württemberg                       ,58.7
2081,9,13.5,Königstuhl,Baden-Württemberg                       ,81.5
2083,9,15.8,Heidelberg-Grenzhof,Baden-Württemberg                       ,57.0
2092,9,12.6,Heidenrod-Mappershain,Hessen                                  ,71.4
2095,9,14.9,Heilbronn,Baden-Württemberg                       ,60.2
2110,9,14.5,Heinsberg-Schleiden,Nordrhein-Westfalen                     ,60.7
2120,9,14.3,Helmstedt,Niedersachsen                           ,47.2
2122,9,13.8,"Helse, Kr. Dithmarschen",Schleswig-Holstein                      ,92.3
2147,9,14.5,Herford,Nordrhein-Westfalen                     ,79.9
2151,9,13.6,Herleshausen,Hessen                                  ,57.2
2159,9,13.5,Herrenberg,Baden-Württemberg                       ,58.0
2160,9,13.0,Herrenhof,Thüringen                               ,61.0
2166,9,13.2,Herrnhut,Sachsen                                 ,57.5
2167,9,12.9,Niederwörresbach,Rheinland-Pfalz                         ,59.2
2171,9,13.2,"Hersfeld, Bad",Hessen                                  ,55.1
2173,9,14.5,Herten,Nordrhein-Westfalen                     ,84.2
2174,9,13.2,Herzberg,Niedersachsen                           ,75.0
2201,9,14.1,Hiddensee-Vitte,Mecklenburg-Vorpommern                  ,53.0
2206,9,14.3,Hildesheim,Niedersachsen                           ,61.7
2211,9,13.4,Hilgenroth,Rheinland-Pfalz                         ,85.3
2223,9,13.3,Hindfeld,Thüringen                               ,55.7
2225,9,12.8,Hinterhermsdorf,Sachsen                                 ,67.3
2226,9,11.8,Eisfeld-Waffenrod-Hinterrod,Thüringen                               ,80.4
2250,9,12.1,Höllenstein (Kraftwerk),Bayern                                  ,74.2
2252,9,13.5,Bertsdorf-Hörnitz,Sachsen                                 ,52.0
2260,9,12.5,Hof (Stadt),Bayern                                  ,57.3
2261,9,12.2,Hof,Bayern                                  ,60.9
2264,9,12.8,Hofgeismar-Beberbeck,Hessen                                  ,71.5
2268,9,13.8,Hofheim,Bayern                                  ,59.3
2289,9,14.3,Hohennauen,Brandenburg                             ,
2290,9,11.9,Hohenpeißenberg,Bayern                                  ,108.5
2302,9,13.4,Hohlstedt-Kötschau,Thüringen                               ,49.6
2303,9,13.1,Hohn,Schleswig-Holstein                      ,78.4
2306,9,13.8,Hohwacht,Schleswig-Holstein                      ,62.3
2315,9,14.3,Holzdorf (Flugplatz),Brandenburg                             ,
2318,9,13.0,Holzhausen a.d. Haide,Rheinland-Pfalz                         ,59.6
2319,9,12.6,Holzkirchen,Bayern                                  ,116.7
2323,9,13.9,"Bevern, Kr. Holzminden",Niedersachsen                           ,68.0
2324,9,12.0,Holzminden-Silberborn,Niedersachsen                           ,96.0
2327,9,13.3,Homberg/Ohm,Hessen                                  ,67.4
2331,9,13.7,Homburg/Saar,Saarland                                ,69.9
2338,9,14.2,Hopsten (Flugplatz),Nordrhein-Westfalen                     ,
2344,9,11.9,Horlachen,Bayern                                  ,86.1
2354,9,14.2,Hoyerswerda Kr. Bautzen,Sachsen                                 ,46.3
2360,9,13.5,Hüll,Bayern                                  ,75.1
2362,9,13.4,Hümmerich,Rheinland-Pfalz                         ,81.0
2374,9,13.6,Husum,Schleswig-Holstein                      ,84.3
2385,9,13.0,Idar-Oberstein,Rheinland-Pfalz                         ,
2388,9,15.2,Ihringen,Baden-Württemberg                       ,68.0
2396,9,12.9,Ilsenburg,Sachsen-Anhalt                          ,
2406,9,14.3,Ingelfingen,Baden-Württemberg                       ,60.6
2410,9,13.8,Ingolstadt (Flugplatz),Bayern                                  ,
2417,9,12.9,Mittbach,Bayern                                  ,93.7
2422,9,13.3,Iserlohn-Westig,Nordrhein-Westfalen                     ,92.9
2429,9,13.6,Itzehoe,Schleswig-Holstein                      ,80.0
2437,9,13.5,Schleswig-Jagel,Schleswig-Holstein                      ,77.0
2444,9,14.4,Jena (Sternwarte),Thüringen                               ,48.2
2451,9,14.5,Jessen/Elster,Sachsen-Anhalt                          ,44.8
2464,9,13.8,Jork,Niedersachsen                           ,64.3
2474,9,14.5,Jülich (Forsch.-Anlage),Nordrhein-Westfalen                     ,60.2
2475,9,14.2,Jüterbog,Brandenburg                             ,46.0
2477,9,11.4,Jungholz (Kühmoos),Baden-Württemberg                       ,111.1
2480,9,14.7,Kahl/Main,Bayern                                  ,58.2
2483,9,10.1,Kahler Asten,Nordrhein-Westfalen                     ,127.6
2485,9,13.2,Kaisersbach-Cronhütte,Baden-Württemberg                       ,75.0
2486,9,14.0,Kaiserslautern,Rheinland-Pfalz                         ,59.0
2488,9,13.1,Kaisheim-Neuhof,Bayern                                  ,62.0
2494,9,14.6,Kalkar,Nordrhein-Westfalen                     ,
2497,9,12.4,Kall-Sistig,Nordrhein-Westfalen                     ,71.2
2502,9,12.4,"Heiligenstadt, Heilbad-Kalteneber",Thüringen                               ,72.3
2503,9,12.2,Kaltennordheim,Thüringen                               ,67.3
2506,9,13.9,Kamenz,Sachsen                                 ,54.2
2521,9,13.5,Karlshuld,Bayern                                  ,66.3
2522,9,15.6,Karlsruhe,Baden-Württemberg                       ,59.8
2532,9,13.7,Kassel,Hessen                                  ,61.8
2533,9,13.7,Kassel-Harleshausen,Hessen                                  ,63.9
2542,9,12.3,Kaufbeuren,Bayern                                  ,93.0
2543,9,13.3,Kaufering,Bayern                                  ,91.9
2546,9,15.8,Kehl-Odelshofen,Baden-Württemberg                       ,74.0
2559,9,12.6,Kempten,Bayern                                  ,105.7
2564,9,13.6,Kiel-Holtenau,Schleswig-Holstein                      ,67.0
2565,9,13.6,Kiel-Kronshagen,Schleswig-Holstein                      ,68.6
2575,9,13.4,Kirchberg/Jagst-Herboldshausen,Baden-Württemberg                       ,58.2
2578,9,14.2,Kirchdorf/Poel,Mecklenburg-Vorpommern                  ,54.6
2597,9,13.5,"Kissingen, Bad",Bayern                                  ,56.4
2600,9,14.3,Kitzingen,Bayern                                  ,52.4
2601,9,10.9,Kleiner Feldberg/Taunus,Hessen                                  ,92.0
2609,9,13.6,Klein Rönnau,Schleswig-Holstein                      ,69.5
2618,9,10.8,Kleiner Inselsberg,Thüringen                               ,106.5
2621,9,14.4,Kleinmachnow,Brandenburg                             ,48.3
2627,9,14.0,Schipkau-Klettwitz,Brandenburg                             ,48.0
2629,9,14.3,Kleve,Nordrhein-Westfalen                     ,71.7
2638,9,11.7,Klippeneck,Baden-Württemberg                       ,72.0
2641,9,14.3,Klitzschen bei Torgau,Sachsen                                 ,47.0
2654,9,14.6,Knittlingen,Baden-Württemberg                       ,58.9
2657,9,15.1,Koblenz-Horchheim,Rheinland-Pfalz                         ,62.0
2665,9,15.4,Köln-Botanischer Garten,Nordrhein-Westfalen                     ,72.0
2667,9,14.5,Köln/Bonn,Nordrhein-Westfalen                     ,74.9
2680,9,13.3,"Königshofen, Bad",Bayern                                  ,51.7
2689,9,13.7,Königsmoor,Niedersachsen                           ,64.3
2691,9,13.4,Königsmoos-Untermaxfeld,Bayern                                  ,59.2
2700,9,13.7,Kösching,Bayern                                  ,58.3
2701,9,14.0,"Kösen, Bad",Sachsen-Anhalt                          ,41.9
2703,9,12.4,Köterberg,Nordrhein-Westfalen                     ,
2704,9,14.5,Köthen (Anhalt),Sachsen-Anhalt                          ,47.4
2708,9,12.3,"Kohlgrub, Bad (Rosshof)",Bayern                                  ,114.0
2712,9,14.8,Konstanz,Baden-Württemberg                       ,76.7
2717,9,12.5,Korbach-Lengefeld,Hessen                                  ,69.9
2750,9,13.0,Kronach,Bayern                                  ,66.9
2761,9,12.8,Krumbach-Edenhausen,Bayern                                  ,84.2
2770,9,13.5,Kükels,Schleswig-Holstein                      ,70.9
2773,9,13.2,Kümmersbruck,Bayern                                  ,
2775,9,14.3,Künzelsau,Baden-Württemberg                       ,63.0
2780,9,13.2,Kulmbach,Bayern                                  ,
2783,9,13.5,Kumhausen,Bayern                                  ,72.1
2790,9,13.5,Kusel-Fünfbirken,Rheinland-Pfalz                         ,72.7
2794,9,14.0,Kyritz,Brandenburg                             ,49.0
2796,9,13.6,Laage (Flugplatz),Mecklenburg-Vorpommern                  ,
2812,9,15.1,Lahr,Baden-Württemberg                       ,67.4
2814,9,12.0,Merklingen,Baden-Württemberg                       ,77.9
2821,9,13.4,Lamspringe,Niedersachsen                           ,63.7
2829,9,13.1,Landsberg (Flugplatz),Bayern                                  ,
2830,9,13.1,Landsberg/Lech,Bayern                                  ,89.4
2831,9,13.8,Landshut,Bayern                                  ,65.0
2843,9,15.1,,,
2856,9,14.2,Langenlipsdorf,Brandenburg                             ,46.0
2857,9,13.8,"Langensalza, Bad",Thüringen                               ,45.1
2861,9,14.4,Langeoog,Niedersachsen                           ,84.4
2872,9,13.9,Lathen,Niedersachsen                           ,74.5
2878,9,14.7,"Lauchstädt, Bad",Sachsen-Anhalt                          ,40.9
2879,9,14.1,Lauda-Königshofen-Gerlachsheim,Baden-Württemberg                       ,47.9
2886,9,13.2,Laupheim,Baden-Württemberg                       ,
2905,9,13.3,Lechfeld,Bayern                                  ,
2906,9,13.3,Leck (A),Schleswig-Holstein                      ,92.3
2907,9,12.7,Leck,Schleswig-Holstein                      ,86.0
2912,9,13.5,Lehbek,Schleswig-Holstein                      ,69.9
2915,9,11.3,Lehesten/Thüringer Wald,Thüringen                               ,75.8
2920,9,13.5,Leiblfing,Bayern                                  ,63.0
2923,9,12.8,Leinau,Bayern                                  ,92.8
2925,9,13.1,Leinefelde,Thüringen                               ,62.7
2928,9,14.6,Leipzig-Holzhausen,Sachsen                                 ,54.7
2931,9,14.5,Leipzig-Mockau,Sachsen                                 ,52.2
2932,9,14.5,Leipzig/Halle,Sachsen                                 ,49.9
2947,9,12.7,Lennestadt-Theten,Nordrhein-Westfalen                     ,87.3
2949,9,12.6,Lenningen-Schopfloch,Baden-Württemberg                       ,86.5
2950,9,13.9,Lensahn,Schleswig-Holstein                      ,65.8
2951,9,14.0,Lenzen/Elbe,Brandenburg                             ,48.2
2953,9,11.3,Lenzkirch-Ruhbühl,Baden-Württemberg                       ,83.8
2963,9,14.6,Leunawerke,Sachsen-Anhalt                          ,47.2
2968,9,15.6,Köln-Stammheim,Nordrhein-Westfalen                     ,72.7
2985,9,13.4,Lichtenhain-Mittelndorf,Sachsen                                 ,63.0
2996,9,12.8,"Liebenzell, Bad",Baden-Württemberg                       ,59.8
3001,9,14.4,Liliental,Baden-Württemberg                       ,79.9
3004,9,14.2,Limburg/Lahn-Offheim,Hessen                                  ,57.2
3007,9,15.5,Limburgerhof,Rheinland-Pfalz                         ,48.1
3015,9,14.3,Lindenberg,Brandenburg                             ,43.7
3016,9,12.5,Lindenberg/Allgäu,Bayern                                  ,157.7
3017,9,14.6,Lindenfels,Hessen                                  ,82.8
3018,9,13.3,Lindenfels-Winterkasten,Hessen                                  ,95.0
3023,9,14.4,Lingen,Niedersachsen                           ,73.7
3028,9,14.0,"Lippspringe, Bad",Nordrhein-Westfalen                     ,87.2
3031,9,14.3,Lippstadt-Bökenförde,Nordrhein-Westfalen                     ,71.8
3034,9,12.1,"Lobenstein, Bad",Thüringen                               ,65.9
3042,9,13.2,Löhnberg-Obershausen,Hessen                                  ,73.0
3044,9,14.0,Löningen,Niedersachsen                           ,74.0
3045,9,13.8,Löningen-Hagel,Niedersachsen                           ,72.1
3062,9,14.8,Lorch/Rhein,Hessen                                  ,52.6
3076,9,15.5,Ludwigshafen-Mundenheim,Rheinland-Pfalz                         ,47.4
3082,9,14.2,Lübben,Brandenburg                             ,46.8
3083,9,14.2,Lübben-Blumenfelde,Brandenburg                             ,48.0
3085,9,13.7,Lübeck,Schleswig-Holstein                      ,55.4
3086,9,13.5,Lübeck-Blankensee,Schleswig-Holstein                      ,58.0
3088,9,13.8,Lübeck-Werft,Schleswig-Holstein                      ,55.4
3096,9,12.8,Lüdenscheid (Zeppelin-Gymnasium),Nordrhein-Westfalen                     ,104.3
3098,9,12.9,Lüdenscheid,Nordrhein-Westfalen                     ,105.0
3101,9,14.3,Lüdinghausen,Nordrhein-Westfalen                     ,76.0
3103,9,14.0,Lüneburg,Niedersachsen                           ,55.0
3113,9,12.3,Luisenthal/Ohra,Thüringen                               ,82.2
3126,9,14.5,Magdeburg,Sachsen-Anhalt                          ,45.2
3135,9,13.2,Mainhardt-Ziegelbronn,Baden-Württemberg                       ,71.9
3137,9,15.0,Mainz-Lerchenberg (ZDF),Rheinland-Pfalz                         ,50.5
3139,9,13.3,Maisach-Gernlinden,Bayern                                  ,73.9
3147,9,13.7,Mallersdorf-Pfaffenberg-Oberlindhart,Bayern                                  ,56.2
3155,9,12.5,Manderscheid-Sonnenhof,Rheinland-Pfalz                         ,76.6
3158,9,14.2,Manschnow,Brandenburg                             ,43.4
3160,9,13.5,Vatterode-Gräfenstuhl,Sachsen-Anhalt                          ,52.0
3164,9,13.6,"Cölbe, Kr. Marburg-Biedenkopf",Hessen                                  ,59.0
3166,9,11.7,Marienberg,Sachsen                                 ,71.0
3196,9,13.7,Marnitz,Mecklenburg-Vorpommern                  ,51.7
3204,9,12.7,Martinroda,Thüringen                               ,59.3
3211,9,10.9,Mauth-Finsterau,Bayern                                  ,100.8
3212,9,13.9,Mayen,Rheinland-Pfalz                         ,52.0
3222,9,14.4,Meerbeck,Niedersachsen                           ,65.1
3223,9,14.7,Meersburg,Baden-Württemberg                       ,82.6
3226,9,14.2,Aschersleben-Mehringen,Sachsen-Anhalt                          ,45.3
3228,9,12.3,Meinerzhagen (A),Nordrhein-Westfalen                     ,123.4
3231,9,12.8,Meiningen,Thüringen                               ,56.7
3234,9,14.3,Klipphausen-Garsebach,Sachsen                                 ,47.0
3236,9,13.9,Melle,Niedersachsen                           ,69.0
3244,9,12.8,Memmingen,Bayern                                  ,87.6
3245,9,12.8,Memmingen (Flugplatz),Bayern                                  ,
3246,9,14.4,Mendig,Rheinland-Pfalz                         ,
3254,9,14.1,Meppen,Niedersachsen                           ,
3257,9,13.9,"Mergentheim, Bad-Neunkirchen",Baden-Württemberg                       ,57.5
3265,9,13.0,Mespelbrunn,Bayern                                  ,71.2
3268,9,11.1,Meßstetten-Appental,Baden-Württemberg                       ,79.9
3271,9,13.3,Metten,Bayern                                  ,80.9
3278,9,14.1,Metzingen,Baden-Württemberg                       ,69.0
3284,9,14.1,Michelstadt,Hessen                                  ,68.5
3287,9,13.4,Michelstadt-Vielbrunn,Hessen                                  ,78.0
3289,9,13.2,Schmieritz-Weltwitz,Thüringen                               ,57.9
3291,9,14.4,Miltenberg,Bayern                                  ,53.4
3300,9,14.2,Mittel-Gründau,Hessen                                  ,64.9
3307,9,11.7,Mittenwald-Buckelwiesen,Bayern                                  ,116.8
3313,9,13.6,Modautal-Neunkirchen,Hessen                                  ,84.8
3317,9,13.5,Mölln,Schleswig-Holstein                      ,61.9
3319,9,14.1,Röllbach,Bayern                                  ,58.0
3320,9,14.7,Mönchengladbach,Nordrhein-Westfalen                     ,62.8
3340,9,13.4,Montabaur,Rheinland-Pfalz                         ,77.0
3348,9,13.1,Moringen-Lutterbeck,Niedersachsen                           ,70.0
3362,9,14.4,Mühlacker,Baden-Württemberg                       ,58.0
3366,9,13.1,Mühldorf,Bayern                                  ,72.5
3370,9,13.0,Mühlhausen,Thüringen                               ,63.2
3376,9,13.9,Müncheberg,Brandenburg                             ,44.7
3382,9,14.2,München-Bogenhausen,Bayern                                  ,83.8
3383,9,14.1,München-Botanischer Garten,Bayern                                  ,86.4
3385,9,13.8,München-Nymphenburg,Bayern                                  ,86.4
3388,9,13.7,München-Perlach,Bayern                                  ,89.4
3390,9,13.7,München-Riem,Bayern                                  ,85.7
3402,9,12.0,Münsingen-Apfelstetten,Baden-Württemberg                       ,69.9
3404,9,14.2,Münster,Nordrhein-Westfalen                     ,71.4
3425,9,13.4,Murrhardt,Baden-Württemberg                       ,81.7
3426,9,14.0,"Muskau, Bad",Sachsen                                 ,47.2
3432,9,13.1,Nagold,Baden-Württemberg                       ,58.0
3442,9,14.6,"Nauheim, Bad",Hessen                                  ,54.4
3484,9,13.5,Neuburg/Donau (Flugplatz),Bayern                                  ,
3485,9,13.1,Neuburg/Kammel-Langenhaslach,Bayern                                  ,78.0
3486,9,14.7,Neudenau,Baden-Württemberg                       ,59.4
3490,9,14.3,"Neuenahr, Bad-Ahrweiler",Rheinland-Pfalz                         ,58.3
3509,9,13.6,Menz,Brandenburg                             ,49.6
3513,9,10.5,Neuhaus am Rennweg,Thüringen                               ,103.0
3518,9,12.1,Neuhausen ob Eck,Baden-Württemberg                       ,69.7
3519,9,12.6,Neuhausen ob Eck-Unterschwandorf,Baden-Württemberg                       ,69.0
3527,9,12.3,Neukirchen-Hauptschwenda,Hessen                                  ,69.0
3537,9,13.6,Neumünster,Schleswig-Holstein                      ,77.9
3540,9,13.8,Neunkirchen-Seelscheid-Krawinkel,Nordrhein-Westfalen                     ,91.0
3541,9,13.9,Neunkirchen-Seelscheid-Meisenbach,Nordrhein-Westfalen                     ,90.3
3545,9,14.0,Neunkirchen-Wellesweiler,Saarland                                ,66.0
3552,9,14.1,Neuruppin,Brandenburg                             ,44.4
3565,9,13.7,Neustadt/Aisch,Bayern                                  ,56.2
3571,9,12.8,Neustadt am Kulm-Filchendorf,Bayern                                  ,68.0
3575,9,15.5,Neustadt/Weinstraße,Rheinland-Pfalz                         ,44.2
3576,9,15.5,Neustadt/Weinstraße (Heidehof),Rheinland-Pfalz                         ,44.5
3577,9,13.8,Neustrelitz,Mecklenburg-Vorpommern                  ,49.0
3591,9,13.5,Nideggen-Schmidt,Nordrhein-Westfalen                     ,73.0
3595,9,13.2,Niederelbert,Rheinland-Pfalz                         ,81.1
3603,9,13.2,Niederstetten,Baden-Württemberg                       ,
3605,9,13.3,Niederstotzingen,Baden-Württemberg                       ,57.0
3612,9,14.1,Nienburg,Niedersachsen                           ,59.0
3621,9,13.5,Reimlingen,Bayern                                  ,51.8
3623,9,14.7,Nörvenich (Flugplatz),Nordrhein-Westfalen                     ,
3639,9,14.1,Nordholz (Flugplatz),Niedersachsen                           ,
3640,9,14.3,Nordhorn-Blanke,Niedersachsen                           ,76.3
3659,9,12.0,Nürburg,Rheinland-Pfalz                         ,76.2
3660,9,12.8,Nürburg-Barweiler,Rheinland-Pfalz                         ,67.0
3666,9,13.9,Nürnberg-Buchenbuehl,Bayern                                  ,60.0
3667,9,12.7,Nürnberg-Netzstall,Bayern                                  ,60.5
3668,9,14.0,Nürnberg,Bayern                                  ,49.6
3671,9,14.4,Nürtingen,Baden-Württemberg                       ,63.7
3672,9,13.4,Nufringen,Baden-Württemberg                       ,56.6
3679,9,13.5,Kiefersfelden-Gach,Bayern                                  ,111.0
3694,9,10.2,Oberhof,Thüringen                               ,114.8
3702,9,12.5,Münstertal-Obermünstertal,Baden-Württemberg                       ,107.0
3705,9,12.9,Oberndorf/Neckar-Aistaig,Baden-Württemberg                       ,64.0
3722,9,13.4,Oberschleißheim,Bayern                                  ,76.3
3730,9,11.7,Oberstdorf,Bayern                                  ,147.9
3734,9,14.6,Obersulm-Willsbach,Baden-Württemberg                       ,63.9
3735,9,13.5,Obertaufkirchen,Bayern                                  ,78.2
3739,9,12.4,Oberviechtach,Bayern                                  ,66.9
3744,9,13.1,Oberweser-Gieselwerder,Hessen                                  ,80.4
3751,9,12.7,Ochsenhausen-Mittelbuch,Baden-Württemberg                       ,88.6
3752,9,10.6,Ochsenkopf,Bayern                                  ,101.7
3753,9,14.3,Ochtrup,Nordrhein-Westfalen                     ,72.4
3761,9,14.6,Öhringen,Baden-Württemberg                       ,63.3
3776,9,15.3,Offenbach/M. (Stadt),Hessen                                  ,56.0
3777,9,15.4,Offenburg,Baden-Württemberg                       ,75.0
3788,9,13.1,Olbersdorf,Sachsen                                 ,56.7
3790,9,14.0,Oldenburg (A),Niedersachsen                           ,70.4
3791,9,13.9,Oldenburg,Niedersachsen                           ,74.0
3811,9,14.3,Oschatz,Sachsen                                 ,47.1
3815,9,14.2,Osnabrück,Niedersachsen                           ,71.0
3818,9,14.0,Osterburg,Sachsen-Anhalt                          ,
3821,9,13.9,Osterfeld,Sachsen-Anhalt                          ,54.0
3825,9,13.9,Osterhof,Saarland                                ,76.3
3836,9,13.1,Ostheim v.d. Rhön,Bayern                                  ,52.0
3856,9,11.4,Oy-Mittelberg,Bayern                                  ,140.7
3857,9,12.0,Oy-Mittelberg-Petersthal,Bayern                                  ,132.0
3867,9,13.9,Papenburg,Niedersachsen                           ,76.5
3875,9,12.7,Parsberg/Oberpfalz-Eglwang,Bayern                                  ,64.0
3878,9,14.0,Passau-Maierhof,Bayern                                  ,67.3
3879,9,13.8,Passau-Oberhaus,Bayern                                  ,71.0
3883,9,12.6,Pausa-Unterreichenau,Sachsen                                 ,59.3
3897,9,14.0,Pelzerhaken,Schleswig-Holstein                      ,58.0
3903,9,14.4,Perl-Besch,Saarland                                ,64.4
3904,9,14.5,Perl-Nennig,Saarland                                ,65.0
3915,9,13.9,Petkus,Brandenburg                             ,48.3
3922,9,13.3,Pfofeld-Langlau,Bayern                                  ,60.3
3925,9,13.9,Pforzheim-Ispringen,Baden-Württemberg                       ,65.0
3927,9,12.2,Pfullendorf,Baden-Württemberg                       ,76.5
3929,9,15.5,Philippsburg,Baden-Württemberg                       ,58.6
3939,9,12.5,Pirmasens,Rheinland-Pfalz                         ,77.0
3946,9,13.0,Plauen,Sachsen                                 ,53.0
3955,9,13.8,Plön (See),Schleswig-Holstein                      ,63.5
3974,9,13.2,Pommelsbrunn,Bayern                                  ,78.3
3975,9,12.5,Pommelsbrunn-Mittelburg,Bayern                                  ,80.0
3987,9,14.1,Potsdam,Brandenburg                             ,47.3
3988,9,14.1,Potsdam (Säkularstation),Brandenburg                             ,47.7
4005,9,13.4,Prien-Stock,Bayern                                  ,114.9
4018,9,13.2,Puch,Bayern                                  ,79.3
4024,9,13.7,Putbus,Mecklenburg-Vorpommern                  ,61.0
4029,9,14.0,Quakenbrück,Niedersachsen                           ,
4032,9,14.1,Quedlinburg,Sachsen-Anhalt                          ,47.0
4036,9,13.9,Querfurt-Mühle Lodersleben,Sachsen-Anhalt                          ,45.6
4038,9,13.5,Quickborn (Kurzer Kamp),Schleswig-Holstein                      ,71.8
4039,9,13.5,Quickborn,Schleswig-Holstein                      ,71.0
4053,9,14.4,Radolfzell-Markelfingen,Baden-Württemberg                       ,72.0
4063,9,13.9,Rahden-Kleinendorf,Nordrhein-Westfalen                     ,58.8
4066,9,13.2,Raisting,Bayern                                  ,90.2
4077,9,15.4,Rastatt,Baden-Württemberg                       ,72.2
4079,9,13.8,Rastenberg,Thüringen                               ,
4091,9,9.3,Rauschberg bei Ruhpolding,Bayern                                  ,148.2
4094,9,13.6,"Weingarten, Kr. Ravensburg",Baden-Württemberg                       ,81.6
4100,9,14.2,Recklinghausen,Nordrhein-Westfalen                     ,78.9
4104,9,13.8,Regensburg,Bayern                                  ,51.6
4127,9,13.3,Reichshof-Eckenhagen,Nordrhein-Westfalen                     ,107.0
4149,9,11.1,Marienberg-Reitzenhain,Sachsen                                 ,74.0
4152,9,12.3,Remetschwiel,Baden-Württemberg                       ,89.0
4154,9,13.0,Remscheid-Lennep,Nordrhein-Westfalen                     ,122.0
4156,9,13.5,Rendsburg,Schleswig-Holstein                      ,79.3
4160,9,13.3,Renningen-Ihinger Hof,Baden-Württemberg                       ,56.8
4166,9,14.2,Reutlingen-Betzingen,Baden-Württemberg                       ,64.2
4169,9,14.8,Rheinau-Memprechtshofen,Baden-Württemberg                       ,77.9
4174,9,14.3,Rheine-Bentlage,Nordrhein-Westfalen                     ,
4175,9,14.9,Rheinfelden,Baden-Württemberg                       ,92.1
4177,9,15.5,Rheinstetten,Baden-Württemberg                       ,67.0
4189,9,13.0,"Altheim, Kreis Biberach",Baden-Württemberg                       ,62.0
4222,9,12.7,Rodewisch,Sachsen                                 ,69.2
4233,9,12.2,Röhrigshof bei Schlüchtern,Hessen                                  ,81.1
4240,9,12.9,Roetgen,Nordrhein-Westfalen                     ,94.0
4261,9,13.4,Rosenheim,Bayern                                  ,89.8
4271,9,14.5,Rostock-Warnemünde,Mecklenburg-Vorpommern                  ,60.0
4275,9,13.8,Rotenburg (Wümme),Niedersachsen                           ,61.2
4278,9,13.7,Roth bei Nürnberg,Bayern                                  ,62.0
4280,9,13.5,Roth,Bayern                                  ,58.5
4287,9,13.4,Rothenburg ob der Tauber,Bayern                                  ,53.0
4288,9,14.0,"Rothenfelde, Bad",Niedersachsen                           ,77.3
4294,9,13.9,Rottenburg-Kiebingen,Baden-Württemberg                       ,53.0
4300,9,12.7,Rottweil,Baden-Württemberg                       ,61.0
4301,9,14.9,"Kreuznach, Bad",Rheinland-Pfalz                         ,48.1
4318,9,11.8,Ruhpolding,Bayern                                  ,170.6
4320,9,13.6,Ruhwinkel,Schleswig-Holstein                      ,72.5
4323,9,13.7,Ruppertsecken,Rheinland-Pfalz                         ,57.4
4327,9,11.1,Rusel-Irlmoos,Bayern                                  ,116.2
4330,9,13.9,Rutesheim,Baden-Württemberg                       ,59.7
4332,9,13.6,Saalfeld,Thüringen                               ,47.0
4336,9,13.9,Saarbrücken-Ensheim,Saarland                                ,68.5
4339,9,14.9,Saarbrücken-Sankt Johann,Saarland                                ,65.5
4347,9,12.5,"Sachsa, Bad",Niedersachsen                           ,74.8
4349,9,14.7,Sachsenheim,Baden-Württemberg                       ,56.0
4350,9,14.2,"Säckingen, Bad (Bergseestr.)",Baden-Württemberg                       ,97.2
4354,9,12.7,Saldenburg-Entschenreuth,Bayern                                  ,81.3
4364,9,14.1,Salzgitter-Ringelheim,Niedersachsen                           ,61.0
4367,9,13.4,Salzhemmendorf-Lauenstein,Niedersachsen                           ,75.0
4371,9,14.0,"Salzuflen, Bad",Nordrhein-Westfalen                     ,75.7
4373,9,13.9,Salzwedel,Sachsen-Anhalt                          ,48.2
4377,9,12.8,Sandberg,Bayern                                  ,73.5
4386,9,11.4,Sankt Blasien,Baden-Württemberg                       ,107.9
4391,9,13.8,Sankt Michaelisdonn,Schleswig-Holstein                      ,85.1
4396,9,13.6,Sankt Wendel-Hof,Saarland                                ,78.0
4397,9,13.5,Sankt Wendel-Urweiler,Saarland                                ,76.4
4401,9,14.2,"Sassendorf, Bad-Ostinghausen",Nordrhein-Westfalen                     ,73.4
4411,9,14.4,Schaafheim-Schlierbach,Hessen                                  ,55.3
4419,9,15.6,Schallstadt-Mengen,Baden-Württemberg                       ,77.0
4425,9,13.2,Schaumberg-Tholey,Saarland                                ,84.1
4433,9,13.1,Schemmerhofen-Ingerkingen,Baden-Württemberg                       ,68.8
4436,9,13.0,Schenklengsfeld,Hessen                                  ,59.6
4438,9,13.7,Scheßlitz,Bayern                                  ,68.1
4442,9,13.6,Schieder,Nordrhein-Westfalen                     ,77.7
4445,9,10.2,Wernigerode-Schierke,Sachsen-Anhalt                          ,105.8
4464,9,12.5,Schleiz,Thüringen                               ,59.0
4466,9,13.3,Schleswig,Schleswig-Holstein                      ,81.7
4468,9,13.4,Schleswig-Stadtfeld,Schleswig-Holstein                      ,80.1
4474,9,14.3,Schlossböckelheim,Rheinland-Pfalz                         ,52.0
4479,9,12.6,Schlüchtern-Kloster Gomfritz,Hessen                                  ,78.3
4480,9,13.3,Schlüchtern-Herolz,Hessen                                  ,75.0
4484,9,13.5,Schmalenbeck,Schleswig-Holstein                      ,71.6
4485,9,13.2,"Schmalkalden, Kurort",Thüringen                               ,63.0
4489,9,13.5,Schmatzfeld,Sachsen-Anhalt                          ,51.5
4490,9,13.9,Schmelz-Hüttersdorf,Saarland                                ,79.3
4501,9,9.8,Schmücke,Thüringen                               ,120.5
4505,9,11.4,Schnarrtanne-Vogelsgrün,Sachsen                                 ,84.3
4508,9,11.5,Schneifelforsthaus,Rheinland-Pfalz                         ,100.4
4548,9,11.5,Schönwald/Ofr.-Brunn,Bayern                                  ,64.0
4549,9,10.8,Schönwald/Schwarzwald,Baden-Württemberg                       ,124.1
4557,9,13.8,Schopfheim-Eichen,Baden-Württemberg                       ,99.5
4559,9,13.0,Schorndorf-Knöbling,Bayern                                  ,62.0
4560,9,13.4,Schotten,Hessen                                  ,83.1
4571,9,11.7,Schulenberg,Niedersachsen                           ,106.5
4576,9,13.6,Schwabach (A),Bayern                                  ,54.4
4581,9,14.0,Schwäbisch Gmünd-Strassdorf,Baden-Württemberg                       ,67.2
4582,9,13.8,Schwäbisch Hall-Bibersfeld,Baden-Württemberg                       ,63.0
4584,9,13.5,Schwaigermoos,Bayern                                  ,74.2
4586,9,13.2,"Schwalbach, Bad",Hessen                                  ,63.7
4592,9,13.4,Schwandorf,Bayern                                  ,55.3
4593,9,14.1,Schwanebeck,Sachsen-Anhalt                          ,47.8
4597,9,12.3,Schwangau-Horn,Bayern                                  ,119.0
4605,9,12.8,Schwarzburg,Thüringen                               ,52.3
4606,9,14.1,Schwarze Pumpe,Brandenburg                             ,49.5
4612,9,12.7,Schwarzenberg,Sachsen                                 ,71.3
4621,9,14.0,Schweinfurt-Gartenstadt,Bayern                                  ,53.5
4625,9,13.9,Schwerin,Mecklenburg-Vorpommern                  ,55.3
4629,9,13.3,Schwesing,Schleswig-Holstein                      ,78.6
4642,9,13.9,Seehausen,Sachsen-Anhalt                          ,50.8
4649,9,13.8,Seelscheid,Nordrhein-Westfalen                     ,90.4
4651,9,13.5,Seesen,Niedersachsen                           ,76.6
4656,9,13.5,"Segeberg, Bad",Schleswig-Holstein                      ,69.1
4664,9,11.5,Selb/Oberfranken-Wildenau,Bayern                                  ,62.4
4692,9,13.3,Siegen (Kläranlage),Nordrhein-Westfalen                     ,96.4
4702,9,12.5,Sigmaringen (Flugplatz),Baden-Württemberg                       ,
4703,9,12.5,Sigmaringen-Laiz,Baden-Württemberg                       ,59.2
4704,9,14.0,Sigmarszell-Zeisertsweiler,Bayern                                  ,143.1
4705,9,11.5,Silberhütte,Bayern                                  ,82.2
4706,9,13.8,Simbach/Inn,Bayern                                  ,72.0
4709,9,12.9,Simmern-Wahlbach,Rheinland-Pfalz                         ,59.9
4719,9,14.8,Sinsheim,Baden-Württemberg                       ,62.7
4729,9,13.0,Steinau-Seidenroth,Hessen                                  ,78.6
4741,9,13.9,Solingen-Hohenscheid,Nordrhein-Westfalen                     ,93.1
4745,9,13.3,Soltau,Niedersachsen                           ,65.4
4748,9,13.8,Sondershausen,Thüringen                               ,47.2
4752,9,11.8,Sonneberg-Neufang,Thüringen                               ,91.0
4763,9,13.0,Sontra,Hessen                                  ,62.0
4765,9,13.7,"Sooden-Allendorf, Bad",Hessen                                  ,66.0
4775,9,13.0,Speinshart,Bayern                                  ,65.6
4782,9,14.3,Spören-Prussendorf,Sachsen-Anhalt                          ,48.9
4813,9,13.1,"Staffelstein, Bad-Stublang",Bayern                                  ,68.4
4818,9,11.7,Stammbach-Querenbach,Bayern                                  ,82.9
4837,9,14.7,Stegen,Baden-Württemberg                       ,93.8
4841,9,13.8,"Steinau, Kr. Cuxhaven",Niedersachsen                           ,79.5
4847,9,12.0,Steinberg,Niedersachsen                           ,90.0
4857,9,13.8,Mittelnkirchen-Hohenfelde,Niedersachsen                           ,68.0
4878,9,11.8,Oberharz am Brocken-Stiege,Sachsen-Anhalt                          ,70.9
4881,9,13.4,Stockach,Baden-Württemberg                       ,67.0
4896,9,13.2,Wagersrott,Schleswig-Holstein                      ,70.2
4911,9,13.6,Straubing,Bayern                                  ,64.0
4926,9,15.7,Stuttgart (Neckartal),Baden-Württemberg                       ,50.2
4927,9,15.2,Stuttgart-Stadt,Baden-Württemberg                       ,54.5
4928,9,14.8,Stuttgart (Schnarrenberg),Baden-Württemberg                       ,50.5
4931,9,14.0,Stuttgart-Echterdingen,Baden-Württemberg                       ,57.1
4933,9,14.2,Stuttgart-Hohenheim,Baden-Württemberg                       ,55.9
4939,9,13.6,"Suderode, Bad",Sachsen-Anhalt                          ,
4977,9,14.2,Tangermünde,Sachsen-Anhalt                          ,45.6
4978,9,12.8,Tann/Rhön,Hessen                                  ,67.3
4987,9,13.8,Tauberbischofsheim-Dittigheim,Baden-Württemberg                       ,49.4
4997,9,14.0,Starkenberg-Tegkwitz,Thüringen                               ,52.0
5009,9,13.7,Teterow,Mecklenburg-Vorpommern                  ,50.0
5014,9,13.4,Worpswede-Hüttenbusch,Niedersachsen                           ,70.3
5017,9,11.6,Teuschnitz,Bayern                                  ,87.7
5024,9,14.2,Möckern-Räckendorf,Sachsen-Anhalt                          ,49.8
5029,9,14.0,Tholey,Saarland                                ,80.3
5032,9,14.4,Thüngersheim,Bayern                                  ,52.0
5039,9,13.5,Tiefenort,Thüringen                               ,48.8
5046,9,12.5,Tirschenreuth-Lodermühl,Bayern                                  ,61.0
5047,9,11.0,Titisee-Neustadt-Langenordnach,Baden-Württemberg                       ,93.0
5059,9,11.2,Todtmoos,Baden-Württemberg                       ,130.8
5063,9,12.6,"Tölz, Bad",Bayern                                  ,125.8
5064,9,14.8,Tönisvorst,Nordrhein-Westfalen                     ,64.0
5067,9,11.8,Torfhaus im Solling,Niedersachsen                           ,101.3
5068,9,14.3,Torgau,Sachsen                                 ,43.3
5074,9,13.3,Traunstein-Sparz,Bayern                                  ,124.8
5075,9,13.3,Traunstein-Axdorf,Bayern                                  ,127.8
5078,9,14.0,Travemünde,Schleswig-Holstein                      ,55.6
5088,9,14.1,Trent,Mecklenburg-Vorpommern                  ,56.7
5097,9,13.5,Tribsees,Mecklenburg-Vorpommern                  ,56.0
5099,9,14.9,Trier-Zewen,Rheinland-Pfalz                         ,59.0
5100,9,14.3,Trier-Petrisberg,Rheinland-Pfalz                         ,62.5
5105,9,12.0,Trochtelfingen,Baden-Württemberg                       ,69.4
5107,9,11.7,Trochtelfingen-Wilsingen,Baden-Württemberg                       ,67.0
5109,9,13.7,Trollenhagen,Mecklenburg-Vorpommern                  ,48.4
5111,9,13.7,Trostberg,Bayern                                  ,93.4
5120,9,14.2,Tübingen,Baden-Württemberg                       ,
5127,9,12.3,Tuttlingen,Baden-Württemberg                       ,61.3
5128,9,12.5,Tuttlingen-Möhringen-Vorstadt,Baden-Württemberg                       ,63.7
5133,9,13.0,Twistetal-Mühlhausen,Hessen                                  ,62.5
5138,9,14.2,Überlingen/Bodensee,Baden-Württemberg                       ,79.9
5142,9,13.9,Ueckermünde,Mecklenburg-Vorpommern                  ,48.7
5146,9,13.6,Uelzen,Niedersachsen                           ,54.0
5149,9,13.7,Gollhofen,Bayern                                  ,58.0
5155,9,13.5,Ulm,Baden-Württemberg                       ,61.8
5158,9,13.8,Ummendorf,Sachsen-Anhalt                          ,42.0
5165,9,13.1,Unterlüß,Niedersachsen                           ,64.9
5185,9,13.7,Uttenreuth,Bayern                                  ,63.9
5229,9,12.2,Villingen-Schwenningen,Baden-Württemberg                       ,59.1
5236,9,13.8,Visbek,Niedersachsen                           ,72.5
5244,9,14.9,Völklingen-Stadt,Saarland                                ,57.9
5250,9,15.3,Vogtsburg-Oberrotweil,Baden-Württemberg                       ,
5252,9,13.7,Voldagsen,Niedersachsen                           ,68.8
5267,9,14.1,Wackersleben,Sachsen-Anhalt                          ,48.5
5275,9,15.5,Waghäusel-Kirrlach,Baden-Württemberg                       ,55.4
5277,9,13.0,Wahlen,Hessen                                  ,
5279,9,13.3,Wesertal-Lippoldsberg,Hessen                                  ,70.2
5280,9,13.3,Wittenborn,Schleswig-Holstein                      ,70.5
5282,9,14.3,Wahnsdorf bei Dresden,Sachsen                                 ,49.8
5284,9,14.7,Waiblingen,Baden-Württemberg                       ,60.8
5291,9,10.6,Waldau-Jostal,Baden-Württemberg                       ,113.2
5296,9,12.8,Waldeck,Hessen                                  ,61.3
5300,9,13.5,Waldems-Reinborn,Hessen                                  ,64.9
5306,9,10.8,Waldhäuser (National Park),Bayern                                  ,104.8
5317,9,12.2,Waldsassen,Bayern                                  ,56.3
5320,9,14.1,Waldshut,Baden-Württemberg                       ,90.4
5335,9,13.0,Waltershausen,Thüringen                               ,67.0
5344,9,14.6,Wangerooge,Niedersachsen                           ,89.2
5347,9,13.3,Warburg,Nordrhein-Westfalen                     ,65.0
5349,9,13.8,Waren (Müritz),Mecklenburg-Vorpommern                  ,51.0
5361,9,13.1,Wartenberg-Angersbach,Hessen                                  ,59.2
5369,9,13.5,Wasserburg,Bayern                                  ,96.6
5371,9,10.2,Wasserkuppe,Hessen                                  ,102.7
5377,9,7.3,Watzmannhaus,Bayern                                  ,219.1
5397,9,13.0,Weiden,Bayern                                  ,55.8
5398,9,13.2,"Weidenbach, Kr.Ansbach",Bayern                                  ,56.5
5403,9,13.7,Weigenheim-Reusch,Bayern                                  ,54.8
5404,9,12.9,Weihenstephan-Dürnast,Bayern                                  ,73.3
5410,9,13.8,Weilburg (Kläranlage),Hessen                                  ,65.3
5419,9,13.6,Weimar,Thüringen                               ,48.0
5424,9,13.3,Weimar-Schöndorf,Thüringen                               ,51.0
5426,9,13.4,Weinbiet,Rheinland-Pfalz                         ,51.1
5429,9,14.8,Weinsberg,Baden-Württemberg                       ,58.4
5431,9,14.0,Weisen bei Wittenberge,Sachsen-Anhalt                          ,50.3
5433,9,14.0,Weiskirchen/Saar,Saarland                                ,90.6
5434,9,13.1,Weismain,Bayern                                  ,73.8
5435,9,14.0,Weissach,Baden-Württemberg                       ,59.5
5440,9,13.5,Weißenburg-Emetzheim,Bayern                                  ,55.9
5442,9,14.5,Weißenfels,Sachsen-Anhalt                          ,45.0
5445,9,14.0,Weißensee-Ottenhausen,Thüringen                               ,45.3
5453,9,15.2,Weisweil-Waldeckhof,Baden-Württemberg                       ,69.0
5460,9,12.6,Wellendingen,Baden-Württemberg                       ,64.8
5463,9,14.1,Wellmitz,Brandenburg                             ,42.9
5467,9,7.2,Wendelstein,Bayern                                  ,126.1
5480,9,14.3,Werl,Nordrhein-Westfalen                     ,70.0
5488,9,13.7,"Mühlhausen, Kr. Schweinfurt",Bayern                                  ,51.7
5490,9,13.6,Wernigerode,Sachsen-Anhalt                          ,51.0
5498,9,14.2,Wertheim-Eichel,Baden-Württemberg                       ,53.2
5514,9,14.3,Westerland,Schleswig-Holstein                      ,82.2
5516,9,14.3,Fehmarn,Schleswig-Holstein                      ,53.0
5538,9,13.3,Wielenbach (Demollstr.),Bayern                                  ,93.0
5540,9,15.3,Wiesbaden (Süd),Hessen                                  ,56.9
5541,9,14.0,Wiesbaden-Auringen,Hessen                                  ,63.0
5543,9,14.1,Wiesbaden-Dotzheim,Hessen                                  ,59.3
5546,9,13.7,Wiesenburg,Brandenburg                             ,51.0
5559,9,12.5,"Wildbad, Bad-Calmbach",Baden-Württemberg                       ,73.0
5562,9,12.6,Neubulach-Oberhaugstett,Baden-Württemberg                       ,64.6
5568,9,12.9,"Wildungen, Bad",Hessen                                  ,61.6
5575,9,14.2,Wilhelmshaven,Niedersachsen                           ,85.4
5582,9,11.3,Willingen/Upland,Hessen                                  ,104.0
5609,9,14.4,"Winterbach, Rems-Murr-Kreis",Baden-Württemberg                       ,61.7
5610,9,11.1,Winterberg,Nordrhein-Westfalen                     ,116.9
5624,9,14.1,Wismar,Mecklenburg-Vorpommern                  ,58.7
5629,9,14.4,Wittenberg,Sachsen-Anhalt                          ,47.2
5640,9,14.0,Wittmundhafen,Niedersachsen                           ,
5642,9,13.6,Wittstock,Brandenburg                             ,
5643,9,13.6,Wittstock-Rote Mühle,Brandenburg                             ,47.7
5644,9,13.8,Witzenhausen,Hessen                                  ,64.8
5654,9,13.5,Wörnitz-Bottenweiler,Bayern                                  ,61.8
5663,9,13.4,Woldegk,Mecklenburg-Vorpommern                  ,46.8
5664,9,13.6,Wolfach,Baden-Württemberg                       ,94.9
5675,9,14.3,Wolfsburg,Niedersachsen                           ,51.6
5676,9,14.2,Wolfsburg (Südwest),Niedersachsen                           ,56.7
5681,9,14.2,Wolfstein/Pfalz,Rheinland-Pfalz                         ,56.9
5688,9,11.1,Dachsberg-Wolpadingen,Baden-Württemberg                       ,106.1
5692,9,15.0,Worms,Rheinland-Pfalz                         ,47.8
5703,9,14.5,Würzburg/Main,Bayern                                  ,51.0
5705,9,14.4,Würzburg,Bayern                                  ,49.9
5707,9,14.6,Würzburg (Physikalisches-Institut),Bayern                                  ,47.8
5715,9,14.2,Wunstorf,Niedersachsen                           ,58.1
5717,9,14.0,Wuppertal-Buchenhofen,Nordrhein-Westfalen                     ,94.6
5719,9,13.6,Remscheid,Nordrhein-Westfalen                     ,107.0
5728,9,14.1,Wustrau-Ziethenhorst,Brandenburg                             ,46.7
5731,9,14.0,Wutöschingen-Ofteringen,Baden-Württemberg                       ,71.2
5732,9,14.1,Wrixum/Föhr,Schleswig-Holstein                      ,89.2
5745,9,13.6,Zehdenick,Brandenburg                             ,45.0
5750,9,14.5,Zeitz,Sachsen-Anhalt                          ,50.0
5761,9,14.4,Zerbst,Sachsen-Anhalt                          ,50.0
5778,9,13.9,Zinnowitz,Mecklenburg-Vorpommern                  ,55.4
5779,9,10.0,Zinnwald-Georgenfeld,Sachsen                                 ,77.8
5792,9,0.2,Zugspitze,Bayern                                  ,144.7
5797,9,13.4,Lichtentanne,Sachsen                                 ,61.0
5800,9,11.8,Zwiesel,Bayern                                  ,92.0
5802,9,11.7,Zwieselberg,Bayern                                  ,86.4
5821,9,13.8,Bassum (A),Niedersachsen                           ,61.3
5822,9,13.8,Bassum,Niedersachsen                           ,64.0
5825,9,14.2,Berge,Brandenburg                             ,46.9
5832,9,13.9,Dannenberg,Niedersachsen                           ,50.8
5839,9,14.2,Emden,Niedersachsen                           ,82.0
5856,9,13.3,Fürstenzell,Bayern                                  ,75.0
5871,9,12.7,Hahn,Rheinland-Pfalz                         ,73.0
5885,9,14.5,Kirchheim/Teck-Ötlingen,Baden-Württemberg                       ,64.2
5890,9,11.9,"Kohlgrub, Bad (A)",Bayern                                  ,117.5
5898,9,14.7,Ludwigsburg,Baden-Württemberg                       ,
5904,9,13.4,Mainburg,Bayern                                  ,67.5
5906,9,15.6,Mannheim,Baden-Württemberg                       ,54.1
5912,9,13.2,Malsfeld,Hessen                                  ,73.0
5920,9,14.9,Neuwied,Rheinland-Pfalz                         ,56.4
5930,9,13.8,Schönhagen (Ostseebad),Schleswig-Holstein                      ,67.0
5941,9,12.0,Reit im Winkl,Bayern                                  ,144.2
5971,9,13.0,Welzheim (A),Baden-Württemberg                       ,79.8
6086,9,14.0,Melchow-Schönholz,Brandenburg                             ,48.7
6093,9,13.8,Wendisch Evern,Niedersachsen                           ,58.0
6095,9,13.6,Taubenheim-Seeligstadt,Sachsen                                 ,57.0
6105,9,13.5,Ostenfeld (Rendsburg),Schleswig-Holstein                      ,76.0
6109,9,13.8,Grambow-Schwennenz,Mecklenburg-Vorpommern                  ,47.0
6110,9,13.7,Medow-Wussentin,Mecklenburg-Vorpommern                  ,49.0
6129,9,13.0,Sohland/Spree,Sachsen                                 ,58.0
6157,9,14.3,Wangerland-Hooksiel,Niedersachsen                           ,84.0
6158,9,13.0,Weidenbach-Weiherschneidbach,Bayern                                  ,57.0
6159,9,13.8,Dörpen,Niedersachsen                           ,72.6
6163,9,13.7,Dörnick,Schleswig-Holstein                      ,65.0
6170,9,14.2,Coschen,Brandenburg                             ,42.0
6182,9,13.6,Mallersdorf-Pfaffenberg,Bayern                                  ,60.0
6184,9,14.2,Wilhelmshaven (Flugplatz),Niedersachsen                           ,
6186,9,13.6,Nastätten,Rheinland-Pfalz                         ,59.0
6196,9,11.8,Selb-Spielberg,Bayern                                  ,66.4
6197,9,13.0,Lügde-Paenbruch,Nordrhein-Westfalen                     ,80.0
6199,9,13.6,Steinhagen-Negast,Mecklenburg-Vorpommern                  ,59.0
6217,9,14.9,Saarbrücken-Burbach,Saarland                                ,64.0
6219,9,13.4,Dollnstein-Breitenfurt,Bayern                                  ,56.9
6258,9,14.0,Friedrichshafen-Unterraderach,Baden-Württemberg                       ,94.0
6259,9,12.8,Großerlach-Mannenweiler,Baden-Württemberg                       ,80.0
6260,9,13.5,Ingelfingen-Stachenhausen,Baden-Württemberg                       ,69.0
6262,9,13.9,Schwäbisch Gmünd-Weiler,Baden-Württemberg                       ,71.0
6263,9,14.0,Singen,Baden-Württemberg                       ,65.0
6264,9,12.3,Brilon-Thülen,Nordrhein-Westfalen                     ,94.0
6265,9,14.3,Wusterwitz,Brandenburg                             ,48.0
6266,9,14.0,Huy-Pabstorf,Sachsen-Anhalt                          ,47.0
6272,9,13.2,"Salzungen, Bad-Gräfen-Nitzendorf",Thüringen                               ,59.0
6273,9,14.2,Demker,Sachsen-Anhalt                          ,46.0
6275,9,14.3,Notzingen,Baden-Württemberg                       ,68.0
6304,9,12.6,Pilsach-Litzlohe,Bayern                                  ,77.0
6305,9,13.6,Mühlhausen/Thüringen-Görmar,Thüringen                               ,49.0
6310,9,13.9,Karlshagen,Mecklenburg-Vorpommern                  ,55.0
6312,9,13.5,Markt Erlbach-Mosbach,Bayern                                  ,56.0
6314,9,13.6,Nossen,Sachsen                                 ,58.0
6336,9,13.4,Lohr/Main-Halsbach,Bayern                                  ,66.0
6337,9,14.3,Lüdinghausen-Brochtrup,Nordrhein-Westfalen                     ,74.0
6344,9,14.1,Runkel-Ennerich,Hessen                                  ,61.0
6346,9,13.3,Maisach-Galgen,Bayern                                  ,79.0
6347,9,13.6,Schonungen-Mainberg,Bayern                                  ,59.0
7075,9,13.5,Elsendorf-Horneck,Bayern                                  ,66.0
7099,9,13.7,Liebenburg-Othfresen,Niedersachsen                           ,66.0
7105,9,12.8,Siegsdorf-Höll,Bayern                                  ,136.0
7106,9,13.9,Bielefeld-Deppendorf,Nordrhein-Westfalen                     ,79.0
7135,9,13.2,Aulendorf-Haslach,Baden-Württemberg                       ,82.0
7187,9,13.9,Freudenberg/Main-Boxtal,Baden-Württemberg                       ,57.0
7244,9,13.5,Neuglobsow (HM),Brandenburg                             ,48.5
7298,9,13.5,Hattstedt,Schleswig-Holstein                      ,81.0
7319,9,13.5,Donauwörth-Osterweiler,Bayern                                  ,57.0
7321,9,14.0,Olbersleben,Thüringen                               ,49.0
7325,9,0.9,,,135.0
7329,9,12.6,Treuen,Sachsen                                 ,66.0
7330,9,13.5,Arnsberg-Neheim,Nordrhein-Westfalen                     ,76.0
7331,9,13.1,Hermaringen-Allewind,Baden-Württemberg                       ,62.0
7341,9,15.1,Offenbach-Wetterpark,Hessen                                  ,57.0
7343,9,11.0,Deutschneudorf-Brüderwiese,Sachsen                                 ,74.0
7350,9,11.9,Prackenbach-Neuhäusl,Bayern                                  ,79.0
7351,9,13.4,Feldberg/Mecklenburg,Mecklenburg-Vorpommern                  ,49.0
7364,9,14.8,Jeßnitz,Sachsen-Anhalt                          ,50.0
7367,9,13.8,Alfeld,Niedersachsen                           ,70.0
7368,9,13.1,Eisenach,Thüringen                               ,65.0
7369,9,13.1,Feuchtwangen-Heilbronn,Bayern                                  ,56.0
7370,9,12.6,Waldmünchen,Bayern                                  ,66.0
7373,9,14.9,Borkum-Flugplatz,Niedersachsen                           ,88.0
7374,9,14.4,Ahaus,Nordrhein-Westfalen                     ,75.0
7389,9,13.9,Heckelberg,Brandenburg                             ,50.0
7393,9,14.2,Hoyerswerda,Sachsen                                 ,48.0
7394,9,11.8,Wunsiedel-Schönbrunn,Bayern                                  ,72.0
7395,9,13.7,Gottfrieding,Bayern                                  ,64.0
7396,9,11.3,Hoherodskopf/Vogelsberg,Hessen                                  ,112.0
7403,9,12.6,Leutkirch-Herlazhofen,Baden-Württemberg                       ,110.9
7410,9,12.9,Neu-Ulrichstein,Hessen                                  ,71.0
7412,9,13.2,Neuhütten/Spessart,Bayern                                  ,79.0
7419,9,12.8,Langenwetzendorf-Göttendorf,Thüringen                               ,59.0
7420,9,13.7,Naumburg/Saale-Kreipitzsch,Sachsen-Anhalt                          ,51.0
7424,9,13.8,Piding,Bayern                                  ,131.0
7427,9,13.6,Padenstedt (Pony-Park),Schleswig-Holstein                      ,75.0
7428,9,12.9,Veilsdorf,Thüringen                               ,69.0
7431,9,13.1,Oberhaching-Laufzorn,Bayern                                  ,93.0
7432,9,13.7,Wittingen-Vorhop,Niedersachsen                           ,56.0
13670,9,15.3,Duisburg-Baerl,Nordrhein-Westfalen                     ,71.0
13674,9,14.5,Waibstadt,Baden-Württemberg                       ,68.0
13675,9,14.1,Hameln-Hastenbeck,Niedersachsen                           ,62.0
13696,9,14.5,Waltrop-Abdinghof,Nordrhein-Westfalen                     ,74.0
13700,9,13.8,Gevelsberg-Oberbröking,Nordrhein-Westfalen                     ,86.0
13710,9,13.3,Landshut-Reithof,Bayern                                  ,71.0
13711,9,13.4,Krölpa-Rockendorf,Thüringen                               ,48.0
13713,9,12.8,Meinerzhagen-Redlendorf,Nordrhein-Westfalen                     ,115.0
13776,9,14.1,Hildesheim-Drispenstedt,Niedersachsen                           ,58.1
13777,9,14.1,Helmstedt-Emmerstedt,Niedersachsen                           ,49.0
13965,9,12.8,Balingen-Bronnhaupten,Baden-Württemberg                       ,65.0
14138,9,14.3,,,45.0
14311,9,12.1,Hersdorf-Weißenseifen,Rheinland-Pfalz                         ,83.5
15000,9,14.4,Aachen-Orsbach,Nordrhein-Westfalen                     ,74.0
15207,9,13.1,Schauenburg-Elgershausen,Hessen                                  ,65.0
15444,9,13.0,Ulm-Mähringen,Baden-Württemberg                       ,68.0
15555,9,12.3,Kaufbeuren-Oberbeuren,Bayern                                  ,101.2
15926,9,13.4,Fronberg (Schwandorf),Bayern                                  ,56.4
15951,9,12.9,Pirmasens (Kläranlage),Rheinland-Pfalz                         ,72.0
15963,9,14.8,St. Tönis,Nordrhein-Westfalen                     ,66.6
15965,9,13.4,"Brückenau, Bad (Elisabethenhof)",Bayern                                  ,63.6
15979,9,13.3,Sargenroth,Rheinland-Pfalz                         ,62.5
16085,9,14.4,Leherheide,Bremen                                  ,76.7
19087,9,12.3,Freyung vorm Wald,Bayern                                  ,83.6
19171,9,13.6,Hasenkrug-Hardebek,Schleswig-Holstein                      ,79.6
19172,9,13.6,Wacken,Schleswig-Holstein                      ,89.8
19580,9,13.3,"Urach, Bad/Erms",Baden-Württemberg                       ,75.6
19607,9,11.5,Cämmerswalde-Rauschenbach,Sachsen                                 ,
19617,9,13.6,Burghaslach,Bayern                                  ,55.3
19647,9,14.0,Eberbach/Neckar,Baden-Württemberg                       ,
19781,9,13.7,Ingolstadt,Bayern                                  ,59.0
1,10,9.2,Aach,Baden-Württemberg                       ,61.3
3,10,11.0,Aachen,Nordrhein-Westfalen                     ,70.0
44,10,9.6,Großenkneten,Niedersachsen                           ,68.4
52,10,9.3,Ahrensburg-Wulfsdorf,Schleswig-Holstein                      ,71.4
61,10,8.7,Aiterhofen,Bayern                                  ,54.5
70,10,8.1,Albstadt-Ebingen,Baden-Württemberg                       ,68.5
71,10,8.0,Albstadt-Badkap,Baden-Württemberg                       ,83.0
72,10,7.8,Albstadt-Onstmettingen,Baden-Württemberg                       ,82.0
73,10,8.8,Aldersbach-Kriestorf,Bayern                                  ,55.0
78,10,9.6,Alfhausen,Niedersachsen                           ,76.3
91,10,8.8,Alsfeld-Eifa,Hessen                                  ,56.7
93,10,8.9,Alsfeld-Reibertenrod,Hessen                                  ,51.5
96,10,9.4,Neuruppin-Alt Ruppin,Brandenburg                             ,46.0
98,10,7.0,Altastenberg,Nordrhein-Westfalen                     ,104.1
116,10,9.5,Altenburg,Thüringen                               ,37.6
125,10,8.5,Altenstadt,Bayern                                  ,
129,10,9.1,Altentreptow,Mecklenburg-Vorpommern                  ,35.8
131,10,9.1,Geringswalde-Altgeringswalde,Sachsen                                 ,45.8
132,10,7.0,Altglashütte,Bayern                                  ,72.1
142,10,8.6,Altomünster-Maisbrunn,Bayern                                  ,61.5
150,10,9.9,Alzey,Rheinland-Pfalz                         ,48.9
151,10,8.3,Amberg-Unterammersricht,Bayern                                  ,54.1
154,10,8.7,Amerang-Pfaffing,Bayern                                  ,73.0
161,10,10.6,Andernach,Rheinland-Pfalz                         ,46.1
164,10,9.2,Angermünde,Brandenburg                             ,32.4
167,10,9.3,Anklam,Mecklenburg-Vorpommern                  ,42.0
169,10,7.8,Annaberg-Buchholz,Sachsen                                 ,53.4
172,10,8.6,Annaturm,Niedersachsen                           ,74.0
174,10,9.9,Annweiler-Bindersbach,Rheinland-Pfalz                         ,88.7
175,10,8.7,Ansbach,Bayern                                  ,60.7
177,10,8.7,Ansbach-Hennenbach,Bayern                                  ,56.1
183,10,10.0,Arkona,Mecklenburg-Vorpommern                  ,52.9
184,10,9.4,Arneburg,Sachsen-Anhalt                          ,39.5
185,10,9.7,Arnis,Schleswig-Holstein                      ,80.5
186,10,9.2,Arnsberg,Nordrhein-Westfalen                     ,81.0
191,10,9.3,Arnstein-Müdesheim,Bayern                                  ,56.0
193,10,9.0,Arolsen-Neu Berich,Hessen                                  ,58.9
198,10,9.4,Artern,Thüringen                               ,30.3
202,10,10.1,Aschaffenburg,Bayern                                  ,57.1
207,10,9.6,Aschersleben,Sachsen-Anhalt                          ,30.9
211,10,9.1,Aßlar Klein-Altenstädten,Hessen                                  ,67.2
217,10,8.9,Attenkam,Bayern                                  ,74.6
221,10,8.7,Au i.d.Hallertau-Günzenhausen,Bayern                                  ,59.4
222,10,9.0,Aue,Sachsen                                 ,54.0
231,10,8.9,Augsburg (Sankt Stephan),Bayern                                  ,55.0
232,10,8.8,Augsburg,Bayern                                  ,52.8
243,10,9.9,Aurich,Niedersachsen                           ,85.9
257,10,10.3,Baden-Baden-Geroldsau,Baden-Württemberg                       ,116.7
259,10,10.5,Müllheim,Baden-Württemberg                       ,82.7
268,10,8.7,Baiersbronn-Obertal,Baden-Württemberg                       ,153.8
273,10,9.3,Baindt,Baden-Württemberg                       ,65.6
282,10,9.0,Bamberg,Bayern                                  ,51.2
283,10,8.9,Bamberg-Altenburg,Bayern                                  ,56.5
284,10,8.9,Bamberg (Sternwarte),Bayern                                  ,56.7
288,10,9.3,Bargischow-Gnevezin,Mecklenburg-Vorpommern                  ,41.2
294,10,10.0,Barsinghausen-Hohenbostel,Niedersachsen                           ,61.0
298,10,9.3,Barth,Mecklenburg-Vorpommern                  ,60.1
303,10,9.5,Baruth,Brandenburg                             ,33.7
314,10,9.9,"Kubschütz, Kr. Bautzen",Sachsen                                 ,37.6
320,10,8.7,Heinersreuth-Vollhof,Bayern                                  ,57.4
326,10,10.1,Beckum-Unterberg,Nordrhein-Westfalen                     ,67.0
327,10,9.7,Bederkesa,Niedersachsen                           ,90.5
330,10,9.0,Oberzent-Beerfelden,Hessen                                  ,100.4
335,10,9.8,Behrensdorf,Schleswig-Holstein                      ,58.8
342,10,9.9,Belm,Niedersachsen                           ,76.0
348,10,10.7,Bendorf,Rheinland-Pfalz                         ,50.5
355,10,10.7,Bensheim,Hessen                                  ,66.8
361,10,8.8,Berchtesgaden (KKst),Bayern                                  ,84.4
365,10,8.5,Berg/Oberpfalz,Bayern                                  ,64.4
368,10,9.4,Bergen,Niedersachsen                           ,
377,10,10.6,"Bergzabern, Bad",Rheinland-Pfalz                         ,74.2
379,10,8.9,"Berka, Bad (Flugplatz)",Thüringen                               ,44.3
386,10,8.0,"Berleburg, Bad",Nordrhein-Westfalen                     ,87.3
390,10,7.3,"Berleburg, Bad-Stünzel",Nordrhein-Westfalen                     ,104.0
395,10,9.5,Berlin-Adlershof,Berlin                                  ,
399,10,10.4,Berlin-Alexanderplatz,Berlin                                  ,39.0
400,10,9.4,Berlin-Buch,Berlin                                  ,37.8
402,10,9.5,Berlin-Dahlem (LFAG),Berlin                                  ,37.4
403,10,9.4,Berlin-Dahlem (FU),Berlin                                  ,37.9
405,10,9.4,Berlin-Friedrichshagen,Berlin                                  ,
407,10,9.7,Berlin-Frohnau,Berlin                                  ,40.9
408,10,10.1,Berlin-Invalidenstraße,Berlin                                  ,
410,10,9.3,Berlin-Kaniswall,Berlin                                  ,36.0
416,10,9.6,Berlin-Lichtenrade,Berlin                                  ,37.4
417,10,9.6,Berlin-Lichterfelde (Süd),Berlin                                  ,38.4
420,10,9.8,Berlin-Marzahn,Berlin                                  ,38.0
422,10,10.1,Berlin-Mitte,Berlin                                  ,37.9
424,10,10.1,Berlin-Ostkreuz,Berlin                                  ,
425,10,9.5,Berlin-Rudow,Berlin                                  ,38.4
427,10,9.5,Berlin Brandenburg,Brandenburg                             ,33.7
429,10,9.7,Berlin-Spandau,Berlin                                  ,39.4
430,10,9.9,Berlin-Tegel,Berlin                                  ,36.5
432,10,9.6,Berlin-Tegeler Fliesstal,Berlin                                  ,38.6
433,10,10.1,Berlin-Tempelhof,Berlin                                  ,38.1
434,10,9.8,Berlin-Treptow,Berlin                                  ,39.0
435,10,9.8,Berlin-Zehlendorf,Berlin                                  ,36.7
445,10,9.8,Bernburg/Saale (Nord),Sachsen-Anhalt                          ,32.5
450,10,11.0,Bernkastel-Kues,Rheinland-Pfalz                         ,60.8
460,10,9.8,Berus,Saarland                                ,85.0
474,10,8.6,Warthausen-Birkenhard,Baden-Württemberg                       ,65.0
480,10,8.6,Biedenkopf-Wallau,Hessen                                  ,73.8
502,10,8.5,Bischbrunn,Bayern                                  ,90.1
524,10,10.2,Bitterfeld,Sachsen-Anhalt                          ,33.6
526,10,9.0,"Blankenburg, Bad",Thüringen                               ,37.9
535,10,9.4,Blankenrath,Rheinland-Pfalz                         ,73.1
550,10,8.9,Bobeck,Thüringen                               ,45.0
553,10,10.6,Bocholt (Marienschule),Nordrhein-Westfalen                     ,68.7
555,10,10.7,Bochum,Nordrhein-Westfalen                     ,75.0
576,10,9.1,Böblingen,Baden-Württemberg                       ,66.3
578,10,8.4,Böhming,Bayern                                  ,63.4
588,10,9.7,Boffzen,Niedersachsen                           ,62.2
591,10,9.5,Boizenburg,Mecklenburg-Vorpommern                  ,50.0
592,10,9.4,Bokel,Schleswig-Holstein                      ,82.5
596,10,9.9,Boltenhagen,Mecklenburg-Vorpommern                  ,45.7
598,10,10.8,Bonn,Nordrhein-Westfalen                     ,50.6
599,10,10.8,Bonn-Friesdorf,Nordrhein-Westfalen                     ,52.5
601,10,10.4,,,
603,10,10.3,Königswinter-Heiderhof,Nordrhein-Westfalen                     ,63.0
606,10,8.8,Boos,Bayern                                  ,67.5
614,10,9.5,Borgentreich-Bühne,Nordrhein-Westfalen                     ,58.6
617,10,10.6,Borken in Westfalen,Nordrhein-Westfalen                     ,76.7
619,10,11.0,Borkum-Süderstraße,Niedersachsen                           ,83.6
642,10,10.1,Brake,Niedersachsen                           ,67.0
643,10,10.1,Brake-Süderfeld,Niedersachsen                           ,66.1
645,10,9.9,Bramsche,Niedersachsen                           ,74.8
648,10,9.4,Brande-Hörnerkirchen,Schleswig-Holstein                      ,85.8
650,10,9.6,Brandenburg-Görden,Brandenburg                             ,36.6
652,10,8.7,Hagenbüchach,Bayern                                  ,57.8
656,10,6.3,Braunlage,Niedersachsen                           ,115.0
660,10,9.9,Braunschweig-Gliesmarode,Niedersachsen                           ,49.0
661,10,9.9,Braunschweig (T.H.),Niedersachsen                           ,48.7
662,10,9.9,Braunschweig,Niedersachsen                           ,50.1
685,10,7.9,Breitsol,Bayern                                  ,93.5
691,10,9.7,Bremen,Bremen                                  ,60.1
699,10,9.7,Bremen-Seefahrtschule,Bremen                                  ,63.3
701,10,10.3,Bremerhaven,Bremen                                  ,68.0
702,10,10.3,Bremerhaven-Speckenbüttel,Bremen                                  ,72.8
703,10,9.7,Bremervörde (A),Niedersachsen                           ,71.5
704,10,9.7,Bremervörde,Niedersachsen                           ,71.0
705,10,9.7,Bremervörde-Niederochtenhausen,Niedersachsen                           ,70.7
706,10,10.8,Eschbach,Baden-Württemberg                       ,66.3
710,10,10.0,Bretten,Baden-Württemberg                       ,71.7
717,10,8.5,Brilon,Nordrhein-Westfalen                     ,86.6
722,10,4.3,Brocken,Sachsen-Anhalt                          ,161.1
727,10,9.4,Brombachtal-Kirch-Brombach,Hessen                                  ,77.4
729,10,7.5,Brotterode,Thüringen                               ,85.0
736,10,8.7,Brücken,Rheinland-Pfalz                         ,105.0
755,10,8.6,"Buchen, Kr. Neckar-Odenwald",Baden-Württemberg                       ,74.9
757,10,9.9,Buchenbach,Baden-Württemberg                       ,107.0
760,10,9.0,Rosengarten-Klecken,Niedersachsen                           ,72.1
766,10,8.6,Büchel (Flugplatz),Rheinland-Pfalz                         ,
769,10,10.3,Bückeburg,Niedersachsen                           ,57.1
771,10,9.7,Büdingen,Hessen                                  ,68.9
772,10,10.9,Bühlertal,Baden-Württemberg                       ,118.9
773,10,9.5,Bühlertal-Obertal,Baden-Württemberg                       ,132.2
793,10,8.4,Buhlenberg,Rheinland-Pfalz                         ,109.6
817,10,8.4,Burgwald-Bottendorf,Hessen                                  ,57.4
840,10,6.1,Carlsfeld,Sachsen                                 ,84.0
848,10,9.7,Celle (Stadt),Niedersachsen                           ,58.8
850,10,9.7,Celle,Niedersachsen                           ,56.5
851,10,8.5,Pemfling-Pitzling,Bayern                                  ,58.0
853,10,9.1,Chemnitz,Sachsen                                 ,48.3
856,10,9.1,Chieming,Bayern                                  ,82.0
863,10,7.3,Clausthal-Zellerfeld,Niedersachsen                           ,109.4
865,10,9.8,Cloppenburg,Niedersachsen                           ,68.2
867,10,8.9,Lautertal-Oberlauter,Bayern                                  ,54.4
876,10,9.2,Collmberg,Sachsen                                 ,42.4
879,10,9.7,Cottbus (Flugplatz),Brandenburg                             ,
880,10,9.7,Cottbus,Brandenburg                             ,34.6
881,10,8.9,Crailsheim-Alexandersreut,Baden-Württemberg                       ,72.3
888,10,9.2,Crimmitschau,Sachsen                                 ,40.9
891,10,10.6,Cuxhaven,Niedersachsen                           ,90.0
896,10,9.4,Dachwig,Thüringen                               ,32.7
917,10,10.0,Darmstadt,Hessen                                  ,66.0
918,10,10.3,Darmstadt (A),Hessen                                  ,63.7
919,10,10.1,Darmstadt-Botanischer Garten,Hessen                                  ,64.2
931,10,8.6,Deggenhausertal-Azenweiler,Baden-Württemberg                       ,82.0
948,10,9.8,Dessau,Sachsen-Anhalt                          ,36.4
953,10,9.1,Deuselbach,Rheinland-Pfalz                         ,74.0
963,10,9.7,Diepholz,Niedersachsen                           ,61.6
964,10,8.8,Dierfeld,Rheinland-Pfalz                         ,80.0
965,10,9.9,Diesbar-Seußlitz,Sachsen                                 ,39.6
970,10,8.5,Dietenhofen,Bayern                                  ,60.0
979,10,8.6,Dillenburg,Hessen                                  ,69.9
982,10,9.0,Dillingen/Donau,Bayern                                  ,61.9
983,10,9.0,Dillingen/Donau-Fristingen,Bayern                                  ,57.8
991,10,8.5,Dippoldiswalde-Reinberg,Sachsen                                 ,48.6
998,10,8.7,Dobel,Baden-Württemberg                       ,133.9
1000,10,9.8,"Doberan, Bad-Heiligendamm",Mecklenburg-Vorpommern                  ,49.3
1001,10,9.5,Doberlug-Kirchhain,Brandenburg                             ,35.3
1003,10,9.4,Döbeln,Sachsen                                 ,43.1
1006,10,9.4,Dömitz,Mecklenburg-Vorpommern                  ,40.6
1018,10,8.2,Donaueschingen,Baden-Württemberg                       ,68.5
1032,10,10.5,Dortmund,Nordrhein-Westfalen                     ,75.5
1047,10,10.0,Dresden (Mitte),Sachsen                                 ,38.3
1048,10,9.7,Dresden-Klotzsche,Sachsen                                 ,43.1
1050,10,10.2,Dresden-Hosterwitz,Sachsen                                 ,40.2
1051,10,10.0,Dresden-Strehlen,Sachsen                                 ,38.0
1052,10,9.5,Möckern-Drewitz,Sachsen-Anhalt                          ,39.0
1066,10,9.1,Duderstadt,Niedersachsen                           ,48.1
1072,10,10.4,"Dürkheim, Bad",Rheinland-Pfalz                         ,46.6
1073,10,10.3,"Dürkheim, Bad (Saline)",Rheinland-Pfalz                         ,50.5
1074,10,9.9,"Dürrenberg, Bad",Sachsen-Anhalt                          ,31.0
1078,10,11.1,Düsseldorf,Nordrhein-Westfalen                     ,67.2
1079,10,11.1,Düsseldorf-Südfriedhof,Nordrhein-Westfalen                     ,67.4
1084,10,11.4,Duisburg-Friemersheim,Nordrhein-Westfalen                     ,69.2
1087,10,11.6,Duisburg-Laar,Nordrhein-Westfalen                     ,66.9
1102,10,10.0,Ebersbach/Fils,Baden-Württemberg                       ,69.7
1103,10,8.7,Ebersberg-Halbing,Bayern                                  ,66.0
1106,10,9.5,Eberswalde,Brandenburg                             ,34.6
1107,10,8.2,Ebrach,Bayern                                  ,66.6
1130,10,9.5,Eggebek,Schleswig-Holstein                      ,94.0
1146,10,9.0,Ehningen,Baden-Württemberg                       ,67.7
1154,10,8.6,Eiberg,Bayern                                  ,68.2
1161,10,8.7,Eichstätt-Landershofen,Bayern                                  ,55.0
1169,10,10.8,Eimeldingen,Baden-Württemberg                       ,73.0
1172,10,9.6,Einbeck,Niedersachsen                           ,50.3
1182,10,9.5,Eisleben-Helfta,Sachsen-Anhalt                          ,32.1
1188,10,7.6,Elgersburg,Thüringen                               ,67.6
1197,10,8.6,Ellwangen-Rindelbach,Baden-Württemberg                       ,70.9
1200,10,9.7,Elpersbüttel,Schleswig-Holstein                      ,96.0
1201,10,10.8,Elsdorf/Erftkreis,Nordrhein-Westfalen                     ,58.5
1204,10,10.0,Elsfleth,Niedersachsen                           ,63.9
1207,10,7.2,"Elster, Bad-Sohl",Sachsen                                 ,54.5
1214,10,9.5,Elzach-Fisnacht,Baden-Württemberg                       ,130.0
1219,10,10.3,Emden-Nesserland,Niedersachsen                           ,72.8
1221,10,10.2,Emden-Wolthusen,Niedersachsen                           ,76.0
1224,10,10.1,Emmendingen-Mundingen,Baden-Württemberg                       ,77.9
1229,10,10.1,"Ems, Bad",Rheinland-Pfalz                         ,62.7
1238,10,9.9,Engelskirchen,Nordrhein-Westfalen                     ,102.6
1239,10,8.9,Engen/Hegau,Baden-Württemberg                       ,62.0
1243,10,8.1,Eningen,Baden-Württemberg                       ,78.6
1246,10,10.1,Ennigerloh-Ostenfelde,Nordrhein-Westfalen                     ,63.8
1254,10,10.1,Eppingen,Baden-Württemberg                       ,73.3
1255,10,10.0,Eppingen-Elsenz,Baden-Württemberg                       ,72.9
1262,10,8.9,München-Flughafen,Bayern                                  ,58.0
1266,10,9.6,Erfde,Schleswig-Holstein                      ,94.6
1270,10,9.0,Erfurt-Weimar,Thüringen                               ,34.7
1275,10,9.0,Ering,Bayern                                  ,60.9
1276,10,9.6,Eriskirch-Mariabrunn,Baden-Württemberg                       ,71.1
1279,10,9.3,Möhrendorf-Kleinseebach,Bayern                                  ,57.4
1280,10,9.2,Erlangen-Bruck,Bayern                                  ,57.1
1287,10,9.1,Eschau-Hobbach,Bayern                                  ,70.9
1292,10,8.3,Eschenbach/Oberpfalz,Bayern                                  ,65.0
1297,10,9.5,Eschwege,Hessen                                  ,47.2
1299,10,10.2,Esens,Niedersachsen                           ,87.0
1300,10,8.5,Eslohe,Nordrhein-Westfalen                     ,94.0
1303,10,10.7,Essen-Bredeney,Nordrhein-Westfalen                     ,83.6
1327,10,10.8,Weilerswist-Lommersum,Nordrhein-Westfalen                     ,46.6
1329,10,9.4,Eutin,Schleswig-Holstein                      ,66.1
1332,10,9.0,"Falkenberg,Kr.Rottal-Inn",Bayern                                  ,57.3
1339,10,9.1,Faßberg,Niedersachsen                           ,
1345,10,8.8,Feldberg,Mecklenburg-Vorpommern                  ,41.0
1346,10,5.4,Feldberg/Schwarzwald,Baden-Württemberg                       ,163.0
1357,10,7.0,Fichtelberg/Oberfranken-Hüttstadl,Bayern                                  ,98.3
1358,10,4.3,Fichtelberg,Sachsen                                 ,74.9
1374,10,8.2,Fladungen-Heufurt,Bayern                                  ,67.6
1378,10,9.6,Flensburg,Schleswig-Holstein                      ,105.6
1379,10,9.5,Flensburg (Schäferhaus),Schleswig-Holstein                      ,94.9
1380,10,9.7,Flensburg-Mürwik,Schleswig-Holstein                      ,101.0
1392,10,7.1,Flossenbürg,Bayern                                  ,72.0
1403,10,8.7,Frammersbach,Bayern                                  ,85.0
1410,10,9.4,"Frankenhausen, Bad/Kyffhäuser",Thüringen                               ,33.7
1411,10,6.6,Birx/Rhön,Thüringen                               ,86.3
1420,10,10.4,Frankfurt/Main,Hessen                                  ,54.7
1421,10,10.5,Frankfurt/Main (Stadt),Hessen                                  ,59.8
1424,10,10.6,Frankfurt/Main-Westend,Hessen                                  ,60.0
1425,10,10.7,Frankfurt/Main (Feldbergstr.),Hessen                                  ,59.6
1426,10,9.3,Frankfurt/Oder,Brandenburg                             ,35.6
1428,10,9.8,Frankweiler,Rheinland-Pfalz                         ,80.4
1440,10,10.2,Freiamt-Ottoschwanden,Baden-Württemberg                       ,91.4
1441,10,8.8,Freiberg,Sachsen                                 ,54.5
1443,10,10.8,Freiburg,Baden-Württemberg                       ,81.5
1447,10,11.6,Freiburg im Breisgau-Herdern,Baden-Württemberg                       ,82.9
1451,10,9.7,Freiburg/Elbe,Niedersachsen                           ,86.1
1468,10,8.1,Freudenstadt,Baden-Württemberg                       ,146.3
1473,10,8.6,Freystadt-Michelbach,Bayern                                  ,58.8
1488,10,7.9,Friedrichsbrunn,Sachsen-Anhalt                          ,49.1
1490,10,9.7,Friedrichshafen,Baden-Württemberg                       ,73.7
1492,10,8.2,Malsburg-Marzell-Friedrichsheim,Baden-Württemberg                       ,148.1
1503,10,9.8,Friesoythe-Altenoythe,Niedersachsen                           ,65.5
1504,10,9.3,Fritzlar (Flugplatz),Hessen                                  ,45.0
1513,10,7.6,Fuchskauten,Rheinland-Pfalz                         ,105.6
1515,10,8.8,Fürstenfeldbruck,Bayern                                  ,
1522,10,9.1,Fürth/Bayern (A),Bayern                                  ,55.6
1526,10,8.7,Fulda-Horas,Hessen                                  ,56.3
1544,10,9.4,Gardelegen,Sachsen-Anhalt                          ,41.3
1550,10,8.1,Garmisch-Partenkirchen,Bayern                                  ,82.9
1552,10,9.4,Gartz/Oder,Brandenburg                             ,35.0
1568,10,5.5,Gehlberg-Schmücke,Thüringen                               ,112.7
1572,10,10.8,Geilenkirchen (Flugplatz),Nordrhein-Westfalen                     ,
1580,10,10.4,Geisenheim,Hessen                                  ,48.3
1583,10,6.2,Geisingberg,Sachsen                                 ,63.6
1584,10,8.3,Geisingen,Baden-Württemberg                       ,62.0
1586,10,9.0,Traunstein-Geißing,Bayern                                  ,89.9
1587,10,8.4,Gelbelsee,Bayern                                  ,65.0
1590,10,10.8,Geldern-Walbeck,Nordrhein-Westfalen                     ,67.8
1593,10,9.7,Gelnhausen,Hessen                                  ,77.6
1602,10,10.5,Ohlsbach,Baden-Württemberg                       ,91.5
1605,10,9.4,Genthin,Sachsen-Anhalt                          ,36.0
1612,10,9.1,Gera-Leumnitz,Thüringen                               ,38.3
1619,10,10.4,Gernsheim,Hessen                                  ,56.9
1621,10,8.1,Geroda-Platz,Bayern                                  ,75.3
1638,10,9.6,Gießen (Lahntal),Hessen                                  ,63.0
1639,10,9.2,Gießen/Wettenberg,Hessen                                  ,55.1
1645,10,8.1,Gilserberg-Moischeid,Hessen                                  ,58.4
1666,10,9.7,Glücksburg-Meierwik,Schleswig-Holstein                      ,91.0
1667,10,9.7,Glückstadt,Schleswig-Holstein                      ,81.0
1684,10,9.3,Görlitz,Sachsen                                 ,40.3
1689,10,8.5,Gößweinstein,Bayern                                  ,74.6
1691,10,9.5,Göttingen,Niedersachsen                           ,46.1
1694,10,9.2,Goldberg,Mecklenburg-Vorpommern                  ,44.0
1709,10,8.1,"Gottleuba, Bad",Sachsen                                 ,47.7
1721,10,8.4,Gräfenberg-Kasberg,Bayern                                  ,76.0
1735,10,8.2,Grainet-Rehberg,Bayern                                  ,85.7
1757,10,9.4,Greifswald,Mecklenburg-Vorpommern                  ,43.7
1762,10,8.8,Greiz-Dölau,Thüringen                               ,42.2
1766,10,10.2,Münster/Osnabrück,Nordrhein-Westfalen                     ,67.0
1792,10,10.1,Groß Berßen,Niedersachsen                           ,72.0
1803,10,9.0,Groß Lüsewitz,Mecklenburg-Vorpommern                  ,46.3
1833,10,5.3,Grosser Falkenstein,Bayern                                  ,90.6
1834,10,6.0,Grosser Inselsberg,Thüringen                               ,107.7
1844,10,9.0,Feldkirchen-Westerham-Lenzmühle,Bayern                                  ,71.0
1849,10,8.8,Großmehring-Theißing,Bayern                                  ,60.8
1863,10,9.3,Gründau-Breitenborn,Hessen                                  ,79.0
1869,10,9.1,Grünow,Brandenburg                             ,29.0
1875,10,8.8,"Gschwend, Kr. Ostalb",Baden-Württemberg                       ,94.3
1886,10,9.0,Günzburg,Bayern                                  ,54.7
1890,10,9.4,Güstrow-Schabernack,Mecklenburg-Vorpommern                  ,
1891,10,10.1,Rheda-Wiedenbrück-Lintel,Nordrhein-Westfalen                     ,66.8
1892,10,10.1,Gütersloh (Flugplatz),Nordrhein-Westfalen                     ,
1920,10,10.6,Hagen-Fley,Nordrhein-Westfalen                     ,77.8
1957,10,9.7,Halle-Kröllwitz,Sachsen-Anhalt                          ,31.0
1960,10,9.8,Halle (Stadt),Sachsen-Anhalt                          ,30.7
1972,10,9.7,Hamburg-Bergedorf,Hamburg                                 ,61.0
1973,10,10.1,Hamburg-Botanischer Garten,Hamburg                                 ,66.0
1975,10,9.6,Hamburg-Fuhlsbüttel,Hamburg                                 ,67.0
1979,10,9.7,Hamburg-Kirchwerder,Hamburg                                 ,58.0
1981,10,9.9,Hamburg-Neuwiedenthal,Hamburg                                 ,58.7
1986,10,9.7,Hamburg-Reitbrook,Hamburg                                 ,61.3
1990,10,9.7,Hamburg-Wandsbek,Hamburg                                 ,67.3
1993,10,10.2,Hameln,Niedersachsen                           ,57.6
2000,10,10.3,Hanau,Hessen                                  ,57.9
2005,10,9.1,Hankensbüttel,Niedersachsen                           ,57.0
2014,10,9.9,Hannover,Niedersachsen                           ,52.8
2023,10,8.6,Harburg,Bayern                                  ,55.0
2039,10,9.3,"Harzburg, Bad",Niedersachsen                           ,64.2
2044,10,8.1,Harzgerode,Sachsen-Anhalt                          ,40.0
2048,10,9.6,Haseldorf,Schleswig-Holstein                      ,71.4
2053,10,7.7,Hasselfelde,Sachsen-Anhalt                          ,63.9
2069,10,6.8,Hausstein,Bayern                                  ,112.9
2074,10,9.3,Hechingen,Baden-Württemberg                       ,68.0
2078,10,9.7,Weddingstedt,Schleswig-Holstein                      ,100.0
2080,10,11.4,Heidelberg,Baden-Württemberg                       ,63.8
2081,10,9.6,Königstuhl,Baden-Württemberg                       ,94.2
2083,10,11.1,Heidelberg-Grenzhof,Baden-Württemberg                       ,62.6
2092,10,8.5,Heidenrod-Mappershain,Hessen                                  ,72.5
2095,10,10.4,Heilbronn,Baden-Württemberg                       ,68.6
2110,10,10.7,Heinsberg-Schleiden,Nordrhein-Westfalen                     ,58.6
2120,10,9.8,Helmstedt,Niedersachsen                           ,43.3
2122,10,9.7,"Helse, Kr. Dithmarschen",Schleswig-Holstein                      ,92.4
2147,10,10.4,Herford,Nordrhein-Westfalen                     ,72.2
2151,10,9.1,Herleshausen,Hessen                                  ,51.5
2159,10,9.2,Herrenberg,Baden-Württemberg                       ,67.0
2160,10,8.5,Herrenhof,Thüringen                               ,49.8
2166,10,8.8,Herrnhut,Sachsen                                 ,42.5
2167,10,8.8,Niederwörresbach,Rheinland-Pfalz                         ,67.8
2171,10,8.8,"Hersfeld, Bad",Hessen                                  ,54.9
2173,10,10.7,Herten,Nordrhein-Westfalen                     ,78.1
2174,10,8.9,Herzberg,Niedersachsen                           ,69.0
2201,10,9.8,Hiddensee-Vitte,Mecklenburg-Vorpommern                  ,50.0
2206,10,10.3,Hildesheim,Niedersachsen                           ,57.9
2211,10,9.4,Hilgenroth,Rheinland-Pfalz                         ,82.5
2223,10,8.7,Hindfeld,Thüringen                               ,48.7
2225,10,8.4,Hinterhermsdorf,Sachsen                                 ,57.9
2226,10,7.3,Eisfeld-Waffenrod-Hinterrod,Thüringen                               ,77.0
2250,10,7.5,Höllenstein (Kraftwerk),Bayern                                  ,65.0
2252,10,9.1,Bertsdorf-Hörnitz,Sachsen                                 ,42.0
2260,10,8.1,Hof (Stadt),Bayern                                  ,53.6
2261,10,7.6,Hof,Bayern                                  ,57.1
2264,10,8.6,Hofgeismar-Beberbeck,Hessen                                  ,61.0
2268,10,9.2,Hofheim,Bayern                                  ,56.0
2289,10,9.6,Hohennauen,Brandenburg                             ,
2290,10,8.1,Hohenpeißenberg,Bayern                                  ,76.4
2302,10,9.1,Hohlstedt-Kötschau,Thüringen                               ,38.3
2303,10,9.1,Hohn,Schleswig-Holstein                      ,85.7
2306,10,9.8,Hohwacht,Schleswig-Holstein                      ,61.2
2315,10,9.6,Holzdorf (Flugplatz),Brandenburg                             ,
2318,10,8.9,Holzhausen a.d. Haide,Rheinland-Pfalz                         ,60.4
2319,10,8.3,Holzkirchen,Bayern                                  ,82.2
2323,10,9.7,"Bevern, Kr. Holzminden",Niedersachsen                           ,65.0
2324,10,8.0,Holzminden-Silberborn,Niedersachsen                           ,87.2
2327,10,8.9,Homberg/Ohm,Hessen                                  ,70.0
2331,10,9.6,Homburg/Saar,Saarland                                ,83.7
2338,10,10.2,Hopsten (Flugplatz),Nordrhein-Westfalen                     ,
2344,10,7.5,Horlachen,Bayern                                  ,82.4
2354,10,9.6,Hoyerswerda Kr. Bautzen,Sachsen                                 ,39.8
2360,10,8.8,Hüll,Bayern                                  ,65.3
2362,10,9.3,Hümmerich,Rheinland-Pfalz                         ,73.0
2374,10,9.6,Husum,Schleswig-Holstein                      ,96.5
2385,10,9.0,Idar-Oberstein,Rheinland-Pfalz                         ,
2388,10,10.7,Ihringen,Baden-Württemberg                       ,63.0
2396,10,8.5,Ilsenburg,Sachsen-Anhalt                          ,
2406,10,9.8,Ingelfingen,Baden-Württemberg                       ,78.8
2410,10,9.0,Ingolstadt (Flugplatz),Bayern                                  ,
2417,10,8.5,Mittbach,Bayern                                  ,73.4
2422,10,9.5,Iserlohn-Westig,Nordrhein-Westfalen                     ,86.1
2429,10,9.5,Itzehoe,Schleswig-Holstein                      ,84.0
2437,10,9.4,Schleswig-Jagel,Schleswig-Holstein                      ,90.0
2444,10,10.0,Jena (Sternwarte),Thüringen                               ,37.5
2451,10,9.7,Jessen/Elster,Sachsen-Anhalt                          ,32.9
2464,10,9.5,Jork,Niedersachsen                           ,64.9
2474,10,10.7,Jülich (Forsch.-Anlage),Nordrhein-Westfalen                     ,59.8
2475,10,9.5,Jüterbog,Brandenburg                             ,31.0
2477,10,7.3,Jungholz (Kühmoos),Baden-Württemberg                       ,116.7
2480,10,10.2,Kahl/Main,Bayern                                  ,59.5
2483,10,6.1,Kahler Asten,Nordrhein-Westfalen                     ,118.9
2485,10,8.8,Kaisersbach-Cronhütte,Baden-Württemberg                       ,92.0
2486,10,9.7,Kaiserslautern,Rheinland-Pfalz                         ,74.0
2488,10,8.5,Kaisheim-Neuhof,Bayern                                  ,62.4
2494,10,10.6,Kalkar,Nordrhein-Westfalen                     ,
2497,10,8.7,Kall-Sistig,Nordrhein-Westfalen                     ,68.8
2502,10,8.4,"Heiligenstadt, Heilbad-Kalteneber",Thüringen                               ,60.7
2503,10,7.8,Kaltennordheim,Thüringen                               ,63.8
2506,10,9.3,Kamenz,Sachsen                                 ,43.4
2521,10,8.7,Karlshuld,Bayern                                  ,60.0
2522,10,10.9,Karlsruhe,Baden-Württemberg                       ,75.5
2532,10,9.3,Kassel,Hessen                                  ,54.0
2533,10,9.3,Kassel-Harleshausen,Hessen                                  ,53.2
2542,10,8.2,Kaufbeuren,Bayern                                  ,73.1
2543,10,8.9,Kaufering,Bayern                                  ,67.8
2546,10,11.2,Kehl-Odelshofen,Baden-Württemberg                       ,75.0
2559,10,8.5,Kempten,Bayern                                  ,83.2
2564,10,9.7,Kiel-Holtenau,Schleswig-Holstein                      ,77.0
2565,10,9.6,Kiel-Kronshagen,Schleswig-Holstein                      ,78.5
2575,10,8.9,Kirchberg/Jagst-Herboldshausen,Baden-Württemberg                       ,74.1
2578,10,9.8,Kirchdorf/Poel,Mecklenburg-Vorpommern                  ,48.6
2597,10,8.9,"Kissingen, Bad",Bayern                                  ,59.3
2600,10,9.7,Kitzingen,Bayern                                  ,51.7
2601,10,6.6,Kleiner Feldberg/Taunus,Hessen                                  ,101.0
2609,10,9.3,Klein Rönnau,Schleswig-Holstein                      ,72.8
2618,10,6.4,Kleiner Inselsberg,Thüringen                               ,92.1
2621,10,9.6,Kleinmachnow,Brandenburg                             ,39.5
2627,10,9.4,Schipkau-Klettwitz,Brandenburg                             ,40.0
2629,10,10.5,Kleve,Nordrhein-Westfalen                     ,72.4
2638,10,7.8,Klippeneck,Baden-Württemberg                       ,76.0
2641,10,9.6,Klitzschen bei Torgau,Sachsen                                 ,37.0
2654,10,10.1,Knittlingen,Baden-Württemberg                       ,72.6
2657,10,10.9,Koblenz-Horchheim,Rheinland-Pfalz                         ,52.4
2665,10,11.4,Köln-Botanischer Garten,Nordrhein-Westfalen                     ,67.4
2667,10,10.7,Köln/Bonn,Nordrhein-Westfalen                     ,67.1
2680,10,8.6,"Königshofen, Bad",Bayern                                  ,47.3
2689,10,9.5,Königsmoor,Niedersachsen                           ,64.9
2691,10,8.7,Königsmoos-Untermaxfeld,Bayern                                  ,55.5
2700,10,9.0,Kösching,Bayern                                  ,55.3
2701,10,9.6,"Kösen, Bad",Sachsen-Anhalt                          ,36.1
2703,10,8.3,Köterberg,Nordrhein-Westfalen                     ,
2704,10,9.8,Köthen (Anhalt),Sachsen-Anhalt                          ,33.1
2708,10,8.3,"Kohlgrub, Bad (Rosshof)",Bayern                                  ,83.0
2712,10,10.1,Konstanz,Baden-Württemberg                       ,62.7
2717,10,8.3,Korbach-Lengefeld,Hessen                                  ,62.9
2750,10,8.6,Kronach,Bayern                                  ,64.9
2761,10,8.6,Krumbach-Edenhausen,Bayern                                  ,70.4
2770,10,9.2,Kükels,Schleswig-Holstein                      ,74.2
2773,10,8.3,Kümmersbruck,Bayern                                  ,
2775,10,9.8,Künzelsau,Baden-Württemberg                       ,76.6
2780,10,8.5,Kulmbach,Bayern                                  ,
2783,10,8.9,Kumhausen,Bayern                                  ,60.8
2790,10,9.4,Kusel-Fünfbirken,Rheinland-Pfalz                         ,90.2
2794,10,9.3,Kyritz,Brandenburg                             ,42.0
2796,10,9.2,Laage (Flugplatz),Mecklenburg-Vorpommern                  ,
2812,10,10.9,Lahr,Baden-Württemberg                       ,75.4
2814,10,7.8,Merklingen,Baden-Württemberg                       ,79.5
2821,10,9.2,Lamspringe,Niedersachsen                           ,62.0
2829,10,8.6,Landsberg (Flugplatz),Bayern                                  ,
2830,10,8.7,Landsberg/Lech,Bayern                                  ,68.6
2831,10,9.1,Landshut,Bayern                                  ,56.0
2843,10,10.4,,,
2856,10,9.4,Langenlipsdorf,Brandenburg                             ,33.0
2857,10,9.3,"Langensalza, Bad",Thüringen                               ,32.9
2861,10,10.5,Langeoog,Niedersachsen                           ,84.1
2872,10,10.0,Lathen,Niedersachsen                           ,70.0
2878,10,10.0,"Lauchstädt, Bad",Sachsen-Anhalt                          ,26.0
2879,10,9.6,Lauda-Königshofen-Gerlachsheim,Baden-Württemberg                       ,57.1
2886,10,8.7,Laupheim,Baden-Württemberg                       ,
2905,10,8.8,Lechfeld,Bayern                                  ,
2906,10,9.4,Leck (A),Schleswig-Holstein                      ,114.8
2907,10,9.0,Leck,Schleswig-Holstein                      ,103.0
2912,10,9.5,Lehbek,Schleswig-Holstein                      ,77.8
2915,10,7.0,Lehesten/Thüringer Wald,Thüringen                               ,76.9
2920,10,8.6,Leiblfing,Bayern                                  ,50.0
2923,10,8.6,Leinau,Bayern                                  ,72.3
2925,10,8.7,Leinefelde,Thüringen                               ,50.0
2928,10,10.0,Leipzig-Holzhausen,Sachsen                                 ,37.7
2931,10,9.9,Leipzig-Mockau,Sachsen                                 ,38.3
2932,10,9.8,Leipzig/Halle,Sachsen                                 ,31.0
2947,10,9.0,Lennestadt-Theten,Nordrhein-Westfalen                     ,89.1
2949,10,8.5,Lenningen-Schopfloch,Baden-Württemberg                       ,83.2
2950,10,9.7,Lensahn,Schleswig-Holstein                      ,60.5
2951,10,9.4,Lenzen/Elbe,Brandenburg                             ,45.2
2953,10,7.4,Lenzkirch-Ruhbühl,Baden-Württemberg                       ,110.3
2963,10,10.0,Leunawerke,Sachsen-Anhalt                          ,30.9
2968,10,11.5,Köln-Stammheim,Nordrhein-Westfalen                     ,66.8
2985,10,8.7,Lichtenhain-Mittelndorf,Sachsen                                 ,55.0
2996,10,8.8,"Liebenzell, Bad",Baden-Württemberg                       ,73.5
3001,10,10.1,Liliental,Baden-Württemberg                       ,76.0
3004,10,9.9,Limburg/Lahn-Offheim,Hessen                                  ,52.7
3007,10,10.7,Limburgerhof,Rheinland-Pfalz                         ,53.1
3015,10,9.5,Lindenberg,Brandenburg                             ,35.3
3016,10,8.4,Lindenberg/Allgäu,Bayern                                  ,132.8
3017,10,10.1,Lindenfels,Hessen                                  ,97.7
3018,10,9.1,Lindenfels-Winterkasten,Hessen                                  ,104.7
3023,10,10.4,Lingen,Niedersachsen                           ,69.0
3028,10,10.0,"Lippspringe, Bad",Nordrhein-Westfalen                     ,73.0
3031,10,10.5,Lippstadt-Bökenförde,Nordrhein-Westfalen                     ,66.0
3034,10,7.8,"Lobenstein, Bad",Thüringen                               ,65.0
3042,10,9.0,Löhnberg-Obershausen,Hessen                                  ,77.0
3044,10,10.0,Löningen,Niedersachsen                           ,71.0
3045,10,9.9,Löningen-Hagel,Niedersachsen                           ,68.5
3062,10,10.4,Lorch/Rhein,Hessen                                  ,50.9
3076,10,10.7,Ludwigshafen-Mundenheim,Rheinland-Pfalz                         ,50.1
3082,10,9.5,Lübben,Brandenburg                             ,33.8
3083,10,9.5,Lübben-Blumenfelde,Brandenburg                             ,34.0
3085,10,9.4,Lübeck,Schleswig-Holstein                      ,55.2
3086,10,9.1,Lübeck-Blankensee,Schleswig-Holstein                      ,58.0
3088,10,9.4,Lübeck-Werft,Schleswig-Holstein                      ,55.0
3096,10,9.0,Lüdenscheid (Zeppelin-Gymnasium),Nordrhein-Westfalen                     ,105.9
3098,10,9.1,Lüdenscheid,Nordrhein-Westfalen                     ,107.0
3101,10,10.5,Lüdinghausen,Nordrhein-Westfalen                     ,71.4
3103,10,9.7,Lüneburg,Niedersachsen                           ,50.6
3113,10,7.9,Luisenthal/Ohra,Thüringen                               ,74.7
3126,10,9.8,Magdeburg,Sachsen-Anhalt                          ,34.5
3135,10,8.9,Mainhardt-Ziegelbronn,Baden-Württemberg                       ,91.8
3137,10,10.1,Mainz-Lerchenberg (ZDF),Rheinland-Pfalz                         ,55.4
3139,10,8.8,Maisach-Gernlinden,Bayern                                  ,62.7
3147,10,8.8,Mallersdorf-Pfaffenberg-Oberlindhart,Bayern                                  ,49.9
3155,10,8.6,Manderscheid-Sonnenhof,Rheinland-Pfalz                         ,83.1
3158,10,9.5,Manschnow,Brandenburg                             ,27.7
3160,10,9.0,Vatterode-Gräfenstuhl,Sachsen-Anhalt                          ,34.0
3164,10,9.2,"Cölbe, Kr. Marburg-Biedenkopf",Hessen                                  ,60.0
3166,10,7.5,Marienberg,Sachsen                                 ,56.0
3196,10,9.2,Marnitz,Mecklenburg-Vorpommern                  ,50.4
3204,10,8.7,Martinroda,Thüringen                               ,48.4
3211,10,6.8,Mauth-Finsterau,Bayern                                  ,95.2
3212,10,9.7,Mayen,Rheinland-Pfalz                         ,47.2
3222,10,10.2,Meerbeck,Niedersachsen                           ,58.0
3223,10,10.0,Meersburg,Baden-Württemberg                       ,62.6
3226,10,9.6,Aschersleben-Mehringen,Sachsen-Anhalt                          ,32.6
3228,10,8.4,Meinerzhagen (A),Nordrhein-Westfalen                     ,131.2
3231,10,8.0,Meiningen,Thüringen                               ,53.5
3234,10,9.6,Klipphausen-Garsebach,Sachsen                                 ,39.0
3236,10,9.8,Melle,Niedersachsen                           ,68.0
3244,10,8.5,Memmingen,Bayern                                  ,67.2
3245,10,8.5,Memmingen (Flugplatz),Bayern                                  ,
3246,10,10.1,Mendig,Rheinland-Pfalz                         ,
3254,10,10.1,Meppen,Niedersachsen                           ,
3257,10,9.3,"Mergentheim, Bad-Neunkirchen",Baden-Württemberg                       ,66.7
3265,10,8.8,Mespelbrunn,Bayern                                  ,78.4
3268,10,7.4,Meßstetten-Appental,Baden-Württemberg                       ,84.8
3271,10,8.6,Metten,Bayern                                  ,68.0
3278,10,9.7,Metzingen,Baden-Württemberg                       ,66.3
3284,10,9.6,Michelstadt,Hessen                                  ,76.7
3287,10,8.9,Michelstadt-Vielbrunn,Hessen                                  ,90.0
3289,10,9.1,Schmieritz-Weltwitz,Thüringen                               ,40.0
3291,10,10.0,Miltenberg,Bayern                                  ,61.6
3300,10,9.7,Mittel-Gründau,Hessen                                  ,67.7
3307,10,8.2,Mittenwald-Buckelwiesen,Bayern                                  ,81.8
3313,10,9.3,Modautal-Neunkirchen,Hessen                                  ,93.5
3317,10,9.1,Mölln,Schleswig-Holstein                      ,57.1
3319,10,9.7,Röllbach,Bayern                                  ,58.5
3320,10,10.9,Mönchengladbach,Nordrhein-Westfalen                     ,62.7
3340,10,9.3,Montabaur,Rheinland-Pfalz                         ,72.0
3348,10,8.7,Moringen-Lutterbeck,Niedersachsen                           ,67.0
3362,10,9.9,Mühlacker,Baden-Württemberg                       ,69.0
3366,10,8.5,Mühldorf,Bayern                                  ,58.4
3370,10,8.7,Mühlhausen,Thüringen                               ,49.9
3376,10,9.1,Müncheberg,Brandenburg                             ,35.9
3382,10,9.7,München-Bogenhausen,Bayern                                  ,64.9
3383,10,9.5,München-Botanischer Garten,Bayern                                  ,66.8
3385,10,9.3,München-Nymphenburg,Bayern                                  ,66.9
3388,10,9.2,München-Perlach,Bayern                                  ,67.0
3390,10,9.1,München-Riem,Bayern                                  ,66.5
3402,10,7.8,Münsingen-Apfelstetten,Baden-Württemberg                       ,71.8
3404,10,10.3,Münster,Nordrhein-Westfalen                     ,67.0
3425,10,9.0,Murrhardt,Baden-Württemberg                       ,107.6
3426,10,9.4,"Muskau, Bad",Sachsen                                 ,38.8
3432,10,8.9,Nagold,Baden-Württemberg                       ,72.0
3442,10,9.9,"Nauheim, Bad",Hessen                                  ,55.5
3484,10,8.8,Neuburg/Donau (Flugplatz),Bayern                                  ,
3485,10,8.8,Neuburg/Kammel-Langenhaslach,Bayern                                  ,62.0
3486,10,10.0,Neudenau,Baden-Württemberg                       ,76.4
3490,10,10.2,"Neuenahr, Bad-Ahrweiler",Rheinland-Pfalz                         ,49.4
3509,10,8.9,Menz,Brandenburg                             ,43.8
3513,10,6.2,Neuhaus am Rennweg,Thüringen                               ,105.0
3518,10,7.8,Neuhausen ob Eck,Baden-Württemberg                       ,76.5
3519,10,8.2,Neuhausen ob Eck-Unterschwandorf,Baden-Württemberg                       ,71.0
3527,10,8.0,Neukirchen-Hauptschwenda,Hessen                                  ,64.7
3537,10,9.5,Neumünster,Schleswig-Holstein                      ,81.5
3540,10,10.0,Neunkirchen-Seelscheid-Krawinkel,Nordrhein-Westfalen                     ,87.0
3541,10,10.1,Neunkirchen-Seelscheid-Meisenbach,Nordrhein-Westfalen                     ,87.9
3545,10,9.8,Neunkirchen-Wellesweiler,Saarland                                ,81.0
3552,10,9.5,Neuruppin,Brandenburg                             ,39.3
3565,10,9.1,Neustadt/Aisch,Bayern                                  ,57.6
3571,10,8.2,Neustadt am Kulm-Filchendorf,Bayern                                  ,64.5
3575,10,10.7,Neustadt/Weinstraße,Rheinland-Pfalz                         ,54.2
3576,10,10.6,Neustadt/Weinstraße (Heidehof),Rheinland-Pfalz                         ,50.4
3577,10,9.1,Neustrelitz,Mecklenburg-Vorpommern                  ,43.0
3591,10,9.7,Nideggen-Schmidt,Nordrhein-Westfalen                     ,69.0
3595,10,9.2,Niederelbert,Rheinland-Pfalz                         ,76.3
3603,10,8.8,Niederstetten,Baden-Württemberg                       ,
3605,10,8.8,Niederstotzingen,Baden-Württemberg                       ,55.1
3612,10,9.9,Nienburg,Niedersachsen                           ,66.0
3621,10,8.8,Reimlingen,Bayern                                  ,50.3
3623,10,10.8,Nörvenich (Flugplatz),Nordrhein-Westfalen                     ,
3639,10,10.0,Nordholz (Flugplatz),Niedersachsen                           ,
3640,10,10.4,Nordhorn-Blanke,Niedersachsen                           ,72.3
3659,10,8.0,Nürburg,Rheinland-Pfalz                         ,73.0
3660,10,8.6,Nürburg-Barweiler,Rheinland-Pfalz                         ,64.0
3666,10,9.1,Nürnberg-Buchenbuehl,Bayern                                  ,57.9
3667,10,8.3,Nürnberg-Netzstall,Bayern                                  ,60.2
3668,10,9.3,Nürnberg,Bayern                                  ,52.6
3671,10,9.8,Nürtingen,Baden-Württemberg                       ,67.8
3672,10,9.1,Nufringen,Baden-Württemberg                       ,62.6
3679,10,9.1,Kiefersfelden-Gach,Bayern                                  ,77.0
3694,10,6.1,Oberhof,Thüringen                               ,102.0
3702,10,8.9,Münstertal-Obermünstertal,Baden-Württemberg                       ,109.0
3705,10,8.9,Oberndorf/Neckar-Aistaig,Baden-Württemberg                       ,79.0
3722,10,8.8,Oberschleißheim,Bayern                                  ,62.8
3730,10,7.7,Oberstdorf,Bayern                                  ,106.2
3734,10,10.1,Obersulm-Willsbach,Baden-Württemberg                       ,75.5
3735,10,8.9,Obertaufkirchen,Bayern                                  ,61.4
3739,10,7.8,Oberviechtach,Bayern                                  ,62.9
3744,10,8.9,Oberweser-Gieselwerder,Hessen                                  ,72.0
3751,10,8.4,Ochsenhausen-Mittelbuch,Baden-Württemberg                       ,69.6
3752,10,6.4,Ochsenkopf,Bayern                                  ,92.4
3753,10,10.3,Ochtrup,Nordrhein-Westfalen                     ,68.8
3761,10,10.1,Öhringen,Baden-Württemberg                       ,78.1
3776,10,10.6,Offenbach/M. (Stadt),Hessen                                  ,60.0
3777,10,11.0,Offenburg,Baden-Württemberg                       ,79.0
3788,10,8.7,Olbersdorf,Sachsen                                 ,47.1
3790,10,9.9,Oldenburg (A),Niedersachsen                           ,68.3
3791,10,10.0,Oldenburg,Niedersachsen                           ,70.0
3811,10,9.6,Oschatz,Sachsen                                 ,36.0
3815,10,9.9,Osnabrück,Niedersachsen                           ,74.0
3818,10,9.4,Osterburg,Sachsen-Anhalt                          ,
3821,10,9.4,Osterfeld,Sachsen-Anhalt                          ,37.0
3825,10,9.5,Osterhof,Saarland                                ,90.3
3836,10,8.4,Ostheim v.d. Rhön,Bayern                                  ,53.0
3856,10,7.7,Oy-Mittelberg,Bayern                                  ,100.4
3857,10,8.2,Oy-Mittelberg-Petersthal,Bayern                                  ,98.0
3867,10,10.0,Papenburg,Niedersachsen                           ,70.0
3875,10,7.9,Parsberg/Oberpfalz-Eglwang,Bayern                                  ,59.8
3878,10,9.1,Passau-Maierhof,Bayern                                  ,61.7
3879,10,9.1,Passau-Oberhaus,Bayern                                  ,66.6
3883,10,8.2,Pausa-Unterreichenau,Sachsen                                 ,44.1
3897,10,9.8,Pelzerhaken,Schleswig-Holstein                      ,55.0
3903,10,10.5,Perl-Besch,Saarland                                ,75.5
3904,10,10.5,Perl-Nennig,Saarland                                ,76.0
3915,10,9.2,Petkus,Brandenburg                             ,36.0
3922,10,8.7,Pfofeld-Langlau,Bayern                                  ,57.7
3925,10,9.7,Pforzheim-Ispringen,Baden-Württemberg                       ,78.0
3927,10,8.0,Pfullendorf,Baden-Württemberg                       ,60.9
3929,10,10.8,Philippsburg,Baden-Württemberg                       ,71.6
3939,10,8.8,Pirmasens,Rheinland-Pfalz                         ,93.4
3946,10,8.5,Plauen,Sachsen                                 ,41.0
3955,10,9.7,Plön (See),Schleswig-Holstein                      ,64.5
3974,10,8.7,Pommelsbrunn,Bayern                                  ,78.6
3975,10,8.0,Pommelsbrunn-Mittelburg,Bayern                                  ,80.0
3987,10,9.4,Potsdam,Brandenburg                             ,37.1
3988,10,9.4,Potsdam (Säkularstation),Brandenburg                             ,38.0
4005,10,9.0,Prien-Stock,Bayern                                  ,84.0
4018,10,8.7,Puch,Bayern                                  ,67.2
4024,10,9.3,Putbus,Mecklenburg-Vorpommern                  ,55.0
4029,10,10.0,Quakenbrück,Niedersachsen                           ,
4032,10,9.6,Quedlinburg,Sachsen-Anhalt                          ,33.0
4036,10,9.2,Querfurt-Mühle Lodersleben,Sachsen-Anhalt                          ,33.7
4038,10,9.4,Quickborn (Kurzer Kamp),Schleswig-Holstein                      ,74.7
4039,10,9.4,Quickborn,Schleswig-Holstein                      ,75.0
4053,10,9.7,Radolfzell-Markelfingen,Baden-Württemberg                       ,64.0
4063,10,9.9,Rahden-Kleinendorf,Nordrhein-Westfalen                     ,61.0
4066,10,8.9,Raisting,Bayern                                  ,68.0
4077,10,10.8,Rastatt,Baden-Württemberg                       ,87.0
4079,10,9.3,Rastenberg,Thüringen                               ,
4091,10,6.2,Rauschberg bei Ruhpolding,Bayern                                  ,103.2
4094,10,9.2,"Weingarten, Kr. Ravensburg",Baden-Württemberg                       ,67.5
4100,10,10.4,Recklinghausen,Nordrhein-Westfalen                     ,80.8
4104,10,8.7,Regensburg,Bayern                                  ,49.0
4127,10,9.1,Reichshof-Eckenhagen,Nordrhein-Westfalen                     ,108.0
4149,10,7.0,Marienberg-Reitzenhain,Sachsen                                 ,57.0
4152,10,8.2,Remetschwiel,Baden-Württemberg                       ,116.4
4154,10,9.4,Remscheid-Lennep,Nordrhein-Westfalen                     ,132.0
4156,10,9.4,Rendsburg,Schleswig-Holstein                      ,88.8
4160,10,9.2,Renningen-Ihinger Hof,Baden-Württemberg                       ,60.4
4166,10,9.7,Reutlingen-Betzingen,Baden-Württemberg                       ,64.0
4169,10,10.4,Rheinau-Memprechtshofen,Baden-Württemberg                       ,82.4
4174,10,10.3,Rheine-Bentlage,Nordrhein-Westfalen                     ,
4175,10,10.8,Rheinfelden,Baden-Württemberg                       ,89.6
4177,10,10.8,Rheinstetten,Baden-Württemberg                       ,84.0
4189,10,8.7,"Altheim, Kreis Biberach",Baden-Württemberg                       ,55.0
4222,10,8.6,Rodewisch,Sachsen                                 ,53.4
4233,10,8.1,Röhrigshof bei Schlüchtern,Hessen                                  ,87.5
4240,10,9.3,Roetgen,Nordrhein-Westfalen                     ,83.9
4261,10,9.0,Rosenheim,Bayern                                  ,66.7
4271,10,10.2,Rostock-Warnemünde,Mecklenburg-Vorpommern                  ,45.5
4275,10,9.6,Rotenburg (Wümme),Niedersachsen                           ,69.6
4278,10,8.9,Roth bei Nürnberg,Bayern                                  ,59.6
4280,10,8.7,Roth,Bayern                                  ,55.3
4287,10,8.9,Rothenburg ob der Tauber,Bayern                                  ,61.6
4288,10,10.0,"Rothenfelde, Bad",Niedersachsen                           ,73.5
4294,10,9.6,Rottenburg-Kiebingen,Baden-Württemberg                       ,58.0
4300,10,8.5,Rottweil,Baden-Württemberg                       ,67.0
4301,10,10.0,"Kreuznach, Bad",Rheinland-Pfalz                         ,50.8
4318,10,7.8,Ruhpolding,Bayern                                  ,125.4
4320,10,9.4,Ruhwinkel,Schleswig-Holstein                      ,74.2
4323,10,9.2,Ruppertsecken,Rheinland-Pfalz                         ,62.5
4327,10,7.0,Rusel-Irlmoos,Bayern                                  ,109.2
4330,10,9.5,Rutesheim,Baden-Württemberg                       ,59.4
4332,10,9.0,Saalfeld,Thüringen                               ,35.0
4336,10,9.7,Saarbrücken-Ensheim,Saarland                                ,84.4
4339,10,10.7,Saarbrücken-Sankt Johann,Saarland                                ,81.6
4347,10,8.1,"Sachsa, Bad",Niedersachsen                           ,77.5
4349,10,10.2,Sachsenheim,Baden-Württemberg                       ,62.0
4350,10,10.0,"Säckingen, Bad (Bergseestr.)",Baden-Württemberg                       ,101.6
4354,10,8.0,Saldenburg-Entschenreuth,Bayern                                  ,77.0
4364,10,9.8,Salzgitter-Ringelheim,Niedersachsen                           ,52.9
4367,10,9.4,Salzhemmendorf-Lauenstein,Niedersachsen                           ,69.0
4371,10,10.0,"Salzuflen, Bad",Nordrhein-Westfalen                     ,66.8
4373,10,9.4,Salzwedel,Sachsen-Anhalt                          ,42.8
4377,10,8.1,Sandberg,Bayern                                  ,86.5
4386,10,7.3,Sankt Blasien,Baden-Württemberg                       ,153.1
4391,10,9.7,Sankt Michaelisdonn,Schleswig-Holstein                      ,89.8
4396,10,9.3,Sankt Wendel-Hof,Saarland                                ,95.4
4397,10,9.3,Sankt Wendel-Urweiler,Saarland                                ,96.9
4401,10,10.2,"Sassendorf, Bad-Ostinghausen",Nordrhein-Westfalen                     ,64.5
4411,10,10.1,Schaafheim-Schlierbach,Hessen                                  ,56.4
4419,10,11.0,Schallstadt-Mengen,Baden-Württemberg                       ,69.0
4425,10,9.0,Schaumberg-Tholey,Saarland                                ,105.2
4433,10,8.7,Schemmerhofen-Ingerkingen,Baden-Württemberg                       ,57.2
4436,10,8.6,Schenklengsfeld,Hessen                                  ,54.3
4438,10,9.1,Scheßlitz,Bayern                                  ,60.9
4442,10,9.7,Schieder,Nordrhein-Westfalen                     ,73.1
4445,10,6.3,Wernigerode-Schierke,Sachsen-Anhalt                          ,109.7
4464,10,8.2,Schleiz,Thüringen                               ,47.0
4466,10,9.3,Schleswig,Schleswig-Holstein                      ,94.1
4468,10,9.4,Schleswig-Stadtfeld,Schleswig-Holstein                      ,92.0
4474,10,9.8,Schlossböckelheim,Rheinland-Pfalz                         ,59.1
4479,10,8.4,Schlüchtern-Kloster Gomfritz,Hessen                                  ,82.7
4480,10,9.0,Schlüchtern-Herolz,Hessen                                  ,77.2
4484,10,9.2,Schmalenbeck,Schleswig-Holstein                      ,73.3
4485,10,8.6,"Schmalkalden, Kurort",Thüringen                               ,53.4
4489,10,9.1,Schmatzfeld,Sachsen-Anhalt                          ,42.5
4490,10,9.8,Schmelz-Hüttersdorf,Saarland                                ,95.7
4501,10,5.6,Schmücke,Thüringen                               ,108.3
4505,10,7.2,Schnarrtanne-Vogelsgrün,Sachsen                                 ,66.2
4508,10,7.5,Schneifelforsthaus,Rheinland-Pfalz                         ,109.1
4548,10,7.1,Schönwald/Ofr.-Brunn,Bayern                                  ,59.6
4549,10,7.3,Schönwald/Schwarzwald,Baden-Württemberg                       ,155.0
4557,10,9.5,Schopfheim-Eichen,Baden-Württemberg                       ,104.7
4559,10,8.4,Schorndorf-Knöbling,Bayern                                  ,56.0
4560,10,9.1,Schotten,Hessen                                  ,88.6
4571,10,7.7,Schulenberg,Niedersachsen                           ,99.5
4576,10,8.9,Schwabach (A),Bayern                                  ,54.4
4581,10,9.8,Schwäbisch Gmünd-Strassdorf,Baden-Württemberg                       ,73.0
4582,10,9.4,Schwäbisch Hall-Bibersfeld,Baden-Württemberg                       ,80.0
4584,10,8.9,Schwaigermoos,Bayern                                  ,60.0
4586,10,9.0,"Schwalbach, Bad",Hessen                                  ,68.5
4592,10,8.4,Schwandorf,Bayern                                  ,52.1
4593,10,9.5,Schwanebeck,Sachsen-Anhalt                          ,37.4
4597,10,8.3,Schwangau-Horn,Bayern                                  ,81.4
4605,10,8.6,Schwarzburg,Thüringen                               ,43.0
4606,10,9.5,Schwarze Pumpe,Brandenburg                             ,39.3
4612,10,8.4,Schwarzenberg,Sachsen                                 ,54.6
4621,10,9.3,Schweinfurt-Gartenstadt,Bayern                                  ,51.3
4625,10,9.5,Schwerin,Mecklenburg-Vorpommern                  ,50.6
4629,10,9.4,Schwesing,Schleswig-Holstein                      ,95.5
4642,10,9.2,Seehausen,Sachsen-Anhalt                          ,41.6
4649,10,10.0,Seelscheid,Nordrhein-Westfalen                     ,88.0
4651,10,9.3,Seesen,Niedersachsen                           ,66.2
4656,10,9.2,"Segeberg, Bad",Schleswig-Holstein                      ,71.3
4664,10,7.1,Selb/Oberfranken-Wildenau,Bayern                                  ,57.2
4692,10,9.3,Siegen (Kläranlage),Nordrhein-Westfalen                     ,101.0
4702,10,8.2,Sigmaringen (Flugplatz),Baden-Württemberg                       ,
4703,10,8.1,Sigmaringen-Laiz,Baden-Württemberg                       ,60.4
4704,10,9.6,Sigmarszell-Zeisertsweiler,Bayern                                  ,105.5
4705,10,6.8,Silberhütte,Bayern                                  ,74.3
4706,10,9.1,Simbach/Inn,Bayern                                  ,61.4
4709,10,8.8,Simmern-Wahlbach,Rheinland-Pfalz                         ,58.4
4719,10,10.2,Sinsheim,Baden-Württemberg                       ,72.1
4729,10,8.7,Steinau-Seidenroth,Hessen                                  ,85.0
4741,10,10.0,Solingen-Hohenscheid,Nordrhein-Westfalen                     ,95.4
4745,10,9.0,Soltau,Niedersachsen                           ,67.2
4748,10,9.2,Sondershausen,Thüringen                               ,36.6
4752,10,7.3,Sonneberg-Neufang,Thüringen                               ,88.0
4763,10,8.8,Sontra,Hessen                                  ,56.0
4765,10,9.4,"Sooden-Allendorf, Bad",Hessen                                  ,57.0
4775,10,8.3,Speinshart,Bayern                                  ,60.6
4782,10,9.6,Spören-Prussendorf,Sachsen-Anhalt                          ,34.2
4813,10,8.6,"Staffelstein, Bad-Stublang",Bayern                                  ,61.7
4818,10,7.4,Stammbach-Querenbach,Bayern                                  ,78.2
4837,10,10.5,Stegen,Baden-Württemberg                       ,95.4
4841,10,9.7,"Steinau, Kr. Cuxhaven",Niedersachsen                           ,78.0
4847,10,8.1,Steinberg,Niedersachsen                           ,76.1
4857,10,9.6,Mittelnkirchen-Hohenfelde,Niedersachsen                           ,68.0
4878,10,7.6,Oberharz am Brocken-Stiege,Sachsen-Anhalt                          ,71.9
4881,10,9.0,Stockach,Baden-Württemberg                       ,65.0
4896,10,9.3,Wagersrott,Schleswig-Holstein                      ,78.8
4911,10,8.7,Straubing,Bayern                                  ,54.0
4926,10,11.2,Stuttgart (Neckartal),Baden-Württemberg                       ,54.2
4927,10,10.7,Stuttgart-Stadt,Baden-Württemberg                       ,55.6
4928,10,10.4,Stuttgart (Schnarrenberg),Baden-Württemberg                       ,54.9
4931,10,9.4,Stuttgart-Echterdingen,Baden-Württemberg                       ,58.8
4933,10,9.8,Stuttgart-Hohenheim,Baden-Württemberg                       ,57.0
4939,10,9.5,"Suderode, Bad",Sachsen-Anhalt                          ,
4977,10,9.6,Tangermünde,Sachsen-Anhalt                          ,36.7
4978,10,8.6,Tann/Rhön,Hessen                                  ,61.1
4987,10,9.3,Tauberbischofsheim-Dittigheim,Baden-Württemberg                       ,59.7
4997,10,9.5,Starkenberg-Tegkwitz,Thüringen                               ,38.0
5009,10,9.2,Teterow,Mecklenburg-Vorpommern                  ,41.0
5014,10,9.3,Worpswede-Hüttenbusch,Niedersachsen                           ,68.0
5017,10,7.0,Teuschnitz,Bayern                                  ,83.8
5024,10,9.5,Möckern-Räckendorf,Sachsen-Anhalt                          ,37.5
5029,10,9.6,Tholey,Saarland                                ,99.4
5032,10,9.7,Thüngersheim,Bayern                                  ,56.0
5039,10,9.0,Tiefenort,Thüringen                               ,45.1
5046,10,7.9,Tirschenreuth-Lodermühl,Bayern                                  ,57.0
5047,10,7.2,Titisee-Neustadt-Langenordnach,Baden-Württemberg                       ,113.0
5059,10,7.5,Todtmoos,Baden-Württemberg                       ,176.1
5063,10,8.5,"Tölz, Bad",Bayern                                  ,94.2
5064,10,11.0,Tönisvorst,Nordrhein-Westfalen                     ,66.4
5067,10,7.9,Torfhaus im Solling,Niedersachsen                           ,92.7
5068,10,9.7,Torgau,Sachsen                                 ,35.2
5074,10,9.0,Traunstein-Sparz,Bayern                                  ,93.2
5075,10,9.1,Traunstein-Axdorf,Bayern                                  ,97.2
5078,10,9.8,Travemünde,Schleswig-Holstein                      ,56.6
5088,10,9.8,Trent,Mecklenburg-Vorpommern                  ,53.9
5097,10,9.1,Tribsees,Mecklenburg-Vorpommern                  ,46.3
5099,10,10.6,Trier-Zewen,Rheinland-Pfalz                         ,68.0
5100,10,10.1,Trier-Petrisberg,Rheinland-Pfalz                         ,72.2
5105,10,7.9,Trochtelfingen,Baden-Württemberg                       ,74.8
5107,10,7.6,Trochtelfingen-Wilsingen,Baden-Württemberg                       ,72.0
5109,10,9.1,Trollenhagen,Mecklenburg-Vorpommern                  ,40.9
5111,10,9.0,Trostberg,Bayern                                  ,67.6
5120,10,9.8,Tübingen,Baden-Württemberg                       ,
5127,10,8.2,Tuttlingen,Baden-Württemberg                       ,72.5
5128,10,8.3,Tuttlingen-Möhringen-Vorstadt,Baden-Württemberg                       ,70.1
5133,10,8.8,Twistetal-Mühlhausen,Hessen                                  ,52.2
5138,10,9.6,Überlingen/Bodensee,Baden-Württemberg                       ,67.0
5142,10,9.5,Ueckermünde,Mecklenburg-Vorpommern                  ,38.9
5146,10,9.3,Uelzen,Niedersachsen                           ,54.0
5149,10,9.2,Gollhofen,Bayern                                  ,58.0
5155,10,8.7,Ulm,Baden-Württemberg                       ,58.0
5158,10,9.4,Ummendorf,Sachsen-Anhalt                          ,34.0
5165,10,8.9,Unterlüß,Niedersachsen                           ,62.6
5185,10,9.2,Uttenreuth,Bayern                                  ,67.9
5229,10,8.0,Villingen-Schwenningen,Baden-Württemberg                       ,75.8
5236,10,9.7,Visbek,Niedersachsen                           ,74.9
5244,10,10.7,Völklingen-Stadt,Saarland                                ,73.5
5250,10,10.9,Vogtsburg-Oberrotweil,Baden-Württemberg                       ,
5252,10,9.7,Voldagsen,Niedersachsen                           ,65.7
5267,10,9.7,Wackersleben,Sachsen-Anhalt                          ,40.5
5275,10,10.7,Waghäusel-Kirrlach,Baden-Württemberg                       ,66.9
5277,10,8.6,Wahlen,Hessen                                  ,
5279,10,9.2,Wesertal-Lippoldsberg,Hessen                                  ,62.8
5280,10,9.2,Wittenborn,Schleswig-Holstein                      ,75.9
5282,10,9.8,Wahnsdorf bei Dresden,Sachsen                                 ,41.8
5284,10,10.3,Waiblingen,Baden-Württemberg                       ,68.3
5291,10,7.0,Waldau-Jostal,Baden-Württemberg                       ,132.9
5296,10,8.5,Waldeck,Hessen                                  ,51.5
5300,10,9.2,Waldems-Reinborn,Hessen                                  ,66.7
5306,10,6.9,Waldhäuser (National Park),Bayern                                  ,92.4
5317,10,7.6,Waldsassen,Bayern                                  ,51.8
5320,10,9.6,Waldshut,Baden-Württemberg                       ,105.8
5335,10,8.6,Waltershausen,Thüringen                               ,58.0
5344,10,10.7,Wangerooge,Niedersachsen                           ,87.9
5347,10,9.1,Warburg,Nordrhein-Westfalen                     ,56.0
5349,10,9.2,Waren (Müritz),Mecklenburg-Vorpommern                  ,42.0
5361,10,8.9,Wartenberg-Angersbach,Hessen                                  ,61.6
5369,10,9.0,Wasserburg,Bayern                                  ,69.2
5371,10,6.1,Wasserkuppe,Hessen                                  ,94.3
5377,10,4.4,Watzmannhaus,Bayern                                  ,163.6
5397,10,8.3,Weiden,Bayern                                  ,54.4
5398,10,8.6,"Weidenbach, Kr.Ansbach",Bayern                                  ,60.3
5403,10,9.3,Weigenheim-Reusch,Bayern                                  ,53.1
5404,10,8.4,Weihenstephan-Dürnast,Bayern                                  ,58.5
5410,10,9.4,Weilburg (Kläranlage),Hessen                                  ,64.5
5419,10,9.3,Weimar,Thüringen                               ,38.0
5424,10,8.9,Weimar-Schöndorf,Thüringen                               ,38.1
5426,10,9.0,Weinbiet,Rheinland-Pfalz                         ,52.6
5429,10,10.2,Weinsberg,Baden-Württemberg                       ,65.1
5431,10,9.3,Weisen bei Wittenberge,Sachsen-Anhalt                          ,45.7
5433,10,9.8,Weiskirchen/Saar,Saarland                                ,120.7
5434,10,8.5,Weismain,Bayern                                  ,68.0
5435,10,9.5,Weissach,Baden-Württemberg                       ,62.2
5440,10,8.9,Weißenburg-Emetzheim,Bayern                                  ,53.6
5442,10,10.0,Weißenfels,Sachsen-Anhalt                          ,29.0
5445,10,9.3,Weißensee-Ottenhausen,Thüringen                               ,30.7
5453,10,10.8,Weisweil-Waldeckhof,Baden-Württemberg                       ,65.0
5460,10,8.5,Wellendingen,Baden-Württemberg                       ,71.0
5463,10,9.3,Wellmitz,Brandenburg                             ,36.1
5467,10,4.7,Wendelstein,Bayern                                  ,87.7
5480,10,10.3,Werl,Nordrhein-Westfalen                     ,66.0
5488,10,9.1,"Mühlhausen, Kr. Schweinfurt",Bayern                                  ,53.3
5490,10,9.2,Wernigerode,Sachsen-Anhalt                          ,42.0
5498,10,9.9,Wertheim-Eichel,Baden-Württemberg                       ,60.9
5514,10,10.4,Westerland,Schleswig-Holstein                      ,96.6
5516,10,10.2,Fehmarn,Schleswig-Holstein                      ,51.0
5538,10,9.0,Wielenbach (Demollstr.),Bayern                                  ,66.0
5540,10,10.5,Wiesbaden (Süd),Hessen                                  ,58.6
5541,10,9.4,Wiesbaden-Auringen,Hessen                                  ,68.0
5543,10,9.6,Wiesbaden-Dotzheim,Hessen                                  ,65.2
5546,10,9.2,Wiesenburg,Brandenburg                             ,41.0
5559,10,8.6,"Wildbad, Bad-Calmbach",Baden-Württemberg                       ,93.0
5562,10,8.5,Neubulach-Oberhaugstett,Baden-Württemberg                       ,77.9
5568,10,8.7,"Wildungen, Bad",Hessen                                  ,53.6
5575,10,10.2,Wilhelmshaven,Niedersachsen                           ,81.9
5582,10,7.7,Willingen/Upland,Hessen                                  ,94.0
5609,10,9.9,"Winterbach, Rems-Murr-Kreis",Baden-Württemberg                       ,67.3
5610,10,7.1,Winterberg,Nordrhein-Westfalen                     ,113.3
5624,10,9.7,Wismar,Mecklenburg-Vorpommern                  ,48.8
5629,10,9.6,Wittenberg,Sachsen-Anhalt                          ,35.3
5640,10,10.1,Wittmundhafen,Niedersachsen                           ,
5642,10,9.0,Wittstock,Brandenburg                             ,
5643,10,9.0,Wittstock-Rote Mühle,Brandenburg                             ,44.8
5644,10,9.6,Witzenhausen,Hessen                                  ,54.5
5654,10,8.6,Wörnitz-Bottenweiler,Bayern                                  ,72.0
5663,10,8.8,Woldegk,Mecklenburg-Vorpommern                  ,38.9
5664,10,9.8,Wolfach,Baden-Württemberg                       ,106.5
5675,10,9.8,Wolfsburg,Niedersachsen                           ,42.6
5676,10,9.7,Wolfsburg (Südwest),Niedersachsen                           ,49.4
5681,10,9.9,Wolfstein/Pfalz,Rheinland-Pfalz                         ,70.1
5688,10,7.2,Dachsberg-Wolpadingen,Baden-Württemberg                       ,148.7
5692,10,10.4,Worms,Rheinland-Pfalz                         ,50.2
5703,10,9.8,Würzburg/Main,Bayern                                  ,54.7
5705,10,9.6,Würzburg,Bayern                                  ,50.9
5707,10,9.9,Würzburg (Physikalisches-Institut),Bayern                                  ,52.8
5715,10,10.0,Wunstorf,Niedersachsen                           ,55.1
5717,10,10.4,Wuppertal-Buchenhofen,Nordrhein-Westfalen                     ,100.1
5719,10,9.9,Remscheid,Nordrhein-Westfalen                     ,114.0
5728,10,9.5,Wustrau-Ziethenhorst,Brandenburg                             ,38.1
5731,10,9.4,Wutöschingen-Ofteringen,Baden-Württemberg                       ,88.0
5732,10,10.3,Wrixum/Föhr,Schleswig-Holstein                      ,102.7
5745,10,8.8,Zehdenick,Brandenburg                             ,36.9
5750,10,9.8,Zeitz,Sachsen-Anhalt                          ,34.9
5761,10,9.8,Zerbst,Sachsen-Anhalt                          ,36.0
5778,10,9.4,Zinnowitz,Mecklenburg-Vorpommern                  ,46.9
5779,10,5.4,Zinnwald-Georgenfeld,Sachsen                                 ,67.2
5792,10,-2.1,Zugspitze,Bayern                                  ,113.7
5797,10,8.9,Lichtentanne,Sachsen                                 ,46.0
5800,10,7.3,Zwiesel,Bayern                                  ,84.0
5802,10,7.3,Zwieselberg,Bayern                                  ,75.1
5821,10,9.7,Bassum (A),Niedersachsen                           ,59.9
5822,10,9.7,Bassum,Niedersachsen                           ,63.0
5825,10,9.5,Berge,Brandenburg                             ,35.1
5832,10,9.4,Dannenberg,Niedersachsen                           ,46.5
5839,10,10.2,Emden,Niedersachsen                           ,77.0
5856,10,8.6,Fürstenzell,Bayern                                  ,66.0
5871,10,8.6,Hahn,Rheinland-Pfalz                         ,76.0
5885,10,9.9,Kirchheim/Teck-Ötlingen,Baden-Württemberg                       ,65.6
5890,10,8.0,"Kohlgrub, Bad (A)",Bayern                                  ,84.5
5898,10,10.4,Ludwigsburg,Baden-Württemberg                       ,
5904,10,8.8,Mainburg,Bayern                                  ,58.5
5906,10,10.7,Mannheim,Baden-Württemberg                       ,56.4
5912,10,9.1,Malsfeld,Hessen                                  ,56.8
5920,10,10.5,Neuwied,Rheinland-Pfalz                         ,48.1
5930,10,9.8,Schönhagen (Ostseebad),Schleswig-Holstein                      ,76.0
5941,10,7.6,Reit im Winkl,Bayern                                  ,103.5
5971,10,8.9,Welzheim (A),Baden-Württemberg                       ,92.5
6086,10,9.4,Melchow-Schönholz,Brandenburg                             ,37.2
6093,10,9.4,Wendisch Evern,Niedersachsen                           ,55.0
6095,10,9.2,Taubenheim-Seeligstadt,Sachsen                                 ,46.7
6105,10,9.4,Ostenfeld (Rendsburg),Schleswig-Holstein                      ,85.0
6109,10,9.1,Grambow-Schwennenz,Mecklenburg-Vorpommern                  ,36.0
6110,10,9.2,Medow-Wussentin,Mecklenburg-Vorpommern                  ,41.0
6129,10,8.7,Sohland/Spree,Sachsen                                 ,50.0
6157,10,10.3,Wangerland-Hooksiel,Niedersachsen                           ,82.0
6158,10,8.5,Weidenbach-Weiherschneidbach,Bayern                                  ,63.0
6159,10,10.0,Dörpen,Niedersachsen                           ,72.1
6163,10,9.6,Dörnick,Schleswig-Holstein                      ,67.0
6170,10,9.4,Coschen,Brandenburg                             ,36.0
6182,10,8.8,Mallersdorf-Pfaffenberg,Bayern                                  ,54.0
6184,10,10.2,Wilhelmshaven (Flugplatz),Niedersachsen                           ,
6186,10,9.5,Nastätten,Rheinland-Pfalz                         ,59.0
6196,10,7.4,Selb-Spielberg,Bayern                                  ,63.5
6197,10,9.1,Lügde-Paenbruch,Nordrhein-Westfalen                     ,73.0
6199,10,9.2,Steinhagen-Negast,Mecklenburg-Vorpommern                  ,51.0
6217,10,10.7,Saarbrücken-Burbach,Saarland                                ,79.0
6219,10,8.8,Dollnstein-Breitenfurt,Bayern                                  ,56.3
6258,10,9.6,Friedrichshafen-Unterraderach,Baden-Württemberg                       ,74.0
6259,10,8.6,Großerlach-Mannenweiler,Baden-Württemberg                       ,99.0
6260,10,9.1,Ingelfingen-Stachenhausen,Baden-Württemberg                       ,85.0
6262,10,9.5,Schwäbisch Gmünd-Weiler,Baden-Württemberg                       ,77.0
6263,10,9.4,Singen,Baden-Württemberg                       ,65.0
6264,10,8.4,Brilon-Thülen,Nordrhein-Westfalen                     ,79.0
6265,10,9.7,Wusterwitz,Brandenburg                             ,36.0
6266,10,9.6,Huy-Pabstorf,Sachsen-Anhalt                          ,39.0
6272,10,8.7,"Salzungen, Bad-Gräfen-Nitzendorf",Thüringen                               ,52.0
6273,10,9.5,Demker,Sachsen-Anhalt                          ,36.0
6275,10,9.7,Notzingen,Baden-Württemberg                       ,69.0
6304,10,7.9,Pilsach-Litzlohe,Bayern                                  ,76.0
6305,10,9.1,Mühlhausen/Thüringen-Görmar,Thüringen                               ,38.0
6310,10,9.4,Karlshagen,Mecklenburg-Vorpommern                  ,46.0
6312,10,8.9,Markt Erlbach-Mosbach,Bayern                                  ,59.0
6314,10,9.2,Nossen,Sachsen                                 ,48.0
6336,10,9.0,Lohr/Main-Halsbach,Bayern                                  ,73.0
6337,10,10.5,Lüdinghausen-Brochtrup,Nordrhein-Westfalen                     ,71.0
6344,10,9.8,Runkel-Ennerich,Hessen                                  ,56.0
6346,10,8.8,Maisach-Galgen,Bayern                                  ,64.0
6347,10,9.0,Schonungen-Mainberg,Bayern                                  ,59.0
7075,10,8.8,Elsendorf-Horneck,Bayern                                  ,58.0
7099,10,9.4,Liebenburg-Othfresen,Niedersachsen                           ,56.0
7105,10,8.6,Siegsdorf-Höll,Bayern                                  ,104.0
7106,10,9.9,Bielefeld-Deppendorf,Nordrhein-Westfalen                     ,75.0
7135,10,8.8,Aulendorf-Haslach,Baden-Württemberg                       ,62.0
7187,10,9.5,Freudenberg/Main-Boxtal,Baden-Württemberg                       ,62.0
7244,10,8.9,Neuglobsow (HM),Brandenburg                             ,42.9
7298,10,9.5,Hattstedt,Schleswig-Holstein                      ,95.0
7319,10,8.8,Donauwörth-Osterweiler,Bayern                                  ,55.0
7321,10,9.4,Olbersleben,Thüringen                               ,37.0
7325,10,-1.6,,,108.0
7329,10,8.2,Treuen,Sachsen                                 ,53.0
7330,10,9.6,Arnsberg-Neheim,Nordrhein-Westfalen                     ,71.0
7331,10,8.6,Hermaringen-Allewind,Baden-Württemberg                       ,58.0
7341,10,10.5,Offenbach-Wetterpark,Hessen                                  ,61.0
7343,10,6.7,Deutschneudorf-Brüderwiese,Sachsen                                 ,60.0
7350,10,7.4,Prackenbach-Neuhäusl,Bayern                                  ,68.0
7351,10,8.8,Feldberg/Mecklenburg,Mecklenburg-Vorpommern                  ,44.0
7364,10,10.2,Jeßnitz,Sachsen-Anhalt                          ,34.0
7367,10,9.6,Alfeld,Niedersachsen                           ,69.0
7368,10,8.7,Eisenach,Thüringen                               ,55.0
7369,10,8.5,Feuchtwangen-Heilbronn,Bayern                                  ,69.0
7370,10,7.9,Waldmünchen,Bayern                                  ,64.0
7373,10,11.0,Borkum-Flugplatz,Niedersachsen                           ,85.0
7374,10,10.5,Ahaus,Nordrhein-Westfalen                     ,71.0
7389,10,9.2,Heckelberg,Brandenburg                             ,38.0
7393,10,9.6,Hoyerswerda,Sachsen                                 ,40.0
7394,10,7.3,Wunsiedel-Schönbrunn,Bayern                                  ,72.0
7395,10,8.9,Gottfrieding,Bayern                                  ,53.0
7396,10,7.1,Hoherodskopf/Vogelsberg,Hessen                                  ,121.0
7403,10,8.4,Leutkirch-Herlazhofen,Baden-Württemberg                       ,90.4
7410,10,8.6,Neu-Ulrichstein,Hessen                                  ,72.0
7412,10,8.8,Neuhütten/Spessart,Bayern                                  ,89.0
7419,10,8.5,Langenwetzendorf-Göttendorf,Thüringen                               ,44.0
7420,10,9.3,Naumburg/Saale-Kreipitzsch,Sachsen-Anhalt                          ,39.0
7424,10,9.5,Piding,Bayern                                  ,86.0
7427,10,9.4,Padenstedt (Pony-Park),Schleswig-Holstein                      ,80.0
7428,10,8.3,Veilsdorf,Thüringen                               ,63.0
7431,10,8.8,Oberhaching-Laufzorn,Bayern                                  ,69.0
7432,10,9.4,Wittingen-Vorhop,Niedersachsen                           ,52.0
13670,10,11.3,Duisburg-Baerl,Nordrhein-Westfalen                     ,68.0
13674,10,10.0,Waibstadt,Baden-Württemberg                       ,80.0
13675,10,10.0,Hameln-Hastenbeck,Niedersachsen                           ,61.0
13696,10,10.7,Waltrop-Abdinghof,Nordrhein-Westfalen                     ,70.0
13700,10,10.1,Gevelsberg-Oberbröking,Nordrhein-Westfalen                     ,90.0
13710,10,8.8,Landshut-Reithof,Bayern                                  ,61.0
13711,10,9.0,Krölpa-Rockendorf,Thüringen                               ,34.0
13713,10,8.8,Meinerzhagen-Redlendorf,Nordrhein-Westfalen                     ,121.0
13776,10,9.9,Hildesheim-Drispenstedt,Niedersachsen                           ,52.6
13777,10,9.6,Helmstedt-Emmerstedt,Niedersachsen                           ,44.0
13965,10,8.6,Balingen-Bronnhaupten,Baden-Württemberg                       ,72.0
14138,10,9.5,,,36.0
14311,10,8.3,Hersdorf-Weißenseifen,Rheinland-Pfalz                         ,92.3
15000,10,10.6,Aachen-Orsbach,Nordrhein-Westfalen                     ,74.0
15207,10,8.8,Schauenburg-Elgershausen,Hessen                                  ,55.0
15444,10,8.6,Ulm-Mähringen,Baden-Württemberg                       ,63.0
15555,10,8.1,Kaufbeuren-Oberbeuren,Bayern                                  ,79.8
15926,10,8.4,Fronberg (Schwandorf),Bayern                                  ,52.8
15951,10,9.1,Pirmasens (Kläranlage),Rheinland-Pfalz                         ,88.4
15963,10,10.9,St. Tönis,Nordrhein-Westfalen                     ,68.0
15965,10,8.9,"Brückenau, Bad (Elisabethenhof)",Bayern                                  ,74.3
15979,10,9.1,Sargenroth,Rheinland-Pfalz                         ,65.3
16085,10,10.3,Leherheide,Bremen                                  ,72.8
19087,10,7.8,Freyung vorm Wald,Bayern                                  ,79.2
19171,10,9.5,Hasenkrug-Hardebek,Schleswig-Holstein                      ,84.6
19172,10,9.6,Wacken,Schleswig-Holstein                      ,94.3
19580,10,9.3,"Urach, Bad/Erms",Baden-Württemberg                       ,74.2
19607,10,7.2,Cämmerswalde-Rauschenbach,Sachsen                                 ,
19617,10,9.0,Burghaslach,Bayern                                  ,58.4
19647,10,9.9,Eberbach/Neckar,Baden-Württemberg                       ,
19781,10,9.0,Ingolstadt,Bayern                                  ,53.8
1,11,3.7,Aach,Baden-Württemberg                       ,55.5
3,11,6.6,Aachen,Nordrhein-Westfalen                     ,66.1
44,11,5.4,Großenkneten,Niedersachsen                           ,69.7
52,11,5.0,Ahrensburg-Wulfsdorf,Schleswig-Holstein                      ,72.1
61,11,3.4,Aiterhofen,Bayern                                  ,56.9
70,11,2.8,Albstadt-Ebingen,Baden-Württemberg                       ,64.0
71,11,2.8,Albstadt-Badkap,Baden-Württemberg                       ,70.0
72,11,2.6,Albstadt-Onstmettingen,Baden-Württemberg                       ,75.0
73,11,3.5,Aldersbach-Kriestorf,Bayern                                  ,57.9
78,11,5.4,Alfhausen,Niedersachsen                           ,73.5
91,11,4.2,Alsfeld-Eifa,Hessen                                  ,55.7
93,11,4.4,Alsfeld-Reibertenrod,Hessen                                  ,51.1
96,11,4.6,Neuruppin-Alt Ruppin,Brandenburg                             ,48.0
98,11,2.6,Altastenberg,Nordrhein-Westfalen                     ,116.4
116,11,4.7,Altenburg,Thüringen                               ,51.6
125,11,2.9,Altenstadt,Bayern                                  ,
129,11,4.3,Altentreptow,Mecklenburg-Vorpommern                  ,40.1
131,11,4.1,Geringswalde-Altgeringswalde,Sachsen                                 ,67.2
132,11,1.6,Altglashütte,Bayern                                  ,74.1
142,11,3.2,Altomünster-Maisbrunn,Bayern                                  ,62.1
150,11,5.2,Alzey,Rheinland-Pfalz                         ,44.5
151,11,3.2,Amberg-Unterammersricht,Bayern                                  ,54.6
154,11,3.2,Amerang-Pfaffing,Bayern                                  ,76.0
161,11,6.1,Andernach,Rheinland-Pfalz                         ,49.4
164,11,4.1,Angermünde,Brandenburg                             ,38.1
167,11,4.4,Anklam,Mecklenburg-Vorpommern                  ,47.2
169,11,3.0,Annaberg-Buchholz,Sachsen                                 ,73.8
172,11,4.1,Annaturm,Niedersachsen                           ,77.2
174,11,5.0,Annweiler-Bindersbach,Rheinland-Pfalz                         ,82.0
175,11,3.5,Ansbach,Bayern                                  ,56.8
177,11,3.6,Ansbach-Hennenbach,Bayern                                  ,52.6
183,11,5.5,Arkona,Mecklenburg-Vorpommern                  ,48.3
184,11,4.6,Arneburg,Sachsen-Anhalt                          ,43.8
185,11,5.4,Arnis,Schleswig-Holstein                      ,67.0
186,11,5.1,Arnsberg,Nordrhein-Westfalen                     ,95.4
191,11,4.5,Arnstein-Müdesheim,Bayern                                  ,57.0
193,11,4.6,Arolsen-Neu Berich,Hessen                                  ,68.7
198,11,4.5,Artern,Thüringen                               ,37.0
202,11,5.4,Aschaffenburg,Bayern                                  ,57.8
207,11,5.0,Aschersleben,Sachsen-Anhalt                          ,37.8
211,11,4.7,Aßlar Klein-Altenstädten,Hessen                                  ,65.5
217,11,3.4,Attenkam,Bayern                                  ,77.3
221,11,3.4,Au i.d.Hallertau-Günzenhausen,Bayern                                  ,60.6
222,11,3.9,Aue,Sachsen                                 ,68.0
231,11,3.4,Augsburg (Sankt Stephan),Bayern                                  ,57.0
232,11,3.4,Augsburg,Bayern                                  ,52.1
243,11,5.5,Aurich,Niedersachsen                           ,80.7
257,11,5.4,Baden-Baden-Geroldsau,Baden-Württemberg                       ,109.1
259,11,5.5,Müllheim,Baden-Württemberg                       ,64.0
268,11,3.6,Baiersbronn-Obertal,Baden-Württemberg                       ,162.1
273,11,3.7,Baindt,Baden-Württemberg                       ,68.8
282,11,4.0,Bamberg,Bayern                                  ,52.1
283,11,3.9,Bamberg-Altenburg,Bayern                                  ,59.7
284,11,3.8,Bamberg (Sternwarte),Bayern                                  ,59.2
288,11,4.5,Bargischow-Gnevezin,Mecklenburg-Vorpommern                  ,45.5
294,11,5.6,Barsinghausen-Hohenbostel,Niedersachsen                           ,63.0
298,11,4.7,Barth,Mecklenburg-Vorpommern                  ,55.1
303,11,4.6,Baruth,Brandenburg                             ,44.2
314,11,4.7,"Kubschütz, Kr. Bautzen",Sachsen                                 ,51.9
320,11,3.7,Heinersreuth-Vollhof,Bayern                                  ,61.6
326,11,5.8,Beckum-Unterberg,Nordrhein-Westfalen                     ,72.0
327,11,5.3,Bederkesa,Niedersachsen                           ,92.6
330,11,3.9,Oberzent-Beerfelden,Hessen                                  ,91.3
335,11,5.5,Behrensdorf,Schleswig-Holstein                      ,59.8
342,11,5.6,Belm,Niedersachsen                           ,78.0
348,11,6.2,Bendorf,Rheinland-Pfalz                         ,51.9
355,11,5.8,Bensheim,Hessen                                  ,65.7
361,11,3.2,Berchtesgaden (KKst),Bayern                                  ,100.4
365,11,3.3,Berg/Oberpfalz,Bayern                                  ,69.6
368,11,5.0,Bergen,Niedersachsen                           ,
377,11,5.4,"Bergzabern, Bad",Rheinland-Pfalz                         ,71.1
379,11,4.1,"Berka, Bad (Flugplatz)",Thüringen                               ,58.4
386,11,3.6,"Berleburg, Bad",Nordrhein-Westfalen                     ,98.5
390,11,2.7,"Berleburg, Bad-Stünzel",Nordrhein-Westfalen                     ,111.0
395,11,4.5,Berlin-Adlershof,Berlin                                  ,
399,11,5.3,Berlin-Alexanderplatz,Berlin                                  ,47.0
400,11,4.6,Berlin-Buch,Berlin                                  ,45.4
402,11,4.7,Berlin-Dahlem (LFAG),Berlin                                  ,46.8
403,11,4.6,Berlin-Dahlem (FU),Berlin                                  ,46.8
405,11,4.5,Berlin-Friedrichshagen,Berlin                                  ,
407,11,4.7,Berlin-Frohnau,Berlin                                  ,47.7
408,11,5.1,Berlin-Invalidenstraße,Berlin                                  ,
410,11,4.4,Berlin-Kaniswall,Berlin                                  ,45.0
416,11,4.7,Berlin-Lichtenrade,Berlin                                  ,44.5
417,11,4.8,Berlin-Lichterfelde (Süd),Berlin                                  ,46.9
420,11,4.8,Berlin-Marzahn,Berlin                                  ,47.0
422,11,5.1,Berlin-Mitte,Berlin                                  ,43.6
424,11,5.1,Berlin-Ostkreuz,Berlin                                  ,
425,11,4.5,Berlin-Rudow,Berlin                                  ,45.2
427,11,4.4,Berlin Brandenburg,Brandenburg                             ,40.4
429,11,4.8,Berlin-Spandau,Berlin                                  ,47.9
430,11,4.9,Berlin-Tegel,Berlin                                  ,41.9
432,11,4.8,Berlin-Tegeler Fliesstal,Berlin                                  ,46.1
433,11,5.0,Berlin-Tempelhof,Berlin                                  ,45.2
434,11,4.8,Berlin-Treptow,Berlin                                  ,47.0
435,11,4.6,Berlin-Zehlendorf,Berlin                                  ,44.5
445,11,4.9,Bernburg/Saale (Nord),Sachsen-Anhalt                          ,41.0
450,11,6.4,Bernkastel-Kues,Rheinland-Pfalz                         ,53.1
460,11,4.9,Berus,Saarland                                ,80.0
474,11,3.2,Warthausen-Birkenhard,Baden-Württemberg                       ,60.0
480,11,4.0,Biedenkopf-Wallau,Hessen                                  ,77.9
502,11,3.4,Bischbrunn,Bayern                                  ,87.4
524,11,5.3,Bitterfeld,Sachsen-Anhalt                          ,46.3
526,11,4.4,"Blankenburg, Bad",Thüringen                               ,52.9
535,11,4.2,Blankenrath,Rheinland-Pfalz                         ,64.1
550,11,4.0,Bobeck,Thüringen                               ,63.0
553,11,6.3,Bocholt (Marienschule),Nordrhein-Westfalen                     ,70.4
555,11,6.5,Bochum,Nordrhein-Westfalen                     ,74.0
576,11,4.0,Böblingen,Baden-Württemberg                       ,55.5
578,11,3.2,Böhming,Bayern                                  ,65.4
588,11,5.4,Boffzen,Niedersachsen                           ,70.7
591,11,4.8,Boizenburg,Mecklenburg-Vorpommern                  ,52.3
592,11,5.1,Bokel,Schleswig-Holstein                      ,80.3
596,11,5.3,Boltenhagen,Mecklenburg-Vorpommern                  ,45.5
598,11,6.5,Bonn,Nordrhein-Westfalen                     ,51.3
599,11,6.5,Bonn-Friesdorf,Nordrhein-Westfalen                     ,55.4
601,11,6.0,,,
603,11,5.9,Königswinter-Heiderhof,Nordrhein-Westfalen                     ,66.0
606,11,3.3,Boos,Bayern                                  ,64.2
614,11,4.7,Borgentreich-Bühne,Nordrhein-Westfalen                     ,64.1
617,11,6.4,Borken in Westfalen,Nordrhein-Westfalen                     ,80.0
619,11,6.6,Borkum-Süderstraße,Niedersachsen                           ,83.0
642,11,5.8,Brake,Niedersachsen                           ,67.2
643,11,5.8,Brake-Süderfeld,Niedersachsen                           ,66.8
645,11,5.6,Bramsche,Niedersachsen                           ,76.1
648,11,4.9,Brande-Hörnerkirchen,Schleswig-Holstein                      ,79.8
650,11,4.8,Brandenburg-Görden,Brandenburg                             ,45.3
652,11,3.7,Hagenbüchach,Bayern                                  ,56.4
656,11,1.9,Braunlage,Niedersachsen                           ,134.0
660,11,5.3,Braunschweig-Gliesmarode,Niedersachsen                           ,50.2
661,11,5.3,Braunschweig (T.H.),Niedersachsen                           ,50.1
662,11,5.3,Braunschweig,Niedersachsen                           ,50.8
685,11,3.0,Breitsol,Bayern                                  ,99.3
691,11,5.5,Bremen,Bremen                                  ,57.1
699,11,5.5,Bremen-Seefahrtschule,Bremen                                  ,64.0
701,11,5.9,Bremerhaven,Bremen                                  ,69.0
702,11,5.9,Bremerhaven-Speckenbüttel,Bremen                                  ,74.0
703,11,5.4,Bremervörde (A),Niedersachsen                           ,77.4
704,11,5.3,Bremervörde,Niedersachsen                           ,74.0
705,11,5.4,Bremervörde-Niederochtenhausen,Niedersachsen                           ,68.5
706,11,5.6,Eschbach,Baden-Württemberg                       ,49.9
710,11,5.2,Bretten,Baden-Württemberg                       ,67.3
717,11,4.1,Brilon,Nordrhein-Westfalen                     ,104.1
722,11,0.0,Brocken,Sachsen-Anhalt                          ,180.4
727,11,4.6,Brombachtal-Kirch-Brombach,Hessen                                  ,71.7
729,11,2.7,Brotterode,Thüringen                               ,104.6
736,11,4.1,Brücken,Rheinland-Pfalz                         ,101.6
755,11,3.8,"Buchen, Kr. Neckar-Odenwald",Baden-Württemberg                       ,63.3
757,11,4.7,Buchenbach,Baden-Württemberg                       ,100.0
760,11,4.7,Rosengarten-Klecken,Niedersachsen                           ,79.3
766,11,3.8,Büchel (Flugplatz),Rheinland-Pfalz                         ,
769,11,6.0,Bückeburg,Niedersachsen                           ,57.3
771,11,5.2,Büdingen,Hessen                                  ,67.5
772,11,5.8,Bühlertal,Baden-Württemberg                       ,114.8
773,11,4.4,Bühlertal-Obertal,Baden-Württemberg                       ,126.4
793,11,3.7,Buhlenberg,Rheinland-Pfalz                         ,105.6
817,11,4.0,Burgwald-Bottendorf,Hessen                                  ,60.6
840,11,1.0,Carlsfeld,Sachsen                                 ,104.0
848,11,5.3,Celle (Stadt),Niedersachsen                           ,60.6
850,11,5.4,Celle,Niedersachsen                           ,57.1
851,11,3.2,Pemfling-Pitzling,Bayern                                  ,56.0
853,11,3.9,Chemnitz,Sachsen                                 ,58.2
856,11,3.5,Chieming,Bayern                                  ,86.0
863,11,2.7,Clausthal-Zellerfeld,Niedersachsen                           ,128.4
865,11,5.6,Cloppenburg,Niedersachsen                           ,70.4
867,11,3.7,Lautertal-Oberlauter,Bayern                                  ,63.2
876,11,4.2,Collmberg,Sachsen                                 ,58.7
879,11,4.6,Cottbus (Flugplatz),Brandenburg                             ,
880,11,4.6,Cottbus,Brandenburg                             ,46.5
881,11,3.8,Crailsheim-Alexandersreut,Baden-Württemberg                       ,66.9
888,11,4.3,Crimmitschau,Sachsen                                 ,53.9
891,11,6.2,Cuxhaven,Niedersachsen                           ,79.7
896,11,4.8,Dachwig,Thüringen                               ,43.5
917,11,5.3,Darmstadt,Hessen                                  ,63.0
918,11,5.5,Darmstadt (A),Hessen                                  ,56.1
919,11,5.4,Darmstadt-Botanischer Garten,Hessen                                  ,59.9
931,11,3.0,Deggenhausertal-Azenweiler,Baden-Württemberg                       ,81.0
948,11,5.0,Dessau,Sachsen-Anhalt                          ,48.5
953,11,4.4,Deuselbach,Rheinland-Pfalz                         ,68.0
963,11,5.5,Diepholz,Niedersachsen                           ,61.4
964,11,4.1,Dierfeld,Rheinland-Pfalz                         ,79.5
965,11,4.9,Diesbar-Seußlitz,Sachsen                                 ,51.9
970,11,3.5,Dietenhofen,Bayern                                  ,58.0
979,11,4.2,Dillenburg,Hessen                                  ,74.5
982,11,3.5,Dillingen/Donau,Bayern                                  ,56.1
983,11,3.7,Dillingen/Donau-Fristingen,Bayern                                  ,53.5
991,11,3.6,Dippoldiswalde-Reinberg,Sachsen                                 ,65.7
998,11,3.7,Dobel,Baden-Württemberg                       ,136.4
1000,11,5.2,"Doberan, Bad-Heiligendamm",Mecklenburg-Vorpommern                  ,53.4
1001,11,4.4,Doberlug-Kirchhain,Brandenburg                             ,46.3
1003,11,4.4,Döbeln,Sachsen                                 ,57.6
1006,11,4.9,Dömitz,Mecklenburg-Vorpommern                  ,44.2
1018,11,2.8,Donaueschingen,Baden-Württemberg                       ,59.7
1032,11,6.3,Dortmund,Nordrhein-Westfalen                     ,77.8
1047,11,5.0,Dresden (Mitte),Sachsen                                 ,48.9
1048,11,4.4,Dresden-Klotzsche,Sachsen                                 ,56.0
1050,11,5.2,Dresden-Hosterwitz,Sachsen                                 ,55.2
1051,11,5.0,Dresden-Strehlen,Sachsen                                 ,51.0
1052,11,4.6,Möckern-Drewitz,Sachsen-Anhalt                          ,46.0
1066,11,4.7,Duderstadt,Niedersachsen                           ,54.2
1072,11,5.7,"Dürkheim, Bad",Rheinland-Pfalz                         ,45.7
1073,11,5.6,"Dürkheim, Bad (Saline)",Rheinland-Pfalz                         ,47.3
1074,11,5.1,"Dürrenberg, Bad",Sachsen-Anhalt                          ,44.0
1078,11,6.8,Düsseldorf,Nordrhein-Westfalen                     ,68.1
1079,11,6.8,Düsseldorf-Südfriedhof,Nordrhein-Westfalen                     ,70.5
1084,11,7.0,Duisburg-Friemersheim,Nordrhein-Westfalen                     ,70.8
1087,11,7.2,Duisburg-Laar,Nordrhein-Westfalen                     ,68.9
1102,11,5.0,Ebersbach/Fils,Baden-Württemberg                       ,70.4
1103,11,3.1,Ebersberg-Halbing,Bayern                                  ,72.7
1106,11,4.5,Eberswalde,Brandenburg                             ,41.5
1107,11,3.4,Ebrach,Bayern                                  ,70.1
1130,11,5.2,Eggebek,Schleswig-Holstein                      ,77.0
1146,11,3.9,Ehningen,Baden-Württemberg                       ,59.1
1154,11,3.1,Eiberg,Bayern                                  ,68.9
1161,11,3.4,Eichstätt-Landershofen,Bayern                                  ,53.0
1169,11,5.5,Eimeldingen,Baden-Württemberg                       ,58.6
1172,11,5.2,Einbeck,Niedersachsen                           ,54.9
1182,11,4.7,Eisleben-Helfta,Sachsen-Anhalt                          ,42.5
1188,11,2.8,Elgersburg,Thüringen                               ,80.4
1197,11,3.5,Ellwangen-Rindelbach,Baden-Württemberg                       ,65.5
1200,11,5.4,Elpersbüttel,Schleswig-Holstein                      ,81.0
1201,11,6.5,Elsdorf/Erftkreis,Nordrhein-Westfalen                     ,55.2
1204,11,5.7,Elsfleth,Niedersachsen                           ,63.3
1207,11,2.3,"Elster, Bad-Sohl",Sachsen                                 ,63.8
1214,11,4.4,Elzach-Fisnacht,Baden-Württemberg                       ,127.0
1219,11,6.1,Emden-Nesserland,Niedersachsen                           ,76.9
1221,11,6.1,Emden-Wolthusen,Niedersachsen                           ,78.1
1224,11,4.9,Emmendingen-Mundingen,Baden-Württemberg                       ,62.6
1229,11,5.7,"Ems, Bad",Rheinland-Pfalz                         ,66.0
1238,11,5.7,Engelskirchen,Nordrhein-Westfalen                     ,116.8
1239,11,3.4,Engen/Hegau,Baden-Württemberg                       ,52.0
1243,11,3.0,Eningen,Baden-Württemberg                       ,70.9
1246,11,5.9,Ennigerloh-Ostenfelde,Nordrhein-Westfalen                     ,64.6
1254,11,5.2,Eppingen,Baden-Württemberg                       ,67.3
1255,11,5.1,Eppingen-Elsenz,Baden-Württemberg                       ,66.0
1262,11,3.5,München-Flughafen,Bayern                                  ,56.0
1266,11,5.2,Erfde,Schleswig-Holstein                      ,75.1
1270,11,3.9,Erfurt-Weimar,Thüringen                               ,44.0
1275,11,3.4,Ering,Bayern                                  ,59.4
1276,11,4.2,Eriskirch-Mariabrunn,Baden-Württemberg                       ,79.1
1279,11,4.3,Möhrendorf-Kleinseebach,Bayern                                  ,55.0
1280,11,4.3,Erlangen-Bruck,Bayern                                  ,55.3
1287,11,4.4,Eschau-Hobbach,Bayern                                  ,72.8
1292,11,2.8,Eschenbach/Oberpfalz,Bayern                                  ,64.1
1297,11,5.1,Eschwege,Hessen                                  ,54.5
1299,11,6.0,Esens,Niedersachsen                           ,86.3
1300,11,4.3,Eslohe,Nordrhein-Westfalen                     ,116.0
1303,11,6.4,Essen-Bredeney,Nordrhein-Westfalen                     ,84.0
1327,11,6.3,Weilerswist-Lommersum,Nordrhein-Westfalen                     ,46.1
1329,11,5.0,Eutin,Schleswig-Holstein                      ,68.4
1332,11,3.2,"Falkenberg,Kr.Rottal-Inn",Bayern                                  ,58.9
1339,11,4.7,Faßberg,Niedersachsen                           ,
1345,11,3.8,Feldberg,Mecklenburg-Vorpommern                  ,49.0
1346,11,0.5,Feldberg/Schwarzwald,Baden-Württemberg                       ,136.1
1357,11,1.9,Fichtelberg/Oberfranken-Hüttstadl,Bayern                                  ,112.7
1358,11,-0.3,Fichtelberg,Sachsen                                 ,100.4
1374,11,3.5,Fladungen-Heufurt,Bayern                                  ,78.1
1378,11,5.3,Flensburg,Schleswig-Holstein                      ,89.0
1379,11,5.3,Flensburg (Schäferhaus),Schleswig-Holstein                      ,73.4
1380,11,5.5,Flensburg-Mürwik,Schleswig-Holstein                      ,83.1
1392,11,1.7,Flossenbürg,Bayern                                  ,76.0
1403,11,3.8,Frammersbach,Bayern                                  ,90.0
1410,11,4.7,"Frankenhausen, Bad/Kyffhäuser",Thüringen                               ,43.5
1411,11,1.4,Birx/Rhön,Thüringen                               ,97.1
1420,11,5.6,Frankfurt/Main,Hessen                                  ,49.1
1421,11,5.9,Frankfurt/Main (Stadt),Hessen                                  ,52.2
1424,11,5.9,Frankfurt/Main-Westend,Hessen                                  ,53.0
1425,11,6.0,Frankfurt/Main (Feldbergstr.),Hessen                                  ,51.4
1426,11,4.2,Frankfurt/Oder,Brandenburg                             ,43.6
1428,11,4.9,Frankweiler,Rheinland-Pfalz                         ,73.4
1440,11,4.9,Freiamt-Ottoschwanden,Baden-Württemberg                       ,83.6
1441,11,3.8,Freiberg,Sachsen                                 ,70.0
1443,11,5.6,Freiburg,Baden-Württemberg                       ,62.3
1447,11,6.3,Freiburg im Breisgau-Herdern,Baden-Württemberg                       ,69.1
1451,11,5.3,Freiburg/Elbe,Niedersachsen                           ,80.9
1468,11,3.0,Freudenstadt,Baden-Württemberg                       ,155.1
1473,11,3.4,Freystadt-Michelbach,Bayern                                  ,63.1
1488,11,3.2,Friedrichsbrunn,Sachsen-Anhalt                          ,58.6
1490,11,4.2,Friedrichshafen,Baden-Württemberg                       ,74.9
1492,11,3.3,Malsburg-Marzell-Friedrichsheim,Baden-Württemberg                       ,138.1
1503,11,5.6,Friesoythe-Altenoythe,Niedersachsen                           ,64.9
1504,11,4.9,Fritzlar (Flugplatz),Hessen                                  ,49.0
1513,11,2.7,Fuchskauten,Rheinland-Pfalz                         ,115.3
1515,11,3.4,Fürstenfeldbruck,Bayern                                  ,
1522,11,4.1,Fürth/Bayern (A),Bayern                                  ,50.8
1526,11,4.3,Fulda-Horas,Hessen                                  ,54.4
1544,11,4.7,Gardelegen,Sachsen-Anhalt                          ,41.7
1550,11,2.0,Garmisch-Partenkirchen,Bayern                                  ,88.9
1552,11,4.5,Gartz/Oder,Brandenburg                             ,40.0
1568,11,0.6,Gehlberg-Schmücke,Thüringen                               ,133.1
1572,11,6.5,Geilenkirchen (Flugplatz),Nordrhein-Westfalen                     ,
1580,11,5.8,Geisenheim,Hessen                                  ,44.2
1583,11,1.2,Geisingberg,Sachsen                                 ,85.9
1584,11,3.0,Geisingen,Baden-Württemberg                       ,53.0
1586,11,3.4,Traunstein-Geißing,Bayern                                  ,98.0
1587,11,3.0,Gelbelsee,Bayern                                  ,64.0
1590,11,6.5,Geldern-Walbeck,Nordrhein-Westfalen                     ,71.1
1593,11,5.1,Gelnhausen,Hessen                                  ,73.4
1602,11,5.3,Ohlsbach,Baden-Württemberg                       ,75.9
1605,11,4.7,Genthin,Sachsen-Anhalt                          ,43.0
1612,11,4.1,Gera-Leumnitz,Thüringen                               ,53.0
1619,11,5.3,Gernsheim,Hessen                                  ,50.8
1621,11,3.2,Geroda-Platz,Bayern                                  ,78.4
1638,11,5.0,Gießen (Lahntal),Hessen                                  ,59.1
1639,11,4.7,Gießen/Wettenberg,Hessen                                  ,53.5
1645,11,3.7,Gilserberg-Moischeid,Hessen                                  ,61.5
1666,11,5.4,Glücksburg-Meierwik,Schleswig-Holstein                      ,77.0
1667,11,5.2,Glückstadt,Schleswig-Holstein                      ,77.6
1684,11,4.0,Görlitz,Sachsen                                 ,49.2
1689,11,3.3,Gößweinstein,Bayern                                  ,80.6
1691,11,5.1,Göttingen,Niedersachsen                           ,54.1
1694,11,4.4,Goldberg,Mecklenburg-Vorpommern                  ,48.0
1709,11,3.0,"Gottleuba, Bad",Sachsen                                 ,61.1
1721,11,3.2,Gräfenberg-Kasberg,Bayern                                  ,83.0
1735,11,2.6,Grainet-Rehberg,Bayern                                  ,93.0
1757,11,4.7,Greifswald,Mecklenburg-Vorpommern                  ,46.5
1762,11,3.8,Greiz-Dölau,Thüringen                               ,52.3
1766,11,6.0,Münster/Osnabrück,Nordrhein-Westfalen                     ,68.0
1792,11,5.9,Groß Berßen,Niedersachsen                           ,72.0
1803,11,4.4,Groß Lüsewitz,Mecklenburg-Vorpommern                  ,52.0
1833,11,0.1,Grosser Falkenstein,Bayern                                  ,109.2
1834,11,0.9,Grosser Inselsberg,Thüringen                               ,132.3
1844,11,3.5,Feldkirchen-Westerham-Lenzmühle,Bayern                                  ,77.0
1849,11,3.3,Großmehring-Theißing,Bayern                                  ,56.7
1863,11,4.6,Gründau-Breitenborn,Hessen                                  ,79.0
1869,11,4.0,Grünow,Brandenburg                             ,37.0
1875,11,3.8,"Gschwend, Kr. Ostalb",Baden-Württemberg                       ,87.6
1886,11,3.7,Günzburg,Bayern                                  ,50.5
1890,11,4.7,Güstrow-Schabernack,Mecklenburg-Vorpommern                  ,
1891,11,5.9,Rheda-Wiedenbrück-Lintel,Nordrhein-Westfalen                     ,72.4
1892,11,5.9,Gütersloh (Flugplatz),Nordrhein-Westfalen                     ,
1920,11,6.2,Hagen-Fley,Nordrhein-Westfalen                     ,78.7
1957,11,4.9,Halle-Kröllwitz,Sachsen-Anhalt                          ,43.0
1960,11,5.0,Halle (Stadt),Sachsen-Anhalt                          ,41.2
1972,11,5.3,Hamburg-Bergedorf,Hamburg                                 ,62.3
1973,11,5.6,Hamburg-Botanischer Garten,Hamburg                                 ,68.4
1975,11,5.3,Hamburg-Fuhlsbüttel,Hamburg                                 ,69.2
1979,11,5.3,Hamburg-Kirchwerder,Hamburg                                 ,60.0
1981,11,5.5,Hamburg-Neuwiedenthal,Hamburg                                 ,61.0
1986,11,5.3,Hamburg-Reitbrook,Hamburg                                 ,62.3
1990,11,5.3,Hamburg-Wandsbek,Hamburg                                 ,69.7
1993,11,5.7,Hameln,Niedersachsen                           ,61.2
2000,11,5.6,Hanau,Hessen                                  ,54.0
2005,11,4.7,Hankensbüttel,Niedersachsen                           ,62.0
2014,11,5.5,Hannover,Niedersachsen                           ,54.7
2023,11,3.2,Harburg,Bayern                                  ,52.0
2039,11,5.0,"Harzburg, Bad",Niedersachsen                           ,67.7
2044,11,3.6,Harzgerode,Sachsen-Anhalt                          ,50.0
2048,11,5.3,Haseldorf,Schleswig-Holstein                      ,70.9
2053,11,3.3,Hasselfelde,Sachsen-Anhalt                          ,70.4
2069,11,1.6,Hausstein,Bayern                                  ,128.8
2074,11,4.0,Hechingen,Baden-Württemberg                       ,56.0
2078,11,5.3,Weddingstedt,Schleswig-Holstein                      ,85.0
2080,11,6.2,Heidelberg,Baden-Württemberg                       ,62.1
2081,11,4.3,Königstuhl,Baden-Württemberg                       ,91.7
2083,11,6.2,Heidelberg-Grenzhof,Baden-Württemberg                       ,59.6
2092,11,3.7,Heidenrod-Mappershain,Hessen                                  ,71.2
2095,11,5.6,Heilbronn,Baden-Württemberg                       ,58.4
2110,11,6.4,Heinsberg-Schleiden,Nordrhein-Westfalen                     ,59.7
2120,11,4.8,Helmstedt,Niedersachsen                           ,48.0
2122,11,5.3,"Helse, Kr. Dithmarschen",Schleswig-Holstein                      ,79.7
2147,11,5.9,Herford,Nordrhein-Westfalen                     ,72.2
2151,11,4.6,Herleshausen,Hessen                                  ,60.6
2159,11,4.1,Herrenberg,Baden-Württemberg                       ,58.0
2160,11,3.9,Herrenhof,Thüringen                               ,59.2
2166,11,3.6,Herrnhut,Sachsen                                 ,55.5
2167,11,4.4,Niederwörresbach,Rheinland-Pfalz                         ,63.5
2171,11,4.2,"Hersfeld, Bad",Hessen                                  ,59.8
2173,11,6.5,Herten,Nordrhein-Westfalen                     ,79.3
2174,11,4.4,Herzberg,Niedersachsen                           ,81.0
2201,11,5.3,Hiddensee-Vitte,Mecklenburg-Vorpommern                  ,51.0
2206,11,5.8,Hildesheim,Niedersachsen                           ,57.8
2211,11,4.8,Hilgenroth,Rheinland-Pfalz                         ,95.4
2223,11,3.9,Hindfeld,Thüringen                               ,52.2
2225,11,3.1,Hinterhermsdorf,Sachsen                                 ,75.5
2226,11,2.0,Eisfeld-Waffenrod-Hinterrod,Thüringen                               ,93.4
2250,11,2.2,Höllenstein (Kraftwerk),Bayern                                  ,63.5
2252,11,3.9,Bertsdorf-Hörnitz,Sachsen                                 ,55.0
2260,11,2.9,Hof (Stadt),Bayern                                  ,55.6
2261,11,2.5,Hof,Bayern                                  ,61.2
2264,11,4.4,Hofgeismar-Beberbeck,Hessen                                  ,68.1
2268,11,4.0,Hofheim,Bayern                                  ,57.9
2289,11,4.8,Hohennauen,Brandenburg                             ,
2290,11,2.9,Hohenpeißenberg,Bayern                                  ,72.4
2302,11,4.2,Hohlstedt-Kötschau,Thüringen                               ,51.2
2303,11,4.8,Hohn,Schleswig-Holstein                      ,72.3
2306,11,5.5,Hohwacht,Schleswig-Holstein                      ,60.8
2315,11,4.6,Holzdorf (Flugplatz),Brandenburg                             ,
2318,11,4.2,Holzhausen a.d. Haide,Rheinland-Pfalz                         ,59.8
2319,11,2.6,Holzkirchen,Bayern                                  ,100.0
2323,11,5.3,"Bevern, Kr. Holzminden",Niedersachsen                           ,69.0
2324,11,3.3,Holzminden-Silberborn,Niedersachsen                           ,99.1
2327,11,4.3,Homberg/Ohm,Hessen                                  ,65.7
2331,11,5.0,Homburg/Saar,Saarland                                ,76.6
2338,11,6.0,Hopsten (Flugplatz),Nordrhein-Westfalen                     ,
2344,11,2.5,Horlachen,Bayern                                  ,91.7
2354,11,4.5,Hoyerswerda Kr. Bautzen,Sachsen                                 ,48.4
2360,11,3.4,Hüll,Bayern                                  ,66.2
2362,11,4.7,Hümmerich,Rheinland-Pfalz                         ,80.0
2374,11,5.3,Husum,Schleswig-Holstein                      ,79.9
2385,11,4.4,Idar-Oberstein,Rheinland-Pfalz                         ,
2388,11,5.6,Ihringen,Baden-Württemberg                       ,49.0
2396,11,4.3,Ilsenburg,Sachsen-Anhalt                          ,
2406,11,4.9,Ingelfingen,Baden-Württemberg                       ,68.0
2410,11,3.6,Ingolstadt (Flugplatz),Bayern                                  ,
2417,11,2.9,Mittbach,Bayern                                  ,74.1
2422,11,5.2,Iserlohn-Westig,Nordrhein-Westfalen                     ,98.4
2429,11,5.2,Itzehoe,Schleswig-Holstein                      ,81.0
2437,11,5.1,Schleswig-Jagel,Schleswig-Holstein                      ,80.0
2444,11,5.3,Jena (Sternwarte),Thüringen                               ,53.1
2451,11,4.7,Jessen/Elster,Sachsen-Anhalt                          ,45.5
2464,11,5.3,Jork,Niedersachsen                           ,66.1
2474,11,6.5,Jülich (Forsch.-Anlage),Nordrhein-Westfalen                     ,54.5
2475,11,4.5,Jüterbog,Brandenburg                             ,42.0
2477,11,2.1,Jungholz (Kühmoos),Baden-Württemberg                       ,106.1
2480,11,5.5,Kahl/Main,Bayern                                  ,58.8
2483,11,1.6,Kahler Asten,Nordrhein-Westfalen                     ,134.7
2485,11,3.8,Kaisersbach-Cronhütte,Baden-Württemberg                       ,86.0
2486,11,5.0,Kaiserslautern,Rheinland-Pfalz                         ,66.0
2488,11,3.0,Kaisheim-Neuhof,Bayern                                  ,60.0
2494,11,6.5,Kalkar,Nordrhein-Westfalen                     ,
2497,11,4.3,Kall-Sistig,Nordrhein-Westfalen                     ,71.1
2502,11,3.6,"Heiligenstadt, Heilbad-Kalteneber",Thüringen                               ,72.9
2503,11,3.0,Kaltennordheim,Thüringen                               ,78.5
2506,11,4.3,Kamenz,Sachsen                                 ,59.0
2521,11,3.4,Karlshuld,Bayern                                  ,55.9
2522,11,5.6,Karlsruhe,Baden-Württemberg                       ,62.5
2532,11,4.7,Kassel,Hessen                                  ,63.5
2533,11,4.9,Kassel-Harleshausen,Hessen                                  ,64.0
2542,11,2.5,Kaufbeuren,Bayern                                  ,82.9
2543,11,3.2,Kaufering,Bayern                                  ,69.6
2546,11,6.0,Kehl-Odelshofen,Baden-Württemberg                       ,64.0
2559,11,2.9,Kempten,Bayern                                  ,88.5
2564,11,5.2,Kiel-Holtenau,Schleswig-Holstein                      ,70.0
2565,11,5.3,Kiel-Kronshagen,Schleswig-Holstein                      ,73.9
2575,11,3.9,Kirchberg/Jagst-Herboldshausen,Baden-Württemberg                       ,67.3
2578,11,5.1,Kirchdorf/Poel,Mecklenburg-Vorpommern                  ,48.0
2597,11,4.1,"Kissingen, Bad",Bayern                                  ,60.9
2600,11,4.7,Kitzingen,Bayern                                  ,48.4
2601,11,1.9,Kleiner Feldberg/Taunus,Hessen                                  ,93.0
2609,11,4.9,Klein Rönnau,Schleswig-Holstein                      ,73.2
2618,11,1.6,Kleiner Inselsberg,Thüringen                               ,111.0
2621,11,4.7,Kleinmachnow,Brandenburg                             ,46.5
2627,11,4.4,Schipkau-Klettwitz,Brandenburg                             ,52.0
2629,11,6.3,Kleve,Nordrhein-Westfalen                     ,73.3
2638,11,2.5,Klippeneck,Baden-Württemberg                       ,67.0
2641,11,4.8,Klitzschen bei Torgau,Sachsen                                 ,50.0
2654,11,5.3,Knittlingen,Baden-Württemberg                       ,65.2
2657,11,6.2,Koblenz-Horchheim,Rheinland-Pfalz                         ,51.6
2665,11,7.0,Köln-Botanischer Garten,Nordrhein-Westfalen                     ,69.8
2667,11,6.3,Köln/Bonn,Nordrhein-Westfalen                     ,67.0
2680,11,3.8,"Königshofen, Bad",Bayern                                  ,49.1
2689,11,5.1,Königsmoor,Niedersachsen                           ,67.3
2691,11,3.4,Königsmoos-Untermaxfeld,Bayern                                  ,52.7
2700,11,3.4,Kösching,Bayern                                  ,55.7
2701,11,4.8,"Kösen, Bad",Sachsen-Anhalt                          ,46.4
2703,11,3.8,Köterberg,Nordrhein-Westfalen                     ,
2704,11,4.9,Köthen (Anhalt),Sachsen-Anhalt                          ,43.3
2708,11,2.8,"Kohlgrub, Bad (Rosshof)",Bayern                                  ,90.0
2712,11,4.7,Konstanz,Baden-Württemberg                       ,60.0
2717,11,3.8,Korbach-Lengefeld,Hessen                                  ,75.4
2750,11,3.7,Kronach,Bayern                                  ,71.1
2761,11,3.2,Krumbach-Edenhausen,Bayern                                  ,66.9
2770,11,4.9,Kükels,Schleswig-Holstein                      ,75.6
2773,11,3.2,Kümmersbruck,Bayern                                  ,
2775,11,4.8,Künzelsau,Baden-Württemberg                       ,70.1
2780,11,3.7,Kulmbach,Bayern                                  ,
2783,11,3.5,Kumhausen,Bayern                                  ,64.2
2790,11,4.6,Kusel-Fünfbirken,Rheinland-Pfalz                         ,83.1
2794,11,4.5,Kyritz,Brandenburg                             ,44.0
2796,11,4.6,Laage (Flugplatz),Mecklenburg-Vorpommern                  ,
2812,11,5.5,Lahr,Baden-Württemberg                       ,56.8
2814,11,2.5,Merklingen,Baden-Württemberg                       ,82.1
2821,11,4.9,Lamspringe,Niedersachsen                           ,69.0
2829,11,3.2,Landsberg (Flugplatz),Bayern                                  ,
2830,11,3.2,Landsberg/Lech,Bayern                                  ,71.2
2831,11,3.6,Landshut,Bayern                                  ,59.0
2843,11,5.6,,,
2856,11,4.4,Langenlipsdorf,Brandenburg                             ,46.0
2857,11,4.7,"Langensalza, Bad",Thüringen                               ,43.6
2861,11,6.3,Langeoog,Niedersachsen                           ,76.9
2872,11,5.9,Lathen,Niedersachsen                           ,64.8
2878,11,4.8,"Lauchstädt, Bad",Sachsen-Anhalt                          ,36.5
2879,11,4.7,Lauda-Königshofen-Gerlachsheim,Baden-Württemberg                       ,51.9
2886,11,3.3,Laupheim,Baden-Württemberg                       ,
2905,11,3.4,Lechfeld,Bayern                                  ,
2906,11,5.2,Leck (A),Schleswig-Holstein                      ,93.7
2907,11,4.9,Leck,Schleswig-Holstein                      ,84.0
2912,11,5.2,Lehbek,Schleswig-Holstein                      ,68.7
2915,11,1.8,Lehesten/Thüringer Wald,Thüringen                               ,88.5
2920,11,3.3,Leiblfing,Bayern                                  ,53.4
2923,11,2.9,Leinau,Bayern                                  ,77.5
2925,11,3.9,Leinefelde,Thüringen                               ,61.9
2928,11,4.9,Leipzig-Holzhausen,Sachsen                                 ,53.3
2931,11,4.9,Leipzig-Mockau,Sachsen                                 ,51.5
2932,11,4.7,Leipzig/Halle,Sachsen                                 ,43.4
2947,11,4.7,Lennestadt-Theten,Nordrhein-Westfalen                     ,96.9
2949,11,3.3,Lenningen-Schopfloch,Baden-Württemberg                       ,77.8
2950,11,5.1,Lensahn,Schleswig-Holstein                      ,57.6
2951,11,4.8,Lenzen/Elbe,Brandenburg                             ,49.2
2953,11,2.5,Lenzkirch-Ruhbühl,Baden-Württemberg                       ,110.9
2963,11,5.0,Leunawerke,Sachsen-Anhalt                          ,42.6
2968,11,7.1,Köln-Stammheim,Nordrhein-Westfalen                     ,69.0
2985,11,3.7,Lichtenhain-Mittelndorf,Sachsen                                 ,68.0
2996,11,3.9,"Liebenzell, Bad",Baden-Württemberg                       ,71.8
3001,11,5.0,Liliental,Baden-Württemberg                       ,58.9
3004,11,5.3,Limburg/Lahn-Offheim,Hessen                                  ,54.3
3007,11,5.8,Limburgerhof,Rheinland-Pfalz                         ,48.1
3015,11,4.2,Lindenberg,Brandenburg                             ,43.9
3016,11,2.8,Lindenberg/Allgäu,Bayern                                  ,158.4
3017,11,4.9,Lindenfels,Hessen                                  ,95.0
3018,11,4.0,Lindenfels-Winterkasten,Hessen                                  ,104.6
3023,11,6.1,Lingen,Niedersachsen                           ,68.8
3028,11,5.7,"Lippspringe, Bad",Nordrhein-Westfalen                     ,86.9
3031,11,6.2,Lippstadt-Bökenförde,Nordrhein-Westfalen                     ,71.5
3034,11,2.9,"Lobenstein, Bad",Thüringen                               ,76.4
3042,11,4.4,Löhnberg-Obershausen,Hessen                                  ,79.0
3044,11,5.9,Löningen,Niedersachsen                           ,69.0
3045,11,5.7,Löningen-Hagel,Niedersachsen                           ,68.8
3062,11,5.9,Lorch/Rhein,Hessen                                  ,47.3
3076,11,5.8,Ludwigshafen-Mundenheim,Rheinland-Pfalz                         ,45.4
3082,11,4.4,Lübben,Brandenburg                             ,45.3
3083,11,4.4,Lübben-Blumenfelde,Brandenburg                             ,46.0
3085,11,5.0,Lübeck,Schleswig-Holstein                      ,55.1
3086,11,4.8,Lübeck-Blankensee,Schleswig-Holstein                      ,59.0
3088,11,5.1,Lübeck-Werft,Schleswig-Holstein                      ,54.9
3096,11,4.6,Lüdenscheid (Zeppelin-Gymnasium),Nordrhein-Westfalen                     ,114.6
3098,11,4.6,Lüdenscheid,Nordrhein-Westfalen                     ,118.0
3101,11,6.3,Lüdinghausen,Nordrhein-Westfalen                     ,75.7
3103,11,5.2,Lüneburg,Niedersachsen                           ,52.5
3113,11,3.2,Luisenthal/Ohra,Thüringen                               ,87.0
3126,11,5.1,Magdeburg,Sachsen-Anhalt                          ,39.5
3135,11,3.9,Mainhardt-Ziegelbronn,Baden-Württemberg                       ,83.9
3137,11,5.4,Mainz-Lerchenberg (ZDF),Rheinland-Pfalz                         ,48.5
3139,11,3.3,Maisach-Gernlinden,Bayern                                  ,60.8
3147,11,3.4,Mallersdorf-Pfaffenberg-Oberlindhart,Bayern                                  ,50.8
3155,11,4.1,Manderscheid-Sonnenhof,Rheinland-Pfalz                         ,85.0
3158,11,4.3,Manschnow,Brandenburg                             ,33.5
3160,11,4.3,Vatterode-Gräfenstuhl,Sachsen-Anhalt                          ,48.0
3164,11,4.8,"Cölbe, Kr. Marburg-Biedenkopf",Hessen                                  ,57.0
3166,11,2.4,Marienberg,Sachsen                                 ,68.0
3196,11,4.4,Marnitz,Mecklenburg-Vorpommern                  ,52.0
3204,11,3.8,Martinroda,Thüringen                               ,63.9
3211,11,1.5,Mauth-Finsterau,Bayern                                  ,109.8
3212,11,5.3,Mayen,Rheinland-Pfalz                         ,47.6
3222,11,5.9,Meerbeck,Niedersachsen                           ,57.8
3223,11,4.4,Meersburg,Baden-Württemberg                       ,62.5
3226,11,5.1,Aschersleben-Mehringen,Sachsen-Anhalt                          ,41.0
3228,11,3.9,Meinerzhagen (A),Nordrhein-Westfalen                     ,144.9
3231,11,3.0,Meiningen,Thüringen                               ,57.6
3234,11,4.7,Klipphausen-Garsebach,Sachsen                                 ,53.0
3236,11,5.7,Melle,Niedersachsen                           ,69.0
3244,11,3.1,Memmingen,Bayern                                  ,65.4
3245,11,3.0,Memmingen (Flugplatz),Bayern                                  ,
3246,11,5.7,Mendig,Rheinland-Pfalz                         ,
3254,11,6.0,Meppen,Niedersachsen                           ,
3257,11,4.4,"Mergentheim, Bad-Neunkirchen",Baden-Württemberg                       ,58.9
3265,11,3.9,Mespelbrunn,Bayern                                  ,80.7
3268,11,2.1,Meßstetten-Appental,Baden-Württemberg                       ,76.2
3271,11,3.3,Metten,Bayern                                  ,75.8
3278,11,4.6,Metzingen,Baden-Württemberg                       ,61.1
3284,11,4.8,Michelstadt,Hessen                                  ,72.8
3287,11,3.8,Michelstadt-Vielbrunn,Hessen                                  ,81.0
3289,11,3.9,Schmieritz-Weltwitz,Thüringen                               ,53.8
3291,11,5.3,Miltenberg,Bayern                                  ,54.7
3300,11,5.0,Mittel-Gründau,Hessen                                  ,66.3
3307,11,2.7,Mittenwald-Buckelwiesen,Bayern                                  ,87.4
3313,11,4.3,Modautal-Neunkirchen,Hessen                                  ,90.0
3317,11,4.7,Mölln,Schleswig-Holstein                      ,62.0
3319,11,5.0,Röllbach,Bayern                                  ,55.8
3320,11,6.5,Mönchengladbach,Nordrhein-Westfalen                     ,64.1
3340,11,4.8,Montabaur,Rheinland-Pfalz                         ,75.0
3348,11,4.2,Moringen-Lutterbeck,Niedersachsen                           ,77.0
3362,11,5.0,Mühlacker,Baden-Württemberg                       ,63.0
3366,11,3.1,Mühldorf,Bayern                                  ,57.2
3370,11,4.1,Mühlhausen,Thüringen                               ,62.4
3376,11,4.0,Müncheberg,Brandenburg                             ,41.8
3382,11,3.9,München-Bogenhausen,Bayern                                  ,66.0
3383,11,3.9,München-Botanischer Garten,Bayern                                  ,66.6
3385,11,3.8,München-Nymphenburg,Bayern                                  ,66.5
3388,11,3.6,München-Perlach,Bayern                                  ,70.6
3390,11,3.5,München-Riem,Bayern                                  ,68.3
3402,11,2.4,Münsingen-Apfelstetten,Baden-Württemberg                       ,69.6
3404,11,6.1,Münster,Nordrhein-Westfalen                     ,72.4
3425,11,4.1,Murrhardt,Baden-Württemberg                       ,101.5
3426,11,4.3,"Muskau, Bad",Sachsen                                 ,51.6
3432,11,3.8,Nagold,Baden-Württemberg                       ,63.0
3442,11,5.1,"Nauheim, Bad",Hessen                                  ,46.7
3484,11,3.4,Neuburg/Donau (Flugplatz),Bayern                                  ,
3485,11,3.4,Neuburg/Kammel-Langenhaslach,Bayern                                  ,60.0
3486,11,5.1,Neudenau,Baden-Württemberg                       ,66.0
3490,11,6.2,"Neuenahr, Bad-Ahrweiler",Rheinland-Pfalz                         ,50.8
3509,11,4.1,Menz,Brandenburg                             ,46.3
3513,11,1.0,Neuhaus am Rennweg,Thüringen                               ,121.0
3518,11,2.4,Neuhausen ob Eck,Baden-Württemberg                       ,66.3
3519,11,2.8,Neuhausen ob Eck-Unterschwandorf,Baden-Württemberg                       ,63.0
3527,11,3.1,Neukirchen-Hauptschwenda,Hessen                                  ,68.0
3537,11,5.0,Neumünster,Schleswig-Holstein                      ,73.7
3540,11,5.5,Neunkirchen-Seelscheid-Krawinkel,Nordrhein-Westfalen                     ,96.0
3541,11,5.7,Neunkirchen-Seelscheid-Meisenbach,Nordrhein-Westfalen                     ,94.6
3545,11,5.2,Neunkirchen-Wellesweiler,Saarland                                ,79.0
3552,11,4.7,Neuruppin,Brandenburg                             ,41.6
3565,11,4.0,Neustadt/Aisch,Bayern                                  ,56.8
3571,11,3.0,Neustadt am Kulm-Filchendorf,Bayern                                  ,69.9
3575,11,5.8,Neustadt/Weinstraße,Rheinland-Pfalz                         ,51.1
3576,11,5.7,Neustadt/Weinstraße (Heidehof),Rheinland-Pfalz                         ,46.2
3577,11,4.3,Neustrelitz,Mecklenburg-Vorpommern                  ,49.0
3591,11,5.2,Nideggen-Schmidt,Nordrhein-Westfalen                     ,74.0
3595,11,4.7,Niederelbert,Rheinland-Pfalz                         ,83.8
3603,11,3.7,Niederstetten,Baden-Württemberg                       ,
3605,11,3.5,Niederstotzingen,Baden-Württemberg                       ,51.9
3612,11,5.6,Nienburg,Niedersachsen                           ,64.5
3621,11,3.6,Reimlingen,Bayern                                  ,46.1
3623,11,6.4,Nörvenich (Flugplatz),Nordrhein-Westfalen                     ,
3639,11,5.7,Nordholz (Flugplatz),Niedersachsen                           ,
3640,11,6.0,Nordhorn-Blanke,Niedersachsen                           ,72.9
3659,11,3.4,Nürburg,Rheinland-Pfalz                         ,71.9
3660,11,4.2,Nürburg-Barweiler,Rheinland-Pfalz                         ,63.0
3666,11,4.1,Nürnberg-Buchenbuehl,Bayern                                  ,58.4
3667,11,3.4,Nürnberg-Netzstall,Bayern                                  ,60.3
3668,11,4.2,Nürnberg,Bayern                                  ,47.4
3671,11,4.7,Nürtingen,Baden-Württemberg                       ,57.3
3672,11,4.0,Nufringen,Baden-Württemberg                       ,53.1
3679,11,3.3,Kiefersfelden-Gach,Bayern                                  ,92.0
3694,11,1.1,Oberhof,Thüringen                               ,120.8
3702,11,4.0,Münstertal-Obermünstertal,Baden-Württemberg                       ,98.0
3705,11,3.7,Oberndorf/Neckar-Aistaig,Baden-Württemberg                       ,78.0
3722,11,3.3,Oberschleißheim,Bayern                                  ,60.9
3730,11,1.6,Oberstdorf,Bayern                                  ,122.5
3734,11,5.2,Obersulm-Willsbach,Baden-Württemberg                       ,62.7
3735,11,3.4,Obertaufkirchen,Bayern                                  ,61.4
3739,11,2.4,Oberviechtach,Bayern                                  ,59.7
3744,11,4.6,Oberweser-Gieselwerder,Hessen                                  ,90.8
3751,11,2.9,Ochsenhausen-Mittelbuch,Baden-Württemberg                       ,69.2
3752,11,1.1,Ochsenkopf,Bayern                                  ,113.5
3753,11,6.1,Ochtrup,Nordrhein-Westfalen                     ,73.8
3761,11,5.1,Öhringen,Baden-Württemberg                       ,64.4
3776,11,5.9,Offenbach/M. (Stadt),Hessen                                  ,54.0
3777,11,5.9,Offenburg,Baden-Württemberg                       ,67.0
3788,11,3.6,Olbersdorf,Sachsen                                 ,57.8
3790,11,5.7,Oldenburg (A),Niedersachsen                           ,67.7
3791,11,5.7,Oldenburg,Niedersachsen                           ,72.0
3811,11,4.6,Oschatz,Sachsen                                 ,50.9
3815,11,5.9,Osnabrück,Niedersachsen                           ,76.0
3818,11,4.7,Osterburg,Sachsen-Anhalt                          ,
3821,11,4.5,Osterfeld,Sachsen-Anhalt                          ,51.0
3825,11,4.8,Osterhof,Saarland                                ,87.2
3836,11,3.6,Ostheim v.d. Rhön,Bayern                                  ,54.0
3856,11,2.3,Oy-Mittelberg,Bayern                                  ,101.8
3857,11,2.7,Oy-Mittelberg-Petersthal,Bayern                                  ,106.0
3867,11,5.8,Papenburg,Niedersachsen                           ,72.1
3875,11,2.6,Parsberg/Oberpfalz-Eglwang,Bayern                                  ,66.3
3878,11,3.5,Passau-Maierhof,Bayern                                  ,64.6
3879,11,3.4,Passau-Oberhaus,Bayern                                  ,68.8
3883,11,3.2,Pausa-Unterreichenau,Sachsen                                 ,58.0
3897,11,5.4,Pelzerhaken,Schleswig-Holstein                      ,55.0
3903,11,5.9,Perl-Besch,Saarland                                ,65.7
3904,11,6.0,Perl-Nennig,Saarland                                ,67.0
3915,11,4.2,Petkus,Brandenburg                             ,49.4
3922,11,3.6,Pfofeld-Langlau,Bayern                                  ,55.7
3925,11,4.8,Pforzheim-Ispringen,Baden-Württemberg                       ,72.0
3927,11,2.5,Pfullendorf,Baden-Württemberg                       ,56.1
3929,11,5.8,Philippsburg,Baden-Württemberg                       ,59.7
3939,11,4.2,Pirmasens,Rheinland-Pfalz                         ,85.3
3946,11,3.6,Plauen,Sachsen                                 ,47.0
3955,11,5.3,Plön (See),Schleswig-Holstein                      ,59.7
3974,11,3.6,Pommelsbrunn,Bayern                                  ,83.9
3975,11,2.8,Pommelsbrunn-Mittelburg,Bayern                                  ,83.0
3987,11,4.4,Potsdam,Brandenburg                             ,45.7
3988,11,4.4,Potsdam (Säkularstation),Brandenburg                             ,47.6
4005,11,3.3,Prien-Stock,Bayern                                  ,90.4
4018,11,3.2,Puch,Bayern                                  ,69.4
4024,11,4.7,Putbus,Mecklenburg-Vorpommern                  ,56.0
4029,11,5.9,Quakenbrück,Niedersachsen                           ,
4032,11,5.2,Quedlinburg,Sachsen-Anhalt                          ,40.0
4036,11,4.4,Querfurt-Mühle Lodersleben,Sachsen-Anhalt                          ,43.5
4038,11,5.1,Quickborn (Kurzer Kamp),Schleswig-Holstein                      ,76.9
4039,11,5.1,Quickborn,Schleswig-Holstein                      ,76.0
4053,11,4.4,Radolfzell-Markelfingen,Baden-Württemberg                       ,55.0
4063,11,5.7,Rahden-Kleinendorf,Nordrhein-Westfalen                     ,57.6
4066,11,3.3,Raisting,Bayern                                  ,66.6
4077,11,5.9,Rastatt,Baden-Württemberg                       ,79.2
4079,11,4.4,Rastenberg,Thüringen                               ,
4091,11,0.9,Rauschberg bei Ruhpolding,Bayern                                  ,143.7
4094,11,3.9,"Weingarten, Kr. Ravensburg",Baden-Württemberg                       ,72.6
4100,11,6.3,Recklinghausen,Nordrhein-Westfalen                     ,80.9
4104,11,3.3,Regensburg,Bayern                                  ,50.0
4127,11,4.9,Reichshof-Eckenhagen,Nordrhein-Westfalen                     ,124.0
4149,11,1.8,Marienberg-Reitzenhain,Sachsen                                 ,78.0
4152,11,2.9,Remetschwiel,Baden-Württemberg                       ,114.3
4154,11,4.8,Remscheid-Lennep,Nordrhein-Westfalen                     ,147.0
4156,11,5.1,Rendsburg,Schleswig-Holstein                      ,78.9
4160,11,4.1,Renningen-Ihinger Hof,Baden-Württemberg                       ,54.2
4166,11,4.7,Reutlingen-Betzingen,Baden-Württemberg                       ,57.2
4169,11,5.4,Rheinau-Memprechtshofen,Baden-Württemberg                       ,73.0
4174,11,6.1,Rheine-Bentlage,Nordrhein-Westfalen                     ,
4175,11,5.6,Rheinfelden,Baden-Württemberg                       ,80.5
4177,11,5.7,Rheinstetten,Baden-Württemberg                       ,71.0
4189,11,3.4,"Altheim, Kreis Biberach",Baden-Württemberg                       ,48.9
4222,11,3.3,Rodewisch,Sachsen                                 ,67.2
4233,11,3.4,Röhrigshof bei Schlüchtern,Hessen                                  ,93.9
4240,11,4.8,Roetgen,Nordrhein-Westfalen                     ,93.1
4261,11,3.6,Rosenheim,Bayern                                  ,68.5
4271,11,5.6,Rostock-Warnemünde,Mecklenburg-Vorpommern                  ,49.1
4275,11,5.0,Rotenburg (Wümme),Niedersachsen                           ,71.6
4278,11,3.6,Roth bei Nürnberg,Bayern                                  ,58.6
4280,11,3.6,Roth,Bayern                                  ,57.6
4287,11,3.9,Rothenburg ob der Tauber,Bayern                                  ,54.4
4288,11,5.7,"Rothenfelde, Bad",Niedersachsen                           ,80.7
4294,11,4.3,Rottenburg-Kiebingen,Baden-Württemberg                       ,44.0
4300,11,3.3,Rottweil,Baden-Württemberg                       ,60.0
4301,11,5.5,"Kreuznach, Bad",Rheinland-Pfalz                         ,43.0
4318,11,2.1,Ruhpolding,Bayern                                  ,148.4
4320,11,5.1,Ruhwinkel,Schleswig-Holstein                      ,72.5
4323,11,4.2,Ruppertsecken,Rheinland-Pfalz                         ,55.9
4327,11,1.8,Rusel-Irlmoos,Bayern                                  ,119.6
4330,11,4.4,Rutesheim,Baden-Württemberg                       ,54.3
4332,11,4.3,Saalfeld,Thüringen                               ,46.0
4336,11,4.8,Saarbrücken-Ensheim,Saarland                                ,80.3
4339,11,6.0,Saarbrücken-Sankt Johann,Saarland                                ,74.9
4347,11,3.5,"Sachsa, Bad",Niedersachsen                           ,99.2
4349,11,5.2,Sachsenheim,Baden-Württemberg                       ,54.0
4350,11,4.3,"Säckingen, Bad (Bergseestr.)",Baden-Württemberg                       ,88.2
4354,11,2.5,Saldenburg-Entschenreuth,Bayern                                  ,93.5
4364,11,5.3,Salzgitter-Ringelheim,Niedersachsen                           ,58.9
4367,11,5.2,Salzhemmendorf-Lauenstein,Niedersachsen                           ,78.0
4371,11,5.6,"Salzuflen, Bad",Nordrhein-Westfalen                     ,70.0
4373,11,4.9,Salzwedel,Sachsen-Anhalt                          ,47.8
4377,11,2.9,Sandberg,Bayern                                  ,89.0
4386,11,1.9,Sankt Blasien,Baden-Württemberg                       ,138.2
4391,11,5.3,Sankt Michaelisdonn,Schleswig-Holstein                      ,80.1
4396,11,4.5,Sankt Wendel-Hof,Saarland                                ,92.6
4397,11,4.4,Sankt Wendel-Urweiler,Saarland                                ,89.1
4401,11,6.0,"Sassendorf, Bad-Ostinghausen",Nordrhein-Westfalen                     ,69.2
4411,11,5.4,Schaafheim-Schlierbach,Hessen                                  ,51.5
4419,11,5.7,Schallstadt-Mengen,Baden-Württemberg                       ,54.0
4425,11,4.1,Schaumberg-Tholey,Saarland                                ,100.8
4433,11,3.3,Schemmerhofen-Ingerkingen,Baden-Württemberg                       ,51.7
4436,11,4.0,Schenklengsfeld,Hessen                                  ,60.7
4438,11,4.0,Scheßlitz,Bayern                                  ,65.9
4442,11,5.2,Schieder,Nordrhein-Westfalen                     ,76.6
4445,11,2.1,Wernigerode-Schierke,Sachsen-Anhalt                          ,129.7
4464,11,2.9,Schleiz,Thüringen                               ,61.0
4466,11,5.0,Schleswig,Schleswig-Holstein                      ,79.9
4468,11,5.0,Schleswig-Stadtfeld,Schleswig-Holstein                      ,79.8
4474,11,5.1,Schlossböckelheim,Rheinland-Pfalz                         ,50.6
4479,11,3.7,Schlüchtern-Kloster Gomfritz,Hessen                                  ,88.8
4480,11,4.5,Schlüchtern-Herolz,Hessen                                  ,80.7
4484,11,4.9,Schmalenbeck,Schleswig-Holstein                      ,76.0
4485,11,4.1,"Schmalkalden, Kurort",Thüringen                               ,64.5
4489,11,4.9,Schmatzfeld,Sachsen-Anhalt                          ,50.0
4490,11,5.2,Schmelz-Hüttersdorf,Saarland                                ,94.5
4501,11,0.7,Schmücke,Thüringen                               ,123.3
4505,11,2.1,Schnarrtanne-Vogelsgrün,Sachsen                                 ,82.1
4508,11,3.0,Schneifelforsthaus,Rheinland-Pfalz                         ,112.8
4548,11,2.1,Schönwald/Ofr.-Brunn,Bayern                                  ,65.3
4549,11,2.3,Schönwald/Schwarzwald,Baden-Württemberg                       ,158.5
4557,11,4.1,Schopfheim-Eichen,Baden-Württemberg                       ,100.4
4559,11,3.2,Schorndorf-Knöbling,Bayern                                  ,55.0
4560,11,4.4,Schotten,Hessen                                  ,84.3
4571,11,3.2,Schulenberg,Niedersachsen                           ,114.2
4576,11,3.8,Schwabach (A),Bayern                                  ,54.6
4581,11,4.6,Schwäbisch Gmünd-Strassdorf,Baden-Württemberg                       ,71.8
4582,11,4.4,Schwäbisch Hall-Bibersfeld,Baden-Württemberg                       ,71.0
4584,11,3.5,Schwaigermoos,Bayern                                  ,56.9
4586,11,4.3,"Schwalbach, Bad",Hessen                                  ,66.9
4592,11,3.1,Schwandorf,Bayern                                  ,48.0
4593,11,5.0,Schwanebeck,Sachsen-Anhalt                          ,44.5
4597,11,2.9,Schwangau-Horn,Bayern                                  ,80.6
4605,11,4.1,Schwarzburg,Thüringen                               ,54.1
4606,11,4.4,Schwarze Pumpe,Brandenburg                             ,51.1
4612,11,3.7,Schwarzenberg,Sachsen                                 ,71.4
4621,11,4.4,Schweinfurt-Gartenstadt,Bayern                                  ,51.6
4625,11,4.8,Schwerin,Mecklenburg-Vorpommern                  ,51.4
4629,11,5.1,Schwesing,Schleswig-Holstein                      ,79.0
4642,11,4.6,Seehausen,Sachsen-Anhalt                          ,44.7
4649,11,5.6,Seelscheid,Nordrhein-Westfalen                     ,94.9
4651,11,4.8,Seesen,Niedersachsen                           ,71.0
4656,11,4.9,"Segeberg, Bad",Schleswig-Holstein                      ,71.2
4664,11,2.0,Selb/Oberfranken-Wildenau,Bayern                                  ,61.3
4692,11,4.9,Siegen (Kläranlage),Nordrhein-Westfalen                     ,111.5
4702,11,2.7,Sigmaringen (Flugplatz),Baden-Württemberg                       ,
4703,11,2.6,Sigmaringen-Laiz,Baden-Württemberg                       ,53.8
4704,11,3.9,Sigmarszell-Zeisertsweiler,Bayern                                  ,119.8
4705,11,1.4,Silberhütte,Bayern                                  ,78.9
4706,11,3.6,Simbach/Inn,Bayern                                  ,63.1
4709,11,4.0,Simmern-Wahlbach,Rheinland-Pfalz                         ,52.6
4719,11,5.4,Sinsheim,Baden-Württemberg                       ,65.0
4729,11,3.8,Steinau-Seidenroth,Hessen                                  ,84.8
4741,11,5.7,Solingen-Hohenscheid,Nordrhein-Westfalen                     ,100.6
4745,11,4.8,Soltau,Niedersachsen                           ,71.1
4748,11,4.6,Sondershausen,Thüringen                               ,48.6
4752,11,2.1,Sonneberg-Neufang,Thüringen                               ,103.0
4763,11,4.4,Sontra,Hessen                                  ,63.0
4765,11,5.0,"Sooden-Allendorf, Bad",Hessen                                  ,66.0
4775,11,3.2,Speinshart,Bayern                                  ,63.4
4782,11,4.7,Spören-Prussendorf,Sachsen-Anhalt                          ,44.3
4813,11,3.6,"Staffelstein, Bad-Stublang",Bayern                                  ,67.3
4818,11,2.3,Stammbach-Querenbach,Bayern                                  ,85.7
4837,11,5.3,Stegen,Baden-Württemberg                       ,87.6
4841,11,5.4,"Steinau, Kr. Cuxhaven",Niedersachsen                           ,78.5
4847,11,3.4,Steinberg,Niedersachsen                           ,95.6
4857,11,5.3,Mittelnkirchen-Hohenfelde,Niedersachsen                           ,69.0
4878,11,3.1,Oberharz am Brocken-Stiege,Sachsen-Anhalt                          ,79.9
4881,11,3.6,Stockach,Baden-Württemberg                       ,58.0
4896,11,5.1,Wagersrott,Schleswig-Holstein                      ,68.4
4911,11,3.4,Straubing,Bayern                                  ,57.0
4926,11,6.1,Stuttgart (Neckartal),Baden-Württemberg                       ,47.2
4927,11,5.6,Stuttgart-Stadt,Baden-Württemberg                       ,50.0
4928,11,5.2,Stuttgart (Schnarrenberg),Baden-Württemberg                       ,47.8
4931,11,4.3,Stuttgart-Echterdingen,Baden-Württemberg                       ,49.8
4933,11,4.6,Stuttgart-Hohenheim,Baden-Württemberg                       ,48.8
4939,11,5.0,"Suderode, Bad",Sachsen-Anhalt                          ,
4977,11,4.8,Tangermünde,Sachsen-Anhalt                          ,40.0
4978,11,3.9,Tann/Rhön,Hessen                                  ,71.6
4987,11,4.6,Tauberbischofsheim-Dittigheim,Baden-Württemberg                       ,53.6
4997,11,4.6,Starkenberg-Tegkwitz,Thüringen                               ,51.0
5009,11,4.4,Teterow,Mecklenburg-Vorpommern                  ,46.0
5014,11,5.1,Worpswede-Hüttenbusch,Niedersachsen                           ,66.0
5017,11,2.0,Teuschnitz,Bayern                                  ,94.1
5024,11,4.8,Möckern-Räckendorf,Sachsen-Anhalt                          ,43.6
5029,11,4.6,Tholey,Saarland                                ,96.8
5032,11,4.9,Thüngersheim,Bayern                                  ,53.0
5039,11,4.5,Tiefenort,Thüringen                               ,52.8
5046,11,2.6,Tirschenreuth-Lodermühl,Bayern                                  ,59.0
5047,11,2.1,Titisee-Neustadt-Langenordnach,Baden-Württemberg                       ,113.0
5059,11,2.4,Todtmoos,Baden-Württemberg                       ,183.7
5063,11,2.8,"Tölz, Bad",Bayern                                  ,106.0
5064,11,6.7,Tönisvorst,Nordrhein-Westfalen                     ,65.4
5067,11,3.2,Torfhaus im Solling,Niedersachsen                           ,109.5
5068,11,4.7,Torgau,Sachsen                                 ,46.3
5074,11,3.4,Traunstein-Sparz,Bayern                                  ,105.6
5075,11,3.4,Traunstein-Axdorf,Bayern                                  ,107.9
5078,11,5.4,Travemünde,Schleswig-Holstein                      ,56.4
5088,11,5.2,Trent,Mecklenburg-Vorpommern                  ,52.6
5097,11,4.4,Tribsees,Mecklenburg-Vorpommern                  ,51.0
5099,11,6.1,Trier-Zewen,Rheinland-Pfalz                         ,58.0
5100,11,5.3,Trier-Petrisberg,Rheinland-Pfalz                         ,63.3
5105,11,2.6,Trochtelfingen,Baden-Württemberg                       ,69.0
5107,11,2.3,Trochtelfingen-Wilsingen,Baden-Württemberg                       ,65.0
5109,11,4.2,Trollenhagen,Mecklenburg-Vorpommern                  ,44.0
5111,11,3.3,Trostberg,Bayern                                  ,70.7
5120,11,4.5,Tübingen,Baden-Württemberg                       ,
5127,11,2.8,Tuttlingen,Baden-Württemberg                       ,61.6
5128,11,2.9,Tuttlingen-Möhringen-Vorstadt,Baden-Württemberg                       ,59.8
5133,11,4.4,Twistetal-Mühlhausen,Hessen                                  ,63.4
5138,11,4.1,Überlingen/Bodensee,Baden-Württemberg                       ,61.3
5142,11,4.4,Ueckermünde,Mecklenburg-Vorpommern                  ,45.4
5146,11,4.9,Uelzen,Niedersachsen                           ,58.0
5149,11,4.2,Gollhofen,Bayern                                  ,51.0
5155,11,3.1,Ulm,Baden-Württemberg                       ,50.6
5158,11,4.7,Ummendorf,Sachsen-Anhalt                          ,39.0
5165,11,4.4,Unterlüß,Niedersachsen                           ,67.5
5185,11,4.0,Uttenreuth,Bayern                                  ,63.9
5229,11,2.6,Villingen-Schwenningen,Baden-Württemberg                       ,67.5
5236,11,5.4,Visbek,Niedersachsen                           ,73.0
5244,11,5.9,Völklingen-Stadt,Saarland                                ,65.8
5250,11,5.8,Vogtsburg-Oberrotweil,Baden-Württemberg                       ,
5252,11,5.5,Voldagsen,Niedersachsen                           ,70.2
5267,11,5.1,Wackersleben,Sachsen-Anhalt                          ,46.2
5275,11,5.8,Waghäusel-Kirrlach,Baden-Württemberg                       ,58.6
5277,11,3.9,Wahlen,Hessen                                  ,
5279,11,4.9,Wesertal-Lippoldsberg,Hessen                                  ,76.4
5280,11,4.9,Wittenborn,Schleswig-Holstein                      ,77.9
5282,11,4.6,Wahnsdorf bei Dresden,Sachsen                                 ,53.8
5284,11,5.3,Waiblingen,Baden-Württemberg                       ,57.9
5291,11,1.9,Waldau-Jostal,Baden-Württemberg                       ,135.5
5296,11,4.0,Waldeck,Hessen                                  ,56.7
5300,11,4.2,Waldems-Reinborn,Hessen                                  ,59.2
5306,11,1.6,Waldhäuser (National Park),Bayern                                  ,113.2
5317,11,2.5,Waldsassen,Bayern                                  ,56.7
5320,11,4.2,Waldshut,Baden-Württemberg                       ,102.7
5335,11,3.9,Waltershausen,Thüringen                               ,70.0
5344,11,6.3,Wangerooge,Niedersachsen                           ,76.6
5347,11,4.7,Warburg,Nordrhein-Westfalen                     ,66.0
5349,11,4.4,Waren (Müritz),Mecklenburg-Vorpommern                  ,48.0
5361,11,4.2,Wartenberg-Angersbach,Hessen                                  ,57.2
5369,11,3.4,Wasserburg,Bayern                                  ,70.7
5371,11,1.3,Wasserkuppe,Hessen                                  ,97.7
5377,11,-1.2,Watzmannhaus,Bayern                                  ,167.3
5397,11,3.0,Weiden,Bayern                                  ,54.6
5398,11,3.5,"Weidenbach, Kr.Ansbach",Bayern                                  ,54.2
5403,11,4.3,Weigenheim-Reusch,Bayern                                  ,48.7
5404,11,3.1,Weihenstephan-Dürnast,Bayern                                  ,55.3
5410,11,4.9,Weilburg (Kläranlage),Hessen                                  ,67.7
5419,11,4.5,Weimar,Thüringen                               ,49.0
5424,11,4.1,Weimar-Schöndorf,Thüringen                               ,50.8
5426,11,3.8,Weinbiet,Rheinland-Pfalz                         ,51.4
5429,11,5.4,Weinsberg,Baden-Württemberg                       ,56.4
5431,11,4.7,Weisen bei Wittenberge,Sachsen-Anhalt                          ,48.6
5433,11,5.1,Weiskirchen/Saar,Saarland                                ,116.2
5434,11,3.6,Weismain,Bayern                                  ,71.2
5435,11,4.4,Weissach,Baden-Württemberg                       ,61.4
5440,11,3.7,Weißenburg-Emetzheim,Bayern                                  ,49.9
5442,11,4.8,Weißenfels,Sachsen-Anhalt                          ,41.1
5445,11,4.3,Weißensee-Ottenhausen,Thüringen                               ,43.5
5453,11,5.7,Weisweil-Waldeckhof,Baden-Württemberg                       ,53.0
5460,11,3.2,Wellendingen,Baden-Württemberg                       ,63.0
5463,11,4.2,Wellmitz,Brandenburg                             ,44.5
5467,11,-0.5,Wendelstein,Bayern                                  ,129.2
5480,11,6.2,Werl,Nordrhein-Westfalen                     ,71.0
5488,11,4.3,"Mühlhausen, Kr. Schweinfurt",Bayern                                  ,52.8
5490,11,4.9,Wernigerode,Sachsen-Anhalt                          ,52.0
5498,11,5.2,Wertheim-Eichel,Baden-Württemberg                       ,59.1
5514,11,6.1,Westerland,Schleswig-Holstein                      ,82.0
5516,11,5.8,Fehmarn,Schleswig-Holstein                      ,53.0
5538,11,3.4,Wielenbach (Demollstr.),Bayern                                  ,68.0
5540,11,5.8,Wiesbaden (Süd),Hessen                                  ,54.6
5541,11,4.6,Wiesbaden-Auringen,Hessen                                  ,63.0
5543,11,4.8,Wiesbaden-Dotzheim,Hessen                                  ,64.9
5546,11,4.1,Wiesenburg,Brandenburg                             ,50.0
5559,11,3.8,"Wildbad, Bad-Calmbach",Baden-Württemberg                       ,93.0
5562,11,3.5,Neubulach-Oberhaugstett,Baden-Württemberg                       ,71.5
5568,11,4.1,"Wildungen, Bad",Hessen                                  ,56.1
5575,11,6.0,Wilhelmshaven,Niedersachsen                           ,85.8
5582,11,3.3,Willingen/Upland,Hessen                                  ,116.0
5609,11,4.9,"Winterbach, Rems-Murr-Kreis",Baden-Württemberg                       ,62.8
5610,11,2.4,Winterberg,Nordrhein-Westfalen                     ,127.1
5624,11,5.2,Wismar,Mecklenburg-Vorpommern                  ,52.2
5629,11,4.5,Wittenberg,Sachsen-Anhalt                          ,47.8
5640,11,5.9,Wittmundhafen,Niedersachsen                           ,
5642,11,4.2,Wittstock,Brandenburg                             ,
5643,11,4.3,Wittstock-Rote Mühle,Brandenburg                             ,45.7
5644,11,5.1,Witzenhausen,Hessen                                  ,61.9
5654,11,3.1,Wörnitz-Bottenweiler,Bayern                                  ,70.7
5663,11,3.9,Woldegk,Mecklenburg-Vorpommern                  ,48.0
5664,11,4.9,Wolfach,Baden-Württemberg                       ,110.6
5675,11,5.3,Wolfsburg,Niedersachsen                           ,47.5
5676,11,5.2,Wolfsburg (Südwest),Niedersachsen                           ,55.7
5681,11,5.3,Wolfstein/Pfalz,Rheinland-Pfalz                         ,63.7
5688,11,2.1,Dachsberg-Wolpadingen,Baden-Württemberg                       ,141.5
5692,11,5.5,Worms,Rheinland-Pfalz                         ,45.0
5703,11,4.9,Würzburg/Main,Bayern                                  ,52.9
5705,11,4.5,Würzburg,Bayern                                  ,44.6
5707,11,4.9,Würzburg (Physikalisches-Institut),Bayern                                  ,50.2
5715,11,5.6,Wunstorf,Niedersachsen                           ,54.4
5717,11,6.3,Wuppertal-Buchenhofen,Nordrhein-Westfalen                     ,109.6
5719,11,5.6,Remscheid,Nordrhein-Westfalen                     ,125.0
5728,11,4.6,Wustrau-Ziethenhorst,Brandenburg                             ,44.4
5731,11,3.9,Wutöschingen-Ofteringen,Baden-Württemberg                       ,79.0
5732,11,6.0,Wrixum/Föhr,Schleswig-Holstein                      ,89.0
5745,11,4.0,Zehdenick,Brandenburg                             ,42.0
5750,11,4.8,Zeitz,Sachsen-Anhalt                          ,51.3
5761,11,4.9,Zerbst,Sachsen-Anhalt                          ,45.0
5778,11,4.7,Zinnowitz,Mecklenburg-Vorpommern                  ,48.2
5779,11,0.2,Zinnwald-Georgenfeld,Sachsen                                 ,86.4
5792,11,-6.8,Zugspitze,Bayern                                  ,179.0
5797,11,4.0,Lichtentanne,Sachsen                                 ,58.0
5800,11,2.1,Zwiesel,Bayern                                  ,99.0
5802,11,1.9,Zwieselberg,Bayern                                  ,84.8
5821,11,5.5,Bassum (A),Niedersachsen                           ,61.8
5822,11,5.4,Bassum,Niedersachsen                           ,65.0
5825,11,4.6,Berge,Brandenburg                             ,38.6
5832,11,4.9,Dannenberg,Niedersachsen                           ,51.4
5839,11,6.0,Emden,Niedersachsen                           ,78.0
5856,11,2.9,Fürstenzell,Bayern                                  ,70.0
5871,11,3.7,Hahn,Rheinland-Pfalz                         ,72.0
5885,11,4.9,Kirchheim/Teck-Ötlingen,Baden-Württemberg                       ,58.4
5890,11,2.4,"Kohlgrub, Bad (A)",Bayern                                  ,91.9
5898,11,5.3,Ludwigsburg,Baden-Württemberg                       ,
5904,11,3.4,Mainburg,Bayern                                  ,60.9
5906,11,5.7,Mannheim,Baden-Württemberg                       ,53.5
5912,11,4.7,Malsfeld,Hessen                                  ,60.8
5920,11,6.0,Neuwied,Rheinland-Pfalz                         ,52.1
5930,11,5.5,Schönhagen (Ostseebad),Schleswig-Holstein                      ,67.0
5941,11,1.6,Reit im Winkl,Bayern                                  ,127.8
5971,11,3.8,Welzheim (A),Baden-Württemberg                       ,88.1
6086,11,4.4,Melchow-Schönholz,Brandenburg                             ,46.4
6093,11,5.0,Wendisch Evern,Niedersachsen                           ,59.0
6095,11,4.1,Taubenheim-Seeligstadt,Sachsen                                 ,60.4
6105,11,5.1,Ostenfeld (Rendsburg),Schleswig-Holstein                      ,75.0
6109,11,4.0,Grambow-Schwennenz,Mecklenburg-Vorpommern                  ,42.0
6110,11,4.4,Medow-Wussentin,Mecklenburg-Vorpommern                  ,47.0
6129,11,3.6,Sohland/Spree,Sachsen                                 ,67.0
6157,11,6.0,Wangerland-Hooksiel,Niedersachsen                           ,84.0
6158,11,3.3,Weidenbach-Weiherschneidbach,Bayern                                  ,58.0
6159,11,5.8,Dörpen,Niedersachsen                           ,71.4
6163,11,5.2,Dörnick,Schleswig-Holstein                      ,65.0
6170,11,4.3,Coschen,Brandenburg                             ,46.0
6182,11,3.4,Mallersdorf-Pfaffenberg,Bayern                                  ,56.0
6184,11,6.0,Wilhelmshaven (Flugplatz),Niedersachsen                           ,
6186,11,4.9,Nastätten,Rheinland-Pfalz                         ,57.0
6196,11,2.3,Selb-Spielberg,Bayern                                  ,70.0
6197,11,4.5,Lügde-Paenbruch,Nordrhein-Westfalen                     ,83.0
6199,11,4.6,Steinhagen-Negast,Mecklenburg-Vorpommern                  ,56.0
6217,11,6.0,Saarbrücken-Burbach,Saarland                                ,71.0
6219,11,3.5,Dollnstein-Breitenfurt,Bayern                                  ,54.3
6258,11,4.1,Friedrichshafen-Unterraderach,Baden-Württemberg                       ,73.0
6259,11,3.5,Großerlach-Mannenweiler,Baden-Württemberg                       ,91.0
6260,11,4.1,Ingelfingen-Stachenhausen,Baden-Württemberg                       ,75.0
6262,11,4.4,Schwäbisch Gmünd-Weiler,Baden-Württemberg                       ,76.0
6263,11,4.0,Singen,Baden-Württemberg                       ,55.0
6264,11,4.0,Brilon-Thülen,Nordrhein-Westfalen                     ,96.0
6265,11,4.8,Wusterwitz,Brandenburg                             ,43.0
6266,11,5.1,Huy-Pabstorf,Sachsen-Anhalt                          ,46.0
6272,11,4.2,"Salzungen, Bad-Gräfen-Nitzendorf",Thüringen                               ,62.0
6273,11,4.9,Demker,Sachsen-Anhalt                          ,41.0
6275,11,4.7,Notzingen,Baden-Württemberg                       ,64.0
6304,11,2.6,Pilsach-Litzlohe,Bayern                                  ,81.0
6305,11,4.6,Mühlhausen/Thüringen-Görmar,Thüringen                               ,49.0
6310,11,4.7,Karlshagen,Mecklenburg-Vorpommern                  ,49.0
6312,11,3.8,Markt Erlbach-Mosbach,Bayern                                  ,58.0
6314,11,4.1,Nossen,Sachsen                                 ,62.0
6336,11,4.2,Lohr/Main-Halsbach,Bayern                                  ,74.0
6337,11,6.3,Lüdinghausen-Brochtrup,Nordrhein-Westfalen                     ,74.0
6344,11,5.2,Runkel-Ennerich,Hessen                                  ,56.0
6346,11,3.3,Maisach-Galgen,Bayern                                  ,66.0
6347,11,4.0,Schonungen-Mainberg,Bayern                                  ,61.0
7075,11,3.4,Elsendorf-Horneck,Bayern                                  ,58.0
7099,11,5.1,Liebenburg-Othfresen,Niedersachsen                           ,63.0
7105,11,3.1,Siegsdorf-Höll,Bayern                                  ,115.0
7106,11,5.6,Bielefeld-Deppendorf,Nordrhein-Westfalen                     ,79.0
7135,11,3.2,Aulendorf-Haslach,Baden-Württemberg                       ,61.0
7187,11,4.8,Freudenberg/Main-Boxtal,Baden-Württemberg                       ,63.0
7244,11,4.1,Neuglobsow (HM),Brandenburg                             ,45.1
7298,11,5.2,Hattstedt,Schleswig-Holstein                      ,81.0
7319,11,3.5,Donauwörth-Osterweiler,Bayern                                  ,54.0
7321,11,4.7,Olbersleben,Thüringen                               ,46.0
7325,11,-6.6,,,171.0
7329,11,3.2,Treuen,Sachsen                                 ,64.0
7330,11,5.5,Arnsberg-Neheim,Nordrhein-Westfalen                     ,79.0
7331,11,3.4,Hermaringen-Allewind,Baden-Württemberg                       ,58.0
7341,11,5.7,Offenbach-Wetterpark,Hessen                                  ,55.0
7343,11,1.7,Deutschneudorf-Brüderwiese,Sachsen                                 ,84.0
7350,11,2.1,Prackenbach-Neuhäusl,Bayern                                  ,67.0
7351,11,3.8,Feldberg/Mecklenburg,Mecklenburg-Vorpommern                  ,51.0
7364,11,5.2,Jeßnitz,Sachsen-Anhalt                          ,47.0
7367,11,5.2,Alfeld,Niedersachsen                           ,75.0
7368,11,4.0,Eisenach,Thüringen                               ,68.0
7369,11,3.3,Feuchtwangen-Heilbronn,Bayern                                  ,63.0
7370,11,2.5,Waldmünchen,Bayern                                  ,65.0
7373,11,6.8,Borkum-Flugplatz,Niedersachsen                           ,82.0
7374,11,6.2,Ahaus,Nordrhein-Westfalen                     ,76.0
7389,11,4.3,Heckelberg,Brandenburg                             ,48.0
7393,11,4.5,Hoyerswerda,Sachsen                                 ,52.0
7394,11,2.2,Wunsiedel-Schönbrunn,Bayern                                  ,79.0
7395,11,3.5,Gottfrieding,Bayern                                  ,56.0
7396,11,2.0,Hoherodskopf/Vogelsberg,Hessen                                  ,120.0
7403,11,2.7,Leutkirch-Herlazhofen,Baden-Württemberg                       ,99.7
7410,11,3.8,Neu-Ulrichstein,Hessen                                  ,71.0
7412,11,4.0,Neuhütten/Spessart,Bayern                                  ,91.0
7419,11,3.5,Langenwetzendorf-Göttendorf,Thüringen                               ,57.0
7420,11,4.4,Naumburg/Saale-Kreipitzsch,Sachsen-Anhalt                          ,55.0
7424,11,3.8,Piding,Bayern                                  ,102.0
7427,11,5.1,Padenstedt (Pony-Park),Schleswig-Holstein                      ,79.0
7428,11,3.4,Veilsdorf,Thüringen                               ,74.0
7431,11,3.3,Oberhaching-Laufzorn,Bayern                                  ,77.0
7432,11,4.9,Wittingen-Vorhop,Niedersachsen                           ,53.0
13670,11,7.0,Duisburg-Baerl,Nordrhein-Westfalen                     ,71.0
13674,11,5.1,Waibstadt,Baden-Württemberg                       ,74.0
13675,11,5.7,Hameln-Hastenbeck,Niedersachsen                           ,66.0
13696,11,6.5,Waltrop-Abdinghof,Nordrhein-Westfalen                     ,72.0
13700,11,5.8,Gevelsberg-Oberbröking,Nordrhein-Westfalen                     ,96.0
13710,11,3.3,Landshut-Reithof,Bayern                                  ,62.0
13711,11,4.1,Krölpa-Rockendorf,Thüringen                               ,44.0
13713,11,4.4,Meinerzhagen-Redlendorf,Nordrhein-Westfalen                     ,136.0
13776,11,5.6,Hildesheim-Drispenstedt,Niedersachsen                           ,54.2
13777,11,5.0,Helmstedt-Emmerstedt,Niedersachsen                           ,49.0
13965,11,3.4,Balingen-Bronnhaupten,Baden-Württemberg                       ,63.0
14138,11,4.3,,,44.0
14311,11,3.7,Hersdorf-Weißenseifen,Rheinland-Pfalz                         ,93.2
15000,11,6.2,Aachen-Orsbach,Nordrhein-Westfalen                     ,73.0
15207,11,4.2,Schauenburg-Elgershausen,Hessen                                  ,65.0
15444,11,3.2,Ulm-Mähringen,Baden-Württemberg                       ,61.0
15555,11,2.5,Kaufbeuren-Oberbeuren,Bayern                                  ,88.8
15926,11,3.2,Fronberg (Schwandorf),Bayern                                  ,50.1
15951,11,4.6,Pirmasens (Kläranlage),Rheinland-Pfalz                         ,80.6
15963,11,6.6,St. Tönis,Nordrhein-Westfalen                     ,67.4
15965,11,4.1,"Brückenau, Bad (Elisabethenhof)",Bayern                                  ,76.1
15979,11,4.3,Sargenroth,Rheinland-Pfalz                         ,60.0
16085,11,5.9,Leherheide,Bremen                                  ,74.0
19087,11,2.2,Freyung vorm Wald,Bayern                                  ,87.3
19171,11,5.1,Hasenkrug-Hardebek,Schleswig-Holstein                      ,80.4
19172,11,5.1,Wacken,Schleswig-Holstein                      ,88.2
19580,11,4.0,"Urach, Bad/Erms",Baden-Württemberg                       ,71.8
19607,11,2.1,Cämmerswalde-Rauschenbach,Sachsen                                 ,
19617,11,3.8,Burghaslach,Bayern                                  ,59.7
19647,11,5.1,Eberbach/Neckar,Baden-Württemberg                       ,
19781,11,3.5,Ingolstadt,Bayern                                  ,51.5
1,12,0.7,Aach,Baden-Württemberg                       ,60.1
3,12,3.7,Aachen,Nordrhein-Westfalen                     ,75.5
44,12,2.3,Großenkneten,Niedersachsen                           ,74.1
52,12,1.9,Ahrensburg-Wulfsdorf,Schleswig-Holstein                      ,76.6
61,12,-0.2,Aiterhofen,Bayern                                  ,65.0
70,12,0.0,Albstadt-Ebingen,Baden-Württemberg                       ,76.5
71,12,0.0,Albstadt-Badkap,Baden-Württemberg                       ,86.0
72,12,-0.2,Albstadt-Onstmettingen,Baden-Württemberg                       ,85.2
73,12,-0.2,Aldersbach-Kriestorf,Bayern                                  ,66.2
78,12,2.3,Alfhausen,Niedersachsen                           ,82.2
91,12,1.1,Alsfeld-Eifa,Hessen                                  ,55.9
93,12,1.1,Alsfeld-Reibertenrod,Hessen                                  ,54.9
96,12,1.2,Neuruppin-Alt Ruppin,Brandenburg                             ,55.0
98,12,-0.3,Altastenberg,Nordrhein-Westfalen                     ,128.8
116,12,1.2,Altenburg,Thüringen                               ,46.8
125,12,0.0,Altenstadt,Bayern                                  ,
129,12,1.1,Altentreptow,Mecklenburg-Vorpommern                  ,48.4
131,12,0.7,Geringswalde-Altgeringswalde,Sachsen                                 ,65.3
132,12,-1.7,Altglashütte,Bayern                                  ,78.7
142,12,0.1,Altomünster-Maisbrunn,Bayern                                  ,64.7
150,12,2.2,Alzey,Rheinland-Pfalz                         ,48.3
151,12,0.0,Amberg-Unterammersricht,Bayern                                  ,65.4
154,12,-0.3,Amerang-Pfaffing,Bayern                                  ,79.0
161,12,3.1,Andernach,Rheinland-Pfalz                         ,46.7
164,12,0.8,Angermünde,Brandenburg                             ,38.9
167,12,1.2,Anklam,Mecklenburg-Vorpommern                  ,47.0
169,12,-0.3,Annaberg-Buchholz,Sachsen                                 ,74.7
172,12,0.8,Annaturm,Niedersachsen                           ,86.0
174,12,2.1,Annweiler-Bindersbach,Rheinland-Pfalz                         ,102.0
175,12,0.4,Ansbach,Bayern                                  ,64.6
177,12,0.4,Ansbach-Hennenbach,Bayern                                  ,57.0
183,12,2.3,Arkona,Mecklenburg-Vorpommern                  ,43.5
184,12,1.3,Arneburg,Sachsen-Anhalt                          ,44.5
185,12,2.3,Arnis,Schleswig-Holstein                      ,65.6
186,12,2.0,Arnsberg,Nordrhein-Westfalen                     ,100.9
191,12,1.3,Arnstein-Müdesheim,Bayern                                  ,64.0
193,12,1.5,Arolsen-Neu Berich,Hessen                                  ,71.4
198,12,1.0,Artern,Thüringen                               ,38.5
202,12,2.4,Aschaffenburg,Bayern                                  ,59.0
207,12,1.6,Aschersleben,Sachsen-Anhalt                          ,37.4
211,12,1.6,Aßlar Klein-Altenstädten,Hessen                                  ,79.8
217,12,0.3,Attenkam,Bayern                                  ,72.5
221,12,0.1,Au i.d.Hallertau-Günzenhausen,Bayern                                  ,63.8
222,12,0.8,Aue,Sachsen                                 ,65.0
231,12,0.4,Augsburg (Sankt Stephan),Bayern                                  ,62.0
232,12,0.4,Augsburg,Bayern                                  ,53.6
243,12,2.9,Aurich,Niedersachsen                           ,78.1
257,12,2.8,Baden-Baden-Geroldsau,Baden-Württemberg                       ,120.8
259,12,2.9,Müllheim,Baden-Württemberg                       ,82.3
268,12,0.9,Baiersbronn-Obertal,Baden-Württemberg                       ,195.5
273,12,0.8,Baindt,Baden-Württemberg                       ,73.0
282,12,1.0,Bamberg,Bayern                                  ,55.2
283,12,0.7,Bamberg-Altenburg,Bayern                                  ,64.3
284,12,0.7,Bamberg (Sternwarte),Bayern                                  ,63.2
288,12,1.2,Bargischow-Gnevezin,Mecklenburg-Vorpommern                  ,44.7
294,12,2.2,Barsinghausen-Hohenbostel,Niedersachsen                           ,70.0
298,12,1.6,Barth,Mecklenburg-Vorpommern                  ,53.7
303,12,1.2,Baruth,Brandenburg                             ,43.7
314,12,1.1,"Kubschütz, Kr. Bautzen",Sachsen                                 ,51.6
320,12,0.5,Heinersreuth-Vollhof,Bayern                                  ,68.2
326,12,2.8,Beckum-Unterberg,Nordrhein-Westfalen                     ,76.0
327,12,2.2,Bederkesa,Niedersachsen                           ,85.9
330,12,0.8,Oberzent-Beerfelden,Hessen                                  ,115.9
335,12,2.4,Behrensdorf,Schleswig-Holstein                      ,59.1
342,12,2.4,Belm,Niedersachsen                           ,86.0
348,12,3.1,Bendorf,Rheinland-Pfalz                         ,53.0
355,12,2.7,Bensheim,Hessen                                  ,67.9
361,12,-0.5,Berchtesgaden (KKst),Bayern                                  ,102.8
365,12,0.1,Berg/Oberpfalz,Bayern                                  ,81.8
368,12,1.9,Bergen,Niedersachsen                           ,
377,12,2.6,"Bergzabern, Bad",Rheinland-Pfalz                         ,88.4
379,12,0.7,"Berka, Bad (Flugplatz)",Thüringen                               ,51.1
386,12,0.5,"Berleburg, Bad",Nordrhein-Westfalen                     ,116.1
390,12,-0.4,"Berleburg, Bad-Stünzel",Nordrhein-Westfalen                     ,133.0
395,12,1.2,Berlin-Adlershof,Berlin                                  ,
399,12,1.8,Berlin-Alexanderplatz,Berlin                                  ,53.0
400,12,1.3,Berlin-Buch,Berlin                                  ,51.6
402,12,1.4,Berlin-Dahlem (LFAG),Berlin                                  ,52.0
403,12,1.2,Berlin-Dahlem (FU),Berlin                                  ,51.9
405,12,1.1,Berlin-Friedrichshagen,Berlin                                  ,
407,12,1.5,Berlin-Frohnau,Berlin                                  ,52.0
408,12,1.7,Berlin-Invalidenstraße,Berlin                                  ,
410,12,1.1,Berlin-Kaniswall,Berlin                                  ,52.0
416,12,1.3,Berlin-Lichtenrade,Berlin                                  ,49.4
417,12,1.4,Berlin-Lichterfelde (Süd),Berlin                                  ,53.7
420,12,1.4,Berlin-Marzahn,Berlin                                  ,53.0
422,12,1.7,Berlin-Mitte,Berlin                                  ,51.1
424,12,1.7,Berlin-Ostkreuz,Berlin                                  ,
425,12,1.2,Berlin-Rudow,Berlin                                  ,51.5
427,12,1.0,Berlin Brandenburg,Brandenburg                             ,44.4
429,12,1.4,Berlin-Spandau,Berlin                                  ,51.7
430,12,1.6,Berlin-Tegel,Berlin                                  ,45.8
432,12,1.4,Berlin-Tegeler Fliesstal,Berlin                                  ,50.4
433,12,1.6,Berlin-Tempelhof,Berlin                                  ,49.9
434,12,1.5,Berlin-Treptow,Berlin                                  ,55.0
435,12,1.7,Berlin-Zehlendorf,Berlin                                  ,55.5
445,12,1.5,Bernburg/Saale (Nord),Sachsen-Anhalt                          ,40.3
450,12,3.5,Bernkastel-Kues,Rheinland-Pfalz                         ,60.4
460,12,1.9,Berus,Saarland                                ,98.0
474,12,0.2,Warthausen-Birkenhard,Baden-Württemberg                       ,64.0
480,12,1.3,Biedenkopf-Wallau,Hessen                                  ,94.6
502,12,0.7,Bischbrunn,Bayern                                  ,111.0
524,12,1.9,Bitterfeld,Sachsen-Anhalt                          ,47.3
526,12,1.0,"Blankenburg, Bad",Thüringen                               ,43.5
535,12,1.2,Blankenrath,Rheinland-Pfalz                         ,81.8
550,12,0.6,Bobeck,Thüringen                               ,61.0
553,12,3.3,Bocholt (Marienschule),Nordrhein-Westfalen                     ,72.5
555,12,3.4,Bochum,Nordrhein-Westfalen                     ,81.0
576,12,1.1,Böblingen,Baden-Württemberg                       ,62.2
578,12,0.1,Böhming,Bayern                                  ,75.3
588,12,2.1,Boffzen,Niedersachsen                           ,77.2
591,12,1.5,Boizenburg,Mecklenburg-Vorpommern                  ,56.2
592,12,2.0,Bokel,Schleswig-Holstein                      ,82.7
596,12,2.1,Boltenhagen,Mecklenburg-Vorpommern                  ,48.0
598,12,3.5,Bonn,Nordrhein-Westfalen                     ,53.0
599,12,3.6,Bonn-Friesdorf,Nordrhein-Westfalen                     ,53.3
601,12,3.0,,,
603,12,2.8,Königswinter-Heiderhof,Nordrhein-Westfalen                     ,68.0
606,12,0.2,Boos,Bayern                                  ,62.4
614,12,1.7,Borgentreich-Bühne,Nordrhein-Westfalen                     ,71.0
617,12,3.3,Borken in Westfalen,Nordrhein-Westfalen                     ,85.3
619,12,3.6,Borkum-Süderstraße,Niedersachsen                           ,78.6
642,12,2.7,Brake,Niedersachsen                           ,65.3
643,12,2.7,Brake-Süderfeld,Niedersachsen                           ,64.6
645,12,2.5,Bramsche,Niedersachsen                           ,85.1
648,12,2.2,Brande-Hörnerkirchen,Schleswig-Holstein                      ,90.2
650,12,1.5,Brandenburg-Görden,Brandenburg                             ,50.0
652,12,0.6,Hagenbüchach,Bayern                                  ,61.7
656,12,-1.4,Braunlage,Niedersachsen                           ,154.0
660,12,2.0,Braunschweig-Gliesmarode,Niedersachsen                           ,54.5
661,12,2.1,Braunschweig (T.H.),Niedersachsen                           ,54.0
662,12,2.0,Braunschweig,Niedersachsen                           ,53.3
685,12,-0.1,Breitsol,Bayern                                  ,118.3
691,12,2.4,Bremen,Bremen                                  ,58.8
699,12,2.4,Bremen-Seefahrtschule,Bremen                                  ,65.0
701,12,2.7,Bremerhaven,Bremen                                  ,65.1
702,12,2.7,Bremerhaven-Speckenbüttel,Bremen                                  ,69.2
703,12,2.3,Bremervörde (A),Niedersachsen                           ,74.9
704,12,2.3,Bremervörde,Niedersachsen                           ,73.0
705,12,2.3,Bremervörde-Niederochtenhausen,Niedersachsen                           ,69.8
706,12,2.9,Eschbach,Baden-Württemberg                       ,55.0
710,12,2.2,Bretten,Baden-Württemberg                       ,74.9
717,12,1.0,Brilon,Nordrhein-Westfalen                     ,111.1
722,12,-2.5,Brocken,Sachsen-Anhalt                          ,201.6
727,12,1.6,Brombachtal-Kirch-Brombach,Hessen                                  ,87.9
729,12,-0.6,Brotterode,Thüringen                               ,118.1
736,12,1.2,Brücken,Rheinland-Pfalz                         ,127.6
755,12,0.9,"Buchen, Kr. Neckar-Odenwald",Baden-Württemberg                       ,88.4
757,12,2.1,Buchenbach,Baden-Württemberg                       ,119.0
760,12,1.6,Rosengarten-Klecken,Niedersachsen                           ,87.0
766,12,0.9,Büchel (Flugplatz),Rheinland-Pfalz                         ,
769,12,2.9,Bückeburg,Niedersachsen                           ,62.6
771,12,2.0,Büdingen,Hessen                                  ,72.1
772,12,2.9,Bühlertal,Baden-Württemberg                       ,123.2
773,12,1.6,Bühlertal-Obertal,Baden-Württemberg                       ,142.3
793,12,0.8,Buhlenberg,Rheinland-Pfalz                         ,130.0
817,12,0.8,Burgwald-Bottendorf,Hessen                                  ,67.4
840,12,-2.1,Carlsfeld,Sachsen                                 ,111.0
848,12,2.1,Celle (Stadt),Niedersachsen                           ,69.0
850,12,2.3,Celle,Niedersachsen                           ,65.1
851,12,-0.2,Pemfling-Pitzling,Bayern                                  ,70.0
853,12,0.6,Chemnitz,Sachsen                                 ,55.1
856,12,0.1,Chieming,Bayern                                  ,95.0
863,12,-0.5,Clausthal-Zellerfeld,Niedersachsen                           ,137.1
865,12,2.5,Cloppenburg,Niedersachsen                           ,76.8
867,12,0.5,Lautertal-Oberlauter,Bayern                                  ,71.3
876,12,0.8,Collmberg,Sachsen                                 ,58.7
879,12,1.2,Cottbus (Flugplatz),Brandenburg                             ,
880,12,1.2,Cottbus,Brandenburg                             ,47.3
881,12,0.8,Crailsheim-Alexandersreut,Baden-Württemberg                       ,78.2
888,12,0.8,Crimmitschau,Sachsen                                 ,51.9
891,12,3.0,Cuxhaven,Niedersachsen                           ,71.9
896,12,1.3,Dachwig,Thüringen                               ,42.6
917,12,2.3,Darmstadt,Hessen                                  ,66.0
918,12,2.4,Darmstadt (A),Hessen                                  ,63.9
919,12,2.4,Darmstadt-Botanischer Garten,Hessen                                  ,63.1
931,12,0.0,Deggenhausertal-Azenweiler,Baden-Württemberg                       ,90.0
948,12,1.6,Dessau,Sachsen-Anhalt                          ,50.1
953,12,1.4,Deuselbach,Rheinland-Pfalz                         ,75.0
963,12,2.4,Diepholz,Niedersachsen                           ,68.1
964,12,1.2,Dierfeld,Rheinland-Pfalz                         ,96.0
965,12,1.6,Diesbar-Seußlitz,Sachsen                                 ,48.0
970,12,0.4,Dietenhofen,Bayern                                  ,64.0
979,12,1.1,Dillenburg,Hessen                                  ,86.6
982,12,0.8,Dillingen/Donau,Bayern                                  ,61.7
983,12,0.6,Dillingen/Donau-Fristingen,Bayern                                  ,56.6
991,12,0.1,Dippoldiswalde-Reinberg,Sachsen                                 ,66.8
998,12,0.8,Dobel,Baden-Württemberg                       ,155.6
1000,12,2.1,"Doberan, Bad-Heiligendamm",Mecklenburg-Vorpommern                  ,53.8
1001,12,1.0,Doberlug-Kirchhain,Brandenburg                             ,49.8
1003,12,1.0,Döbeln,Sachsen                                 ,60.7
1006,12,1.7,Dömitz,Mecklenburg-Vorpommern                  ,47.7
1018,12,-0.2,Donaueschingen,Baden-Württemberg                       ,75.7
1032,12,3.2,Dortmund,Nordrhein-Westfalen                     ,83.9
1047,12,1.6,Dresden (Mitte),Sachsen                                 ,45.8
1048,12,1.0,Dresden-Klotzsche,Sachsen                                 ,52.7
1050,12,1.9,Dresden-Hosterwitz,Sachsen                                 ,51.6
1051,12,1.5,Dresden-Strehlen,Sachsen                                 ,47.0
1052,12,1.3,Möckern-Drewitz,Sachsen-Anhalt                          ,53.0
1066,12,1.3,Duderstadt,Niedersachsen                           ,56.0
1072,12,2.6,"Dürkheim, Bad",Rheinland-Pfalz                         ,56.7
1073,12,2.6,"Dürkheim, Bad (Saline)",Rheinland-Pfalz                         ,55.2
1074,12,1.6,"Dürrenberg, Bad",Sachsen-Anhalt                          ,43.0
1078,12,3.8,Düsseldorf,Nordrhein-Westfalen                     ,71.5
1079,12,3.8,Düsseldorf-Südfriedhof,Nordrhein-Westfalen                     ,74.0
1084,12,4.0,Duisburg-Friemersheim,Nordrhein-Westfalen                     ,76.2
1087,12,4.1,Duisburg-Laar,Nordrhein-Westfalen                     ,75.3
1102,12,1.9,Ebersbach/Fils,Baden-Württemberg                       ,72.8
1103,12,-0.2,Ebersberg-Halbing,Bayern                                  ,72.7
1106,12,1.2,Eberswalde,Brandenburg                             ,51.7
1107,12,0.3,Ebrach,Bayern                                  ,73.0
1130,12,2.1,Eggebek,Schleswig-Holstein                      ,74.0
1146,12,1.1,Ehningen,Baden-Württemberg                       ,67.2
1154,12,-0.3,Eiberg,Bayern                                  ,78.3
1161,12,0.4,Eichstätt-Landershofen,Bayern                                  ,59.0
1169,12,2.6,Eimeldingen,Baden-Württemberg                       ,68.5
1172,12,1.9,Einbeck,Niedersachsen                           ,58.2
1182,12,1.3,Eisleben-Helfta,Sachsen-Anhalt                          ,45.2
1188,12,-0.5,Elgersburg,Thüringen                               ,88.0
1197,12,0.5,Ellwangen-Rindelbach,Baden-Württemberg                       ,80.6
1200,12,2.3,Elpersbüttel,Schleswig-Holstein                      ,73.0
1201,12,3.6,Elsdorf/Erftkreis,Nordrhein-Westfalen                     ,58.6
1204,12,2.6,Elsfleth,Niedersachsen                           ,63.8
1207,12,-1.2,"Elster, Bad-Sohl",Sachsen                                 ,70.3
1214,12,1.7,Elzach-Fisnacht,Baden-Württemberg                       ,150.0
1219,12,2.9,Emden-Nesserland,Niedersachsen                           ,68.9
1221,12,2.9,Emden-Wolthusen,Niedersachsen                           ,71.1
1224,12,2.4,Emmendingen-Mundingen,Baden-Württemberg                       ,70.7
1229,12,2.6,"Ems, Bad",Rheinland-Pfalz                         ,70.9
1238,12,2.7,Engelskirchen,Nordrhein-Westfalen                     ,133.9
1239,12,0.5,Engen/Hegau,Baden-Württemberg                       ,63.0
1243,12,0.1,Eningen,Baden-Württemberg                       ,72.1
1246,12,2.7,Ennigerloh-Ostenfelde,Nordrhein-Westfalen                     ,69.7
1254,12,2.2,Eppingen,Baden-Württemberg                       ,73.5
1255,12,2.2,Eppingen-Elsenz,Baden-Württemberg                       ,73.5
1262,12,0.2,München-Flughafen,Bayern                                  ,60.0
1266,12,2.1,Erfde,Schleswig-Holstein                      ,73.4
1270,12,0.6,Erfurt-Weimar,Thüringen                               ,35.3
1275,12,-0.1,Ering,Bayern                                  ,65.8
1276,12,1.2,Eriskirch-Mariabrunn,Baden-Württemberg                       ,77.1
1279,12,1.2,Möhrendorf-Kleinseebach,Bayern                                  ,61.2
1280,12,1.1,Erlangen-Bruck,Bayern                                  ,59.3
1287,12,1.4,Eschau-Hobbach,Bayern                                  ,78.6
1292,12,-0.2,Eschenbach/Oberpfalz,Bayern                                  ,80.5
1297,12,1.9,Eschwege,Hessen                                  ,56.3
1299,12,3.0,Esens,Niedersachsen                           ,77.8
1300,12,1.4,Eslohe,Nordrhein-Westfalen                     ,126.1
1303,12,3.2,Essen-Bredeney,Nordrhein-Westfalen                     ,92.5
1327,12,3.3,Weilerswist-Lommersum,Nordrhein-Westfalen                     ,44.6
1329,12,1.9,Eutin,Schleswig-Holstein                      ,71.7
1332,12,-0.2,"Falkenberg,Kr.Rottal-Inn",Bayern                                  ,66.6
1339,12,1.6,Faßberg,Niedersachsen                           ,
1345,12,0.5,Feldberg,Mecklenburg-Vorpommern                  ,50.0
1346,12,-1.8,Feldberg/Schwarzwald,Baden-Württemberg                       ,150.7
1357,12,-1.5,Fichtelberg/Oberfranken-Hüttstadl,Bayern                                  ,128.4
1358,12,-3.2,Fichtelberg,Sachsen                                 ,102.2
1374,12,0.3,Fladungen-Heufurt,Bayern                                  ,94.0
1378,12,2.3,Flensburg,Schleswig-Holstein                      ,90.4
1379,12,2.2,Flensburg (Schäferhaus),Schleswig-Holstein                      ,77.8
1380,12,2.4,Flensburg-Mürwik,Schleswig-Holstein                      ,83.6
1392,12,-1.6,Flossenbürg,Bayern                                  ,87.0
1403,12,0.9,Frammersbach,Bayern                                  ,110.0
1410,12,1.4,"Frankenhausen, Bad/Kyffhäuser",Thüringen                               ,46.5
1411,12,-1.6,Birx/Rhön,Thüringen                               ,102.1
1420,12,2.5,Frankfurt/Main,Hessen                                  ,53.9
1421,12,2.8,Frankfurt/Main (Stadt),Hessen                                  ,61.2
1424,12,2.8,Frankfurt/Main-Westend,Hessen                                  ,62.0
1425,12,2.9,Frankfurt/Main (Feldbergstr.),Hessen                                  ,60.4
1426,12,0.9,Frankfurt/Oder,Brandenburg                             ,50.3
1428,12,2.0,Frankweiler,Rheinland-Pfalz                         ,92.1
1440,12,2.1,Freiamt-Ottoschwanden,Baden-Württemberg                       ,97.1
1441,12,0.4,Freiberg,Sachsen                                 ,71.0
1443,12,3.0,Freiburg,Baden-Württemberg                       ,75.2
1447,12,3.4,Freiburg im Breisgau-Herdern,Baden-Württemberg                       ,76.3
1451,12,2.2,Freiburg/Elbe,Niedersachsen                           ,73.2
1468,12,0.2,Freudenstadt,Baden-Württemberg                       ,196.5
1473,12,0.2,Freystadt-Michelbach,Bayern                                  ,66.6
1488,12,0.0,Friedrichsbrunn,Sachsen-Anhalt                          ,66.1
1490,12,1.3,Friedrichshafen,Baden-Württemberg                       ,77.5
1492,12,0.5,Malsburg-Marzell-Friedrichsheim,Baden-Württemberg                       ,168.8
1503,12,3.1,Friesoythe-Altenoythe,Niedersachsen                           ,72.9
1504,12,1.7,Fritzlar (Flugplatz),Hessen                                  ,49.0
1513,12,-0.3,Fuchskauten,Rheinland-Pfalz                         ,136.7
1515,12,0.3,Fürstenfeldbruck,Bayern                                  ,
1522,12,0.9,Fürth/Bayern (A),Bayern                                  ,55.1
1526,12,1.2,Fulda-Horas,Hessen                                  ,60.1
1544,12,1.4,Gardelegen,Sachsen-Anhalt                          ,48.3
1550,12,-1.7,Garmisch-Partenkirchen,Bayern                                  ,81.2
1552,12,1.1,Gartz/Oder,Brandenburg                             ,40.0
1568,12,-2.5,Gehlberg-Schmücke,Thüringen                               ,155.2
1572,12,3.6,Geilenkirchen (Flugplatz),Nordrhein-Westfalen                     ,
1580,12,2.8,Geisenheim,Hessen                                  ,47.6
1583,12,-2.2,Geisingberg,Sachsen                                 ,93.3
1584,12,0.2,Geisingen,Baden-Württemberg                       ,65.0
1586,12,0.0,Traunstein-Geißing,Bayern                                  ,107.1
1587,12,-0.1,Gelbelsee,Bayern                                  ,71.0
1590,12,3.5,Geldern-Walbeck,Nordrhein-Westfalen                     ,71.2
1593,12,1.9,Gelnhausen,Hessen                                  ,79.8
1602,12,2.6,Ohlsbach,Baden-Württemberg                       ,93.9
1605,12,1.4,Genthin,Sachsen-Anhalt                          ,46.0
1612,12,0.7,Gera-Leumnitz,Thüringen                               ,47.6
1619,12,2.8,Gernsheim,Hessen                                  ,53.8
1621,12,0.0,Geroda-Platz,Bayern                                  ,92.3
1638,12,1.9,Gießen (Lahntal),Hessen                                  ,64.2
1639,12,1.6,Gießen/Wettenberg,Hessen                                  ,58.1
1645,12,0.6,Gilserberg-Moischeid,Hessen                                  ,67.8
1666,12,2.4,Glücksburg-Meierwik,Schleswig-Holstein                      ,77.0
1667,12,2.4,Glückstadt,Schleswig-Holstein                      ,76.1
1684,12,0.4,Görlitz,Sachsen                                 ,50.7
1689,12,0.1,Gößweinstein,Bayern                                  ,95.2
1691,12,1.8,Göttingen,Niedersachsen                           ,56.2
1694,12,1.2,Goldberg,Mecklenburg-Vorpommern                  ,49.0
1709,12,-0.3,"Gottleuba, Bad",Sachsen                                 ,56.8
1721,12,0.0,Gräfenberg-Kasberg,Bayern                                  ,95.0
1735,12,-0.9,Grainet-Rehberg,Bayern                                  ,121.6
1757,12,1.4,Greifswald,Mecklenburg-Vorpommern                  ,47.3
1762,12,0.9,Greiz-Dölau,Thüringen                               ,48.7
1766,12,2.9,Münster/Osnabrück,Nordrhein-Westfalen                     ,72.0
1792,12,2.8,Groß Berßen,Niedersachsen                           ,73.8
1803,12,1.3,Groß Lüsewitz,Mecklenburg-Vorpommern                  ,50.0
1833,12,-3.1,Grosser Falkenstein,Bayern                                  ,160.2
1834,12,-2.2,Grosser Inselsberg,Thüringen                               ,151.7
1844,12,0.2,Feldkirchen-Westerham-Lenzmühle,Bayern                                  ,77.0
1849,12,0.1,Großmehring-Theißing,Bayern                                  ,61.8
1863,12,1.5,Gründau-Breitenborn,Hessen                                  ,89.0
1869,12,0.7,Grünow,Brandenburg                             ,31.0
1875,12,0.7,"Gschwend, Kr. Ostalb",Baden-Württemberg                       ,110.6
1886,12,0.7,Günzburg,Bayern                                  ,56.1
1890,12,1.5,Güstrow-Schabernack,Mecklenburg-Vorpommern                  ,
1891,12,2.8,Rheda-Wiedenbrück-Lintel,Nordrhein-Westfalen                     ,75.1
1892,12,2.8,Gütersloh (Flugplatz),Nordrhein-Westfalen                     ,
1920,12,3.4,Hagen-Fley,Nordrhein-Westfalen                     ,88.5
1957,12,1.7,Halle-Kröllwitz,Sachsen-Anhalt                          ,41.0
1960,12,1.6,Halle (Stadt),Sachsen-Anhalt                          ,40.0
1972,12,2.2,Hamburg-Bergedorf,Hamburg                                 ,64.8
1973,12,2.5,Hamburg-Botanischer Garten,Hamburg                                 ,70.4
1975,12,2.1,Hamburg-Fuhlsbüttel,Hamburg                                 ,69.0
1979,12,2.2,Hamburg-Kirchwerder,Hamburg                                 ,62.0
1981,12,2.3,Hamburg-Neuwiedenthal,Hamburg                                 ,64.6
1986,12,2.2,Hamburg-Reitbrook,Hamburg                                 ,65.7
1990,12,2.5,Hamburg-Wandsbek,Hamburg                                 ,79.0
1993,12,2.9,Hameln,Niedersachsen                           ,72.5
2000,12,2.5,Hanau,Hessen                                  ,58.3
2005,12,1.5,Hankensbüttel,Niedersachsen                           ,70.0
2014,12,2.3,Hannover,Niedersachsen                           ,60.2
2023,12,0.1,Harburg,Bayern                                  ,54.0
2039,12,1.6,"Harzburg, Bad",Niedersachsen                           ,79.3
2044,12,0.1,Harzgerode,Sachsen-Anhalt                          ,49.0
2048,12,2.2,Haseldorf,Schleswig-Holstein                      ,71.8
2053,12,-0.1,Hasselfelde,Sachsen-Anhalt                          ,88.3
2069,12,-1.8,Hausstein,Bayern                                  ,191.5
2074,12,1.3,Hechingen,Baden-Württemberg                       ,61.1
2078,12,2.2,Weddingstedt,Schleswig-Holstein                      ,78.0
2080,12,3.2,Heidelberg,Baden-Württemberg                       ,62.5
2081,12,1.4,Königstuhl,Baden-Württemberg                       ,100.6
2083,12,3.1,Heidelberg-Grenzhof,Baden-Württemberg                       ,60.3
2092,12,0.6,Heidenrod-Mappershain,Hessen                                  ,79.7
2095,12,2.6,Heilbronn,Baden-Württemberg                       ,68.3
2110,12,3.4,Heinsberg-Schleiden,Nordrhein-Westfalen                     ,63.2
2120,12,1.9,Helmstedt,Niedersachsen                           ,56.0
2122,12,2.2,"Helse, Kr. Dithmarschen",Schleswig-Holstein                      ,70.1
2147,12,3.2,Herford,Nordrhein-Westfalen                     ,87.6
2151,12,1.2,Herleshausen,Hessen                                  ,62.4
2159,12,1.3,Herrenberg,Baden-Württemberg                       ,67.0
2160,12,0.5,Herrenhof,Thüringen                               ,67.9
2166,12,0.1,Herrnhut,Sachsen                                 ,56.6
2167,12,1.5,Niederwörresbach,Rheinland-Pfalz                         ,75.0
2171,12,1.0,"Hersfeld, Bad",Hessen                                  ,59.6
2173,12,3.9,Herten,Nordrhein-Westfalen                     ,93.1
2174,12,1.0,Herzberg,Niedersachsen                           ,89.0
2201,12,2.1,Hiddensee-Vitte,Mecklenburg-Vorpommern                  ,45.0
2206,12,2.7,Hildesheim,Niedersachsen                           ,68.2
2211,12,1.8,Hilgenroth,Rheinland-Pfalz                         ,106.6
2223,12,0.7,Hindfeld,Thüringen                               ,57.9
2225,12,-0.3,Hinterhermsdorf,Sachsen                                 ,81.2
2226,12,-1.2,Eisfeld-Waffenrod-Hinterrod,Thüringen                               ,113.0
2250,12,-0.8,Höllenstein (Kraftwerk),Bayern                                  ,77.1
2252,12,0.3,Bertsdorf-Hörnitz,Sachsen                                 ,55.0
2260,12,-0.1,Hof (Stadt),Bayern                                  ,62.5
2261,12,-0.9,Hof,Bayern                                  ,66.9
2264,12,1.1,Hofgeismar-Beberbeck,Hessen                                  ,73.5
2268,12,1.1,Hofheim,Bayern                                  ,65.5
2289,12,1.5,Hohennauen,Brandenburg                             ,
2290,12,0.0,Hohenpeißenberg,Bayern                                  ,68.1
2302,12,0.9,Hohlstedt-Kötschau,Thüringen                               ,44.1
2303,12,1.8,Hohn,Schleswig-Holstein                      ,72.4
2306,12,2.3,Hohwacht,Schleswig-Holstein                      ,60.6
2315,12,1.2,Holzdorf (Flugplatz),Brandenburg                             ,
2318,12,1.2,Holzhausen a.d. Haide,Rheinland-Pfalz                         ,64.4
2319,12,-0.3,Holzkirchen,Bayern                                  ,103.0
2323,12,2.1,"Bevern, Kr. Holzminden",Niedersachsen                           ,75.0
2324,12,0.4,Holzminden-Silberborn,Niedersachsen                           ,112.3
2327,12,1.2,Homberg/Ohm,Hessen                                  ,74.2
2331,12,2.2,Homburg/Saar,Saarland                                ,95.7
2338,12,2.9,Hopsten (Flugplatz),Nordrhein-Westfalen                     ,
2344,12,-0.9,Horlachen,Bayern                                  ,105.1
2354,12,1.0,Hoyerswerda Kr. Bautzen,Sachsen                                 ,52.8
2360,12,0.2,Hüll,Bayern                                  ,67.8
2362,12,1.6,Hümmerich,Rheinland-Pfalz                         ,84.0
2374,12,2.2,Husum,Schleswig-Holstein                      ,74.9
2385,12,1.4,Idar-Oberstein,Rheinland-Pfalz                         ,
2388,12,3.0,Ihringen,Baden-Württemberg                       ,53.0
2396,12,1.3,Ilsenburg,Sachsen-Anhalt                          ,
2406,12,1.8,Ingelfingen,Baden-Württemberg                       ,83.0
2410,12,0.5,Ingolstadt (Flugplatz),Bayern                                  ,
2417,12,-0.3,Mittbach,Bayern                                  ,81.0
2422,12,2.1,Iserlohn-Westig,Nordrhein-Westfalen                     ,102.5
2429,12,2.0,Itzehoe,Schleswig-Holstein                      ,78.0
2437,12,2.0,Schleswig-Jagel,Schleswig-Holstein                      ,73.0
2444,12,2.1,Jena (Sternwarte),Thüringen                               ,46.1
2451,12,1.3,Jessen/Elster,Sachsen-Anhalt                          ,50.0
2464,12,2.3,Jork,Niedersachsen                           ,67.3
2474,12,3.6,Jülich (Forsch.-Anlage),Nordrhein-Westfalen                     ,57.7
2475,12,1.2,Jüterbog,Brandenburg                             ,46.0
2477,12,-0.4,Jungholz (Kühmoos),Baden-Württemberg                       ,124.6
2480,12,2.5,Kahl/Main,Bayern                                  ,63.2
2483,12,-1.2,Kahler Asten,Nordrhein-Westfalen                     ,148.3
2485,12,0.7,Kaisersbach-Cronhütte,Baden-Württemberg                       ,105.0
2486,12,2.1,Kaiserslautern,Rheinland-Pfalz                         ,81.0
2488,12,-0.1,Kaisheim-Neuhof,Bayern                                  ,66.3
2494,12,3.4,Kalkar,Nordrhein-Westfalen                     ,
2497,12,1.3,Kall-Sistig,Nordrhein-Westfalen                     ,83.1
2502,12,0.4,"Heiligenstadt, Heilbad-Kalteneber",Thüringen                               ,78.7
2503,12,-0.3,Kaltennordheim,Thüringen                               ,85.0
2506,12,0.8,Kamenz,Sachsen                                 ,62.2
2521,12,0.3,Karlshuld,Bayern                                  ,58.1
2522,12,3.0,Karlsruhe,Baden-Württemberg                       ,73.2
2532,12,1.4,Kassel,Hessen                                  ,68.9
2533,12,1.5,Kassel-Harleshausen,Hessen                                  ,69.5
2542,12,-0.4,Kaufbeuren,Bayern                                  ,89.3
2543,12,0.5,Kaufering,Bayern                                  ,70.0
2546,12,3.2,Kehl-Odelshofen,Baden-Württemberg                       ,70.0
2559,12,-0.2,Kempten,Bayern                                  ,95.9
2564,12,2.2,Kiel-Holtenau,Schleswig-Holstein                      ,67.0
2565,12,2.2,Kiel-Kronshagen,Schleswig-Holstein                      ,70.3
2575,12,0.8,Kirchberg/Jagst-Herboldshausen,Baden-Württemberg                       ,82.0
2578,12,1.8,Kirchdorf/Poel,Mecklenburg-Vorpommern                  ,49.8
2597,12,0.9,"Kissingen, Bad",Bayern                                  ,73.1
2600,12,1.8,Kitzingen,Bayern                                  ,52.2
2601,12,-1.0,Kleiner Feldberg/Taunus,Hessen                                  ,104.0
2609,12,1.8,Klein Rönnau,Schleswig-Holstein                      ,76.4
2618,12,-1.8,Kleiner Inselsberg,Thüringen                               ,126.3
2621,12,1.4,Kleinmachnow,Brandenburg                             ,52.9
2627,12,1.0,Schipkau-Klettwitz,Brandenburg                             ,52.0
2629,12,3.3,Kleve,Nordrhein-Westfalen                     ,75.5
2638,12,-0.3,Klippeneck,Baden-Württemberg                       ,75.0
2641,12,1.4,Klitzschen bei Torgau,Sachsen                                 ,51.0
2654,12,2.3,Knittlingen,Baden-Württemberg                       ,74.8
2657,12,3.6,Koblenz-Horchheim,Rheinland-Pfalz                         ,51.6
2665,12,4.0,Köln-Botanischer Garten,Nordrhein-Westfalen                     ,74.2
2667,12,3.4,Köln/Bonn,Nordrhein-Westfalen                     ,71.1
2680,12,0.6,"Königshofen, Bad",Bayern                                  ,56.0
2689,12,2.0,Königsmoor,Niedersachsen                           ,70.6
2691,12,0.2,Königsmoos-Untermaxfeld,Bayern                                  ,56.6
2700,12,0.3,Kösching,Bayern                                  ,58.9
2701,12,1.4,"Kösen, Bad",Sachsen-Anhalt                          ,47.2
2703,12,0.7,Köterberg,Nordrhein-Westfalen                     ,
2704,12,1.5,Köthen (Anhalt),Sachsen-Anhalt                          ,45.7
2708,12,-0.4,"Kohlgrub, Bad (Rosshof)",Bayern                                  ,82.0
2712,12,1.7,Konstanz,Baden-Württemberg                       ,66.1
2717,12,0.6,Korbach-Lengefeld,Hessen                                  ,82.4
2750,12,0.6,Kronach,Bayern                                  ,83.9
2761,12,0.2,Krumbach-Edenhausen,Bayern                                  ,70.7
2770,12,1.8,Kükels,Schleswig-Holstein                      ,78.6
2773,12,-0.1,Kümmersbruck,Bayern                                  ,
2775,12,1.7,Künzelsau,Baden-Württemberg                       ,83.0
2780,12,0.3,Kulmbach,Bayern                                  ,
2783,12,0.2,Kumhausen,Bayern                                  ,68.1
2790,12,1.7,Kusel-Fünfbirken,Rheinland-Pfalz                         ,107.2
2794,12,1.2,Kyritz,Brandenburg                             ,47.0
2796,12,1.4,Laage (Flugplatz),Mecklenburg-Vorpommern                  ,
2812,12,2.7,Lahr,Baden-Württemberg                       ,63.5
2814,12,-0.5,Merklingen,Baden-Württemberg                       ,97.7
2821,12,1.5,Lamspringe,Niedersachsen                           ,75.5
2829,12,0.1,Landsberg (Flugplatz),Bayern                                  ,
2830,12,0.1,Landsberg/Lech,Bayern                                  ,72.7
2831,12,0.4,Landshut,Bayern                                  ,62.0
2843,12,2.5,,,
2856,12,1.0,Langenlipsdorf,Brandenburg                             ,49.0
2857,12,1.3,"Langensalza, Bad",Thüringen                               ,42.6
2861,12,3.1,Langeoog,Niedersachsen                           ,68.1
2872,12,2.8,Lathen,Niedersachsen                           ,69.3
2878,12,1.8,"Lauchstädt, Bad",Sachsen-Anhalt                          ,35.7
2879,12,1.8,Lauda-Königshofen-Gerlachsheim,Baden-Württemberg                       ,60.9
2886,12,0.4,Laupheim,Baden-Württemberg                       ,
2905,12,0.2,Lechfeld,Bayern                                  ,
2906,12,2.2,Leck (A),Schleswig-Holstein                      ,79.7
2907,12,2.4,Leck,Schleswig-Holstein                      ,76.0
2912,12,2.2,Lehbek,Schleswig-Holstein                      ,67.4
2915,12,-1.4,Lehesten/Thüringer Wald,Thüringen                               ,93.5
2920,12,-0.2,Leiblfing,Bayern                                  ,55.8
2923,12,-0.1,Leinau,Bayern                                  ,82.4
2925,12,0.5,Leinefelde,Thüringen                               ,66.8
2928,12,1.5,Leipzig-Holzhausen,Sachsen                                 ,51.6
2931,12,1.5,Leipzig-Mockau,Sachsen                                 ,52.0
2932,12,1.2,Leipzig/Halle,Sachsen                                 ,40.0
2947,12,1.6,Lennestadt-Theten,Nordrhein-Westfalen                     ,112.2
2949,12,0.4,Lenningen-Schopfloch,Baden-Württemberg                       ,83.0
2950,12,2.4,Lensahn,Schleswig-Holstein                      ,64.3
2951,12,1.6,Lenzen/Elbe,Brandenburg                             ,50.3
2953,12,0.0,Lenzkirch-Ruhbühl,Baden-Württemberg                       ,151.7
2963,12,1.6,Leunawerke,Sachsen-Anhalt                          ,41.1
2968,12,4.2,Köln-Stammheim,Nordrhein-Westfalen                     ,71.5
2985,12,0.1,Lichtenhain-Mittelndorf,Sachsen                                 ,73.0
2996,12,1.1,"Liebenzell, Bad",Baden-Württemberg                       ,87.1
3001,12,2.4,Liliental,Baden-Württemberg                       ,66.7
3004,12,2.2,Limburg/Lahn-Offheim,Hessen                                  ,61.4
3007,12,2.9,Limburgerhof,Rheinland-Pfalz                         ,50.3
3015,12,0.7,Lindenberg,Brandenburg                             ,49.6
3016,12,-0.2,Lindenberg/Allgäu,Bayern                                  ,170.3
3017,12,1.8,Lindenfels,Hessen                                  ,104.4
3018,12,1.3,Lindenfels-Winterkasten,Hessen                                  ,118.0
3023,12,3.1,Lingen,Niedersachsen                           ,72.5
3028,12,2.4,"Lippspringe, Bad",Nordrhein-Westfalen                     ,91.7
3031,12,3.0,Lippstadt-Bökenförde,Nordrhein-Westfalen                     ,70.4
3034,12,-0.4,"Lobenstein, Bad",Thüringen                               ,84.5
3042,12,1.3,Löhnberg-Obershausen,Hessen                                  ,95.0
3044,12,2.8,Löningen,Niedersachsen                           ,75.0
3045,12,2.7,Löningen-Hagel,Niedersachsen                           ,74.3
3062,12,2.9,Lorch/Rhein,Hessen                                  ,50.7
3076,12,2.9,Ludwigshafen-Mundenheim,Rheinland-Pfalz                         ,45.7
3082,12,1.1,Lübben,Brandenburg                             ,47.1
3083,12,1.1,Lübben-Blumenfelde,Brandenburg                             ,49.0
3085,12,1.9,Lübeck,Schleswig-Holstein                      ,59.0
3086,12,1.7,Lübeck-Blankensee,Schleswig-Holstein                      ,60.0
3088,12,2.0,Lübeck-Werft,Schleswig-Holstein                      ,58.2
3096,12,1.5,Lüdenscheid (Zeppelin-Gymnasium),Nordrhein-Westfalen                     ,127.7
3098,12,1.6,Lüdenscheid,Nordrhein-Westfalen                     ,129.0
3101,12,3.2,Lüdinghausen,Nordrhein-Westfalen                     ,81.6
3103,12,2.1,Lüneburg,Niedersachsen                           ,53.2
3113,12,-0.1,Luisenthal/Ohra,Thüringen                               ,102.9
3126,12,1.6,Magdeburg,Sachsen-Anhalt                          ,42.9
3135,12,0.9,Mainhardt-Ziegelbronn,Baden-Württemberg                       ,104.2
3137,12,2.4,Mainz-Lerchenberg (ZDF),Rheinland-Pfalz                         ,54.3
3139,12,0.2,Maisach-Gernlinden,Bayern                                  ,64.8
3147,12,0.1,Mallersdorf-Pfaffenberg-Oberlindhart,Bayern                                  ,53.0
3155,12,1.3,Manderscheid-Sonnenhof,Rheinland-Pfalz                         ,106.7
3158,12,1.0,Manschnow,Brandenburg                             ,34.6
3160,12,0.9,Vatterode-Gräfenstuhl,Sachsen-Anhalt                          ,51.0
3164,12,1.7,"Cölbe, Kr. Marburg-Biedenkopf",Hessen                                  ,69.0
3166,12,-0.9,Marienberg,Sachsen                                 ,63.0
3196,12,1.2,Marnitz,Mecklenburg-Vorpommern                  ,57.9
3204,12,0.7,Martinroda,Thüringen                               ,66.1
3211,12,-1.7,Mauth-Finsterau,Bayern                                  ,141.0
3212,12,2.4,Mayen,Rheinland-Pfalz                         ,51.6
3222,12,2.6,Meerbeck,Niedersachsen                           ,68.1
3223,12,1.5,Meersburg,Baden-Württemberg                       ,66.0
3226,12,1.6,Aschersleben-Mehringen,Sachsen-Anhalt                          ,41.8
3228,12,0.8,Meinerzhagen (A),Nordrhein-Westfalen                     ,170.1
3231,12,-0.3,Meiningen,Thüringen                               ,61.1
3234,12,1.4,Klipphausen-Garsebach,Sachsen                                 ,53.0
3236,12,2.5,Melle,Niedersachsen                           ,77.0
3244,12,0.1,Memmingen,Bayern                                  ,68.7
3245,12,0.0,Memmingen (Flugplatz),Bayern                                  ,
3246,12,2.6,Mendig,Rheinland-Pfalz                         ,
3254,12,2.9,Meppen,Niedersachsen                           ,
3257,12,1.5,"Mergentheim, Bad-Neunkirchen",Baden-Württemberg                       ,72.3
3265,12,0.8,Mespelbrunn,Bayern                                  ,86.8
3268,12,-0.6,Meßstetten-Appental,Baden-Württemberg                       ,92.5
3271,12,-0.4,Metten,Bayern                                  ,95.8
3278,12,1.6,Metzingen,Baden-Württemberg                       ,64.1
3284,12,1.9,Michelstadt,Hessen                                  ,95.9
3287,12,0.7,Michelstadt-Vielbrunn,Hessen                                  ,100.0
3289,12,0.7,Schmieritz-Weltwitz,Thüringen                               ,49.8
3291,12,2.3,Miltenberg,Bayern                                  ,69.4
3300,12,2.0,Mittel-Gründau,Hessen                                  ,72.5
3307,12,-0.7,Mittenwald-Buckelwiesen,Bayern                                  ,84.6
3313,12,1.3,Modautal-Neunkirchen,Hessen                                  ,105.6
3317,12,1.6,Mölln,Schleswig-Holstein                      ,67.3
3319,12,1.8,Röllbach,Bayern                                  ,62.1
3320,12,3.6,Mönchengladbach,Nordrhein-Westfalen                     ,68.9
3340,12,1.7,Montabaur,Rheinland-Pfalz                         ,87.0
3348,12,1.1,Moringen-Lutterbeck,Niedersachsen                           ,85.0
3362,12,2.1,Mühlacker,Baden-Württemberg                       ,69.0
3366,12,-0.2,Mühldorf,Bayern                                  ,61.4
3370,12,0.7,Mühlhausen,Thüringen                               ,70.8
3376,12,0.7,Müncheberg,Brandenburg                             ,46.9
3382,12,0.9,München-Bogenhausen,Bayern                                  ,65.0
3383,12,0.8,München-Botanischer Garten,Bayern                                  ,67.1
3385,12,0.8,München-Nymphenburg,Bayern                                  ,67.2
3388,12,0.5,München-Perlach,Bayern                                  ,72.2
3390,12,0.4,München-Riem,Bayern                                  ,70.2
3402,12,-0.6,Münsingen-Apfelstetten,Baden-Württemberg                       ,79.8
3404,12,3.0,Münster,Nordrhein-Westfalen                     ,76.0
3425,12,1.0,Murrhardt,Baden-Württemberg                       ,123.0
3426,12,0.8,"Muskau, Bad",Sachsen                                 ,51.1
3432,12,1.0,Nagold,Baden-Württemberg                       ,78.0
3442,12,2.2,"Nauheim, Bad",Hessen                                  ,55.7
3484,12,0.3,Neuburg/Donau (Flugplatz),Bayern                                  ,
3485,12,0.5,Neuburg/Kammel-Langenhaslach,Bayern                                  ,65.0
3486,12,2.0,Neudenau,Baden-Württemberg                       ,80.8
3490,12,3.2,"Neuenahr, Bad-Ahrweiler",Rheinland-Pfalz                         ,52.7
3509,12,0.8,Menz,Brandenburg                             ,53.9
3513,12,-2.1,Neuhaus am Rennweg,Thüringen                               ,149.0
3518,12,-0.5,Neuhausen ob Eck,Baden-Württemberg                       ,81.4
3519,12,-0.2,Neuhausen ob Eck-Unterschwandorf,Baden-Württemberg                       ,76.0
3527,12,-0.1,Neukirchen-Hauptschwenda,Hessen                                  ,66.7
3537,12,2.3,Neumünster,Schleswig-Holstein                      ,80.9
3540,12,2.6,Neunkirchen-Seelscheid-Krawinkel,Nordrhein-Westfalen                     ,107.0
3541,12,2.7,Neunkirchen-Seelscheid-Meisenbach,Nordrhein-Westfalen                     ,101.2
3545,12,2.4,Neunkirchen-Wellesweiler,Saarland                                ,98.0
3552,12,1.3,Neuruppin,Brandenburg                             ,46.2
3565,12,0.9,Neustadt/Aisch,Bayern                                  ,63.8
3571,12,-0.4,Neustadt am Kulm-Filchendorf,Bayern                                  ,77.9
3575,12,2.8,Neustadt/Weinstraße,Rheinland-Pfalz                         ,61.7
3576,12,2.7,Neustadt/Weinstraße (Heidehof),Rheinland-Pfalz                         ,59.4
3577,12,1.0,Neustrelitz,Mecklenburg-Vorpommern                  ,52.0
3591,12,2.3,Nideggen-Schmidt,Nordrhein-Westfalen                     ,85.0
3595,12,1.7,Niederelbert,Rheinland-Pfalz                         ,95.5
3603,12,0.7,Niederstetten,Baden-Württemberg                       ,
3605,12,0.5,Niederstotzingen,Baden-Württemberg                       ,56.1
3612,12,2.4,Nienburg,Niedersachsen                           ,73.6
3621,12,0.5,Reimlingen,Bayern                                  ,51.5
3623,12,3.5,Nörvenich (Flugplatz),Nordrhein-Westfalen                     ,
3639,12,2.5,Nordholz (Flugplatz),Niedersachsen                           ,
3640,12,3.4,Nordhorn-Blanke,Niedersachsen                           ,83.4
3659,12,0.3,Nürburg,Rheinland-Pfalz                         ,82.0
3660,12,1.1,Nürburg-Barweiler,Rheinland-Pfalz                         ,71.0
3666,12,0.9,Nürnberg-Buchenbuehl,Bayern                                  ,58.0
3667,12,0.2,Nürnberg-Netzstall,Bayern                                  ,66.4
3668,12,1.0,Nürnberg,Bayern                                  ,51.6
3671,12,1.7,Nürtingen,Baden-Württemberg                       ,62.2
3672,12,1.2,Nufringen,Baden-Württemberg                       ,61.1
3679,12,-0.4,Kiefersfelden-Gach,Bayern                                  ,86.0
3694,12,-2.1,Oberhof,Thüringen                               ,147.2
3702,12,1.0,Münstertal-Obermünstertal,Baden-Württemberg                       ,110.0
3705,12,0.9,Oberndorf/Neckar-Aistaig,Baden-Württemberg                       ,96.0
3722,12,0.2,Oberschleißheim,Bayern                                  ,63.4
3730,12,-1.9,Oberstdorf,Bayern                                  ,127.4
3734,12,2.2,Obersulm-Willsbach,Baden-Württemberg                       ,75.3
3735,12,0.0,Obertaufkirchen,Bayern                                  ,64.4
3739,12,-1.0,Oberviechtach,Bayern                                  ,72.9
3744,12,1.3,Oberweser-Gieselwerder,Hessen                                  ,99.9
3751,12,-0.1,Ochsenhausen-Mittelbuch,Baden-Württemberg                       ,72.2
3752,12,-2.1,Ochsenkopf,Bayern                                  ,134.4
3753,12,3.0,Ochtrup,Nordrhein-Westfalen                     ,77.2
3761,12,2.1,Öhringen,Baden-Württemberg                       ,77.9
3776,12,2.8,Offenbach/M. (Stadt),Hessen                                  ,59.8
3777,12,3.1,Offenburg,Baden-Württemberg                       ,74.0
3788,12,0.0,Olbersdorf,Sachsen                                 ,58.0
3790,12,2.6,Oldenburg (A),Niedersachsen                           ,73.8
3791,12,2.6,Oldenburg,Niedersachsen                           ,75.0
3811,12,1.3,Oschatz,Sachsen                                 ,48.5
3815,12,3.0,Osnabrück,Niedersachsen                           ,85.0
3818,12,1.5,Osterburg,Sachsen-Anhalt                          ,
3821,12,1.1,Osterfeld,Sachsen-Anhalt                          ,48.0
3825,12,1.7,Osterhof,Saarland                                ,111.6
3836,12,0.4,Ostheim v.d. Rhön,Bayern                                  ,64.0
3856,12,-0.5,Oy-Mittelberg,Bayern                                  ,96.8
3857,12,-0.2,Oy-Mittelberg-Petersthal,Bayern                                  ,107.0
3867,12,2.7,Papenburg,Niedersachsen                           ,68.7
3875,12,-0.7,Parsberg/Oberpfalz-Eglwang,Bayern                                  ,79.6
3878,12,-0.2,Passau-Maierhof,Bayern                                  ,77.4
3879,12,-0.3,Passau-Oberhaus,Bayern                                  ,81.5
3883,12,-0.1,Pausa-Unterreichenau,Sachsen                                 ,50.5
3897,12,2.3,Pelzerhaken,Schleswig-Holstein                      ,57.0
3903,12,3.0,Perl-Besch,Saarland                                ,77.5
3904,12,3.0,Perl-Nennig,Saarland                                ,80.0
3915,12,0.8,Petkus,Brandenburg                             ,53.0
3922,12,0.4,Pfofeld-Langlau,Bayern                                  ,60.4
3925,12,1.9,Pforzheim-Ispringen,Baden-Württemberg                       ,83.0
3927,12,-0.3,Pfullendorf,Baden-Württemberg                       ,67.1
3929,12,2.9,Philippsburg,Baden-Württemberg                       ,73.1
3939,12,1.4,Pirmasens,Rheinland-Pfalz                         ,103.2
3946,12,0.3,Plauen,Sachsen                                 ,45.0
3955,12,2.1,Plön (See),Schleswig-Holstein                      ,59.3
3974,12,0.3,Pommelsbrunn,Bayern                                  ,99.5
3975,12,-0.4,Pommelsbrunn-Mittelburg,Bayern                                  ,102.0
3987,12,1.0,Potsdam,Brandenburg                             ,53.1
3988,12,1.0,Potsdam (Säkularstation),Brandenburg                             ,55.4
4005,12,0.0,Prien-Stock,Bayern                                  ,92.1
4018,12,0.2,Puch,Bayern                                  ,77.0
4024,12,1.5,Putbus,Mecklenburg-Vorpommern                  ,54.0
4029,12,2.8,Quakenbrück,Niedersachsen                           ,
4032,12,1.8,Quedlinburg,Sachsen-Anhalt                          ,43.0
4036,12,1.1,Querfurt-Mühle Lodersleben,Sachsen-Anhalt                          ,46.3
4038,12,2.0,Quickborn (Kurzer Kamp),Schleswig-Holstein                      ,76.8
4039,12,1.9,Quickborn,Schleswig-Holstein                      ,74.0
4053,12,1.4,Radolfzell-Markelfingen,Baden-Württemberg                       ,67.0
4063,12,2.5,Rahden-Kleinendorf,Nordrhein-Westfalen                     ,62.6
4066,12,0.4,Raisting,Bayern                                  ,65.2
4077,12,3.0,Rastatt,Baden-Württemberg                       ,90.3
4079,12,1.0,Rastenberg,Thüringen                               ,
4091,12,-2.1,Rauschberg bei Ruhpolding,Bayern                                  ,152.2
4094,12,0.7,"Weingarten, Kr. Ravensburg",Baden-Württemberg                       ,75.9
4100,12,3.3,Recklinghausen,Nordrhein-Westfalen                     ,89.1
4104,12,-0.1,Regensburg,Bayern                                  ,55.1
4127,12,1.8,Reichshof-Eckenhagen,Nordrhein-Westfalen                     ,141.0
4149,12,-1.4,Marienberg-Reitzenhain,Sachsen                                 ,80.0
4152,12,0.2,Remetschwiel,Baden-Württemberg                       ,153.3
4154,12,1.9,Remscheid-Lennep,Nordrhein-Westfalen                     ,166.0
4156,12,2.0,Rendsburg,Schleswig-Holstein                      ,79.7
4160,12,1.2,Renningen-Ihinger Hof,Baden-Württemberg                       ,61.9
4166,12,1.8,Reutlingen-Betzingen,Baden-Württemberg                       ,58.2
4169,12,2.7,Rheinau-Memprechtshofen,Baden-Württemberg                       ,76.6
4174,12,3.0,Rheine-Bentlage,Nordrhein-Westfalen                     ,
4175,12,2.7,Rheinfelden,Baden-Württemberg                       ,96.7
4177,12,2.8,Rheinstetten,Baden-Württemberg                       ,79.0
4189,12,0.4,"Altheim, Kreis Biberach",Baden-Württemberg                       ,54.5
4222,12,0.3,Rodewisch,Sachsen                                 ,67.0
4233,12,0.4,Röhrigshof bei Schlüchtern,Hessen                                  ,111.2
4240,12,1.8,Roetgen,Nordrhein-Westfalen                     ,108.9
4261,12,0.3,Rosenheim,Bayern                                  ,68.9
4271,12,2.4,Rostock-Warnemünde,Mecklenburg-Vorpommern                  ,48.9
4275,12,2.1,Rotenburg (Wümme),Niedersachsen                           ,74.5
4278,12,0.8,Roth bei Nürnberg,Bayern                                  ,60.6
4280,12,0.6,Roth,Bayern                                  ,58.8
4287,12,0.9,Rothenburg ob der Tauber,Bayern                                  ,61.0
4288,12,2.6,"Rothenfelde, Bad",Niedersachsen                           ,86.1
4294,12,1.4,Rottenburg-Kiebingen,Baden-Württemberg                       ,54.9
4300,12,0.3,Rottweil,Baden-Württemberg                       ,73.0
4301,12,2.6,"Kreuznach, Bad",Rheinland-Pfalz                         ,47.9
4318,12,-1.0,Ruhpolding,Bayern                                  ,153.9
4320,12,1.9,Ruhwinkel,Schleswig-Holstein                      ,75.4
4323,12,1.0,Ruppertsecken,Rheinland-Pfalz                         ,62.7
4327,12,-1.7,Rusel-Irlmoos,Bayern                                  ,170.2
4330,12,1.5,Rutesheim,Baden-Württemberg                       ,57.8
4332,12,1.0,Saalfeld,Thüringen                               ,39.0
4336,12,1.8,Saarbrücken-Ensheim,Saarland                                ,95.2
4339,12,3.1,Saarbrücken-Sankt Johann,Saarland                                ,92.9
4347,12,0.2,"Sachsa, Bad",Niedersachsen                           ,112.1
4349,12,2.2,Sachsenheim,Baden-Württemberg                       ,57.0
4350,12,1.9,"Säckingen, Bad (Bergseestr.)",Baden-Württemberg                       ,102.8
4354,12,-1.1,Saldenburg-Entschenreuth,Bayern                                  ,119.5
4364,12,2.0,Salzgitter-Ringelheim,Niedersachsen                           ,63.5
4367,12,1.9,Salzhemmendorf-Lauenstein,Niedersachsen                           ,88.0
4371,12,2.4,"Salzuflen, Bad",Nordrhein-Westfalen                     ,77.2
4373,12,1.7,Salzwedel,Sachsen-Anhalt                          ,47.7
4377,12,-0.2,Sandberg,Bayern                                  ,108.8
4386,12,-0.4,Sankt Blasien,Baden-Württemberg                       ,202.8
4391,12,2.2,Sankt Michaelisdonn,Schleswig-Holstein                      ,74.3
4396,12,1.5,Sankt Wendel-Hof,Saarland                                ,120.3
4397,12,1.3,Sankt Wendel-Urweiler,Saarland                                ,116.5
4401,12,2.9,"Sassendorf, Bad-Ostinghausen",Nordrhein-Westfalen                     ,69.5
4411,12,2.4,Schaafheim-Schlierbach,Hessen                                  ,56.3
4419,12,3.0,Schallstadt-Mengen,Baden-Württemberg                       ,59.0
4425,12,1.1,Schaumberg-Tholey,Saarland                                ,125.2
4433,12,0.4,Schemmerhofen-Ingerkingen,Baden-Württemberg                       ,54.6
4436,12,0.8,Schenklengsfeld,Hessen                                  ,60.1
4438,12,0.9,Scheßlitz,Bayern                                  ,70.8
4442,12,2.4,Schieder,Nordrhein-Westfalen                     ,92.4
4445,12,-1.2,Wernigerode-Schierke,Sachsen-Anhalt                          ,153.7
4464,12,-0.4,Schleiz,Thüringen                               ,59.0
4466,12,2.0,Schleswig,Schleswig-Holstein                      ,77.1
4468,12,2.0,Schleswig-Stadtfeld,Schleswig-Holstein                      ,75.9
4474,12,2.2,Schlossböckelheim,Rheinland-Pfalz                         ,51.5
4479,12,0.6,Schlüchtern-Kloster Gomfritz,Hessen                                  ,103.1
4480,12,1.3,Schlüchtern-Herolz,Hessen                                  ,95.5
4484,12,1.8,Schmalenbeck,Schleswig-Holstein                      ,80.8
4485,12,0.7,"Schmalkalden, Kurort",Thüringen                               ,65.2
4489,12,1.5,Schmatzfeld,Sachsen-Anhalt                          ,55.1
4490,12,2.3,Schmelz-Hüttersdorf,Saarland                                ,115.0
4501,12,-2.5,Schmücke,Thüringen                               ,143.6
4505,12,-1.1,Schnarrtanne-Vogelsgrün,Sachsen                                 ,84.0
4508,12,0.2,Schneifelforsthaus,Rheinland-Pfalz                         ,135.1
4548,12,-1.3,Schönwald/Ofr.-Brunn,Bayern                                  ,73.5
4549,12,-0.4,Schönwald/Schwarzwald,Baden-Württemberg                       ,202.1
4557,12,1.3,Schopfheim-Eichen,Baden-Württemberg                       ,131.7
4559,12,-0.1,Schorndorf-Knöbling,Bayern                                  ,66.0
4560,12,1.2,Schotten,Hessen                                  ,97.3
4571,12,-0.1,Schulenberg,Niedersachsen                           ,130.1
4576,12,0.7,Schwabach (A),Bayern                                  ,58.0
4581,12,1.6,Schwäbisch Gmünd-Strassdorf,Baden-Württemberg                       ,83.7
4582,12,1.4,Schwäbisch Hall-Bibersfeld,Baden-Württemberg                       ,85.0
4584,12,0.2,Schwaigermoos,Bayern                                  ,60.0
4586,12,1.3,"Schwalbach, Bad",Hessen                                  ,74.6
4592,12,-0.1,Schwandorf,Bayern                                  ,55.1
4593,12,1.7,Schwanebeck,Sachsen-Anhalt                          ,48.7
4597,12,-0.3,Schwangau-Horn,Bayern                                  ,75.2
4605,12,0.9,Schwarzburg,Thüringen                               ,49.8
4606,12,1.1,Schwarze Pumpe,Brandenburg                             ,53.7
4612,12,0.4,Schwarzenberg,Sachsen                                 ,72.6
4621,12,1.2,Schweinfurt-Gartenstadt,Bayern                                  ,55.8
4625,12,1.5,Schwerin,Mecklenburg-Vorpommern                  ,55.5
4629,12,2.0,Schwesing,Schleswig-Holstein                      ,73.0
4642,12,1.4,Seehausen,Sachsen-Anhalt                          ,47.7
4649,12,2.7,Seelscheid,Nordrhein-Westfalen                     ,103.4
4651,12,1.5,Seesen,Niedersachsen                           ,76.8
4656,12,1.8,"Segeberg, Bad",Schleswig-Holstein                      ,75.8
4664,12,-1.3,Selb/Oberfranken-Wildenau,Bayern                                  ,71.1
4692,12,1.9,Siegen (Kläranlage),Nordrhein-Westfalen                     ,133.8
4702,12,-0.1,Sigmaringen (Flugplatz),Baden-Württemberg                       ,
4703,12,-0.4,Sigmaringen-Laiz,Baden-Württemberg                       ,64.8
4704,12,1.0,Sigmarszell-Zeisertsweiler,Bayern                                  ,115.5
4705,12,-1.9,Silberhütte,Bayern                                  ,86.7
4706,12,0.2,Simbach/Inn,Bayern                                  ,66.6
4709,12,1.0,Simmern-Wahlbach,Rheinland-Pfalz                         ,59.5
4719,12,2.4,Sinsheim,Baden-Württemberg                       ,74.6
4729,12,0.7,Steinau-Seidenroth,Hessen                                  ,100.9
4741,12,2.7,Solingen-Hohenscheid,Nordrhein-Westfalen                     ,107.6
4745,12,1.6,Soltau,Niedersachsen                           ,81.3
4748,12,1.2,Sondershausen,Thüringen                               ,51.7
4752,12,-1.3,Sonneberg-Neufang,Thüringen                               ,127.0
4763,12,1.2,Sontra,Hessen                                  ,68.0
4765,12,1.7,"Sooden-Allendorf, Bad",Hessen                                  ,71.0
4775,12,-0.3,Speinshart,Bayern                                  ,75.8
4782,12,1.4,Spören-Prussendorf,Sachsen-Anhalt                          ,41.3
4813,12,0.3,"Staffelstein, Bad-Stublang",Bayern                                  ,70.6
4818,12,-1.0,Stammbach-Querenbach,Bayern                                  ,101.5
4837,12,2.6,Stegen,Baden-Württemberg                       ,100.7
4841,12,2.3,"Steinau, Kr. Cuxhaven",Niedersachsen                           ,70.9
4847,12,0.2,Steinberg,Niedersachsen                           ,104.7
4857,12,2.2,Mittelnkirchen-Hohenfelde,Niedersachsen                           ,71.0
4878,12,-0.2,Oberharz am Brocken-Stiege,Sachsen-Anhalt                          ,94.8
4881,12,0.6,Stockach,Baden-Württemberg                       ,69.0
4896,12,2.0,Wagersrott,Schleswig-Holstein                      ,64.9
4911,12,-0.2,Straubing,Bayern                                  ,62.0
4926,12,3.2,Stuttgart (Neckartal),Baden-Württemberg                       ,49.7
4927,12,2.6,Stuttgart-Stadt,Baden-Württemberg                       ,54.1
4928,12,2.2,Stuttgart (Schnarrenberg),Baden-Württemberg                       ,52.9
4931,12,1.4,Stuttgart-Echterdingen,Baden-Württemberg                       ,50.4
4933,12,1.7,Stuttgart-Hohenheim,Baden-Württemberg                       ,48.8
4939,12,1.6,"Suderode, Bad",Sachsen-Anhalt                          ,
4977,12,1.5,Tangermünde,Sachsen-Anhalt                          ,43.0
4978,12,0.6,Tann/Rhön,Hessen                                  ,72.9
4987,12,1.6,Tauberbischofsheim-Dittigheim,Baden-Württemberg                       ,63.8
4997,12,1.2,Starkenberg-Tegkwitz,Thüringen                               ,46.0
5009,12,1.2,Teterow,Mecklenburg-Vorpommern                  ,50.0
5014,12,2.1,Worpswede-Hüttenbusch,Niedersachsen                           ,65.7
5017,12,-1.3,Teuschnitz,Bayern                                  ,115.7
5024,12,1.4,Möckern-Räckendorf,Sachsen-Anhalt                          ,49.9
5029,12,1.5,Tholey,Saarland                                ,115.7
5032,12,1.8,Thüngersheim,Bayern                                  ,63.0
5039,12,1.2,Tiefenort,Thüringen                               ,53.8
5046,12,-0.7,Tirschenreuth-Lodermühl,Bayern                                  ,67.0
5047,12,-0.5,Titisee-Neustadt-Langenordnach,Baden-Württemberg                       ,142.0
5059,12,-0.2,Todtmoos,Baden-Württemberg                       ,243.3
5063,12,0.1,"Tölz, Bad",Bayern                                  ,98.4
5064,12,3.7,Tönisvorst,Nordrhein-Westfalen                     ,69.4
5067,12,0.0,Torfhaus im Solling,Niedersachsen                           ,119.8
5068,12,1.3,Torgau,Sachsen                                 ,48.2
5074,12,0.0,Traunstein-Sparz,Bayern                                  ,113.3
5075,12,0.0,Traunstein-Axdorf,Bayern                                  ,114.3
5078,12,2.3,Travemünde,Schleswig-Holstein                      ,59.4
5088,12,2.0,Trent,Mecklenburg-Vorpommern                  ,49.8
5097,12,1.3,Tribsees,Mecklenburg-Vorpommern                  ,52.1
5099,12,3.1,Trier-Zewen,Rheinland-Pfalz                         ,66.0
5100,12,2.4,Trier-Petrisberg,Rheinland-Pfalz                         ,73.3
5105,12,-0.2,Trochtelfingen,Baden-Württemberg                       ,81.0
5107,12,-0.6,Trochtelfingen-Wilsingen,Baden-Württemberg                       ,76.0
5109,12,0.9,Trollenhagen,Mecklenburg-Vorpommern                  ,45.0
5111,12,0.0,Trostberg,Bayern                                  ,78.4
5120,12,1.6,Tübingen,Baden-Württemberg                       ,
5127,12,-0.1,Tuttlingen,Baden-Württemberg                       ,79.5
5128,12,-0.1,Tuttlingen-Möhringen-Vorstadt,Baden-Württemberg                       ,72.1
5133,12,1.2,Twistetal-Mühlhausen,Hessen                                  ,63.7
5138,12,1.2,Überlingen/Bodensee,Baden-Württemberg                       ,70.6
5142,12,1.2,Ueckermünde,Mecklenburg-Vorpommern                  ,41.4
5146,12,1.7,Uelzen,Niedersachsen                           ,58.0
5149,12,1.1,Gollhofen,Bayern                                  ,56.0
5155,12,0.1,Ulm,Baden-Württemberg                       ,58.6
5158,12,1.4,Ummendorf,Sachsen-Anhalt                          ,46.0
5165,12,1.6,Unterlüß,Niedersachsen                           ,81.0
5185,12,1.2,Uttenreuth,Bayern                                  ,69.4
5229,12,-0.4,Villingen-Schwenningen,Baden-Württemberg                       ,88.2
5236,12,2.5,Visbek,Niedersachsen                           ,78.4
5244,12,2.9,Völklingen-Stadt,Saarland                                ,80.2
5250,12,3.1,Vogtsburg-Oberrotweil,Baden-Württemberg                       ,
5252,12,2.1,Voldagsen,Niedersachsen                           ,80.4
5267,12,1.8,Wackersleben,Sachsen-Anhalt                          ,53.4
5275,12,2.8,Waghäusel-Kirrlach,Baden-Württemberg                       ,65.4
5277,12,0.8,Wahlen,Hessen                                  ,
5279,12,1.6,Wesertal-Lippoldsberg,Hessen                                  ,83.1
5280,12,1.7,Wittenborn,Schleswig-Holstein                      ,82.7
5282,12,1.2,Wahnsdorf bei Dresden,Sachsen                                 ,53.8
5284,12,2.3,Waiblingen,Baden-Württemberg                       ,65.9
5291,12,-0.7,Waldau-Jostal,Baden-Württemberg                       ,166.9
5296,12,0.8,Waldeck,Hessen                                  ,59.6
5300,12,1.2,Waldems-Reinborn,Hessen                                  ,65.3
5306,12,-1.6,Waldhäuser (National Park),Bayern                                  ,151.0
5317,12,-0.8,Waldsassen,Bayern                                  ,63.6
5320,12,1.4,Waldshut,Baden-Württemberg                       ,136.3
5335,12,0.6,Waltershausen,Thüringen                               ,75.0
5344,12,3.4,Wangerooge,Niedersachsen                           ,76.6
5347,12,1.4,Warburg,Nordrhein-Westfalen                     ,68.0
5349,12,1.0,Waren (Müritz),Mecklenburg-Vorpommern                  ,52.0
5361,12,1.5,Wartenberg-Angersbach,Hessen                                  ,67.1
5369,12,0.0,Wasserburg,Bayern                                  ,76.0
5371,12,-1.6,Wasserkuppe,Hessen                                  ,104.2
5377,12,-4.0,Watzmannhaus,Bayern                                  ,203.3
5397,12,-0.3,Weiden,Bayern                                  ,60.1
5398,12,0.4,"Weidenbach, Kr.Ansbach",Bayern                                  ,57.9
5403,12,1.2,Weigenheim-Reusch,Bayern                                  ,50.2
5404,12,-0.1,Weihenstephan-Dürnast,Bayern                                  ,59.8
5410,12,1.8,Weilburg (Kläranlage),Hessen                                  ,78.6
5419,12,1.1,Weimar,Thüringen                               ,42.0
5424,12,0.7,Weimar-Schöndorf,Thüringen                               ,43.4
5426,12,0.8,Weinbiet,Rheinland-Pfalz                         ,58.2
5429,12,2.4,Weinsberg,Baden-Württemberg                       ,66.5
5431,12,1.5,Weisen bei Wittenberge,Sachsen-Anhalt                          ,49.2
5433,12,1.8,Weiskirchen/Saar,Saarland                                ,146.5
5434,12,0.4,Weismain,Bayern                                  ,84.2
5435,12,1.5,Weissach,Baden-Württemberg                       ,65.8
5440,12,0.5,Weißenburg-Emetzheim,Bayern                                  ,54.6
5442,12,1.9,Weißenfels,Sachsen-Anhalt                          ,39.3
5445,12,0.9,Weißensee-Ottenhausen,Thüringen                               ,43.6
5453,12,2.9,Weisweil-Waldeckhof,Baden-Württemberg                       ,57.0
5460,12,0.3,Wellendingen,Baden-Württemberg                       ,73.6
5463,12,0.9,Wellmitz,Brandenburg                             ,52.5
5467,12,-3.2,Wendelstein,Bayern                                  ,135.8
5480,12,3.0,Werl,Nordrhein-Westfalen                     ,71.0
5488,12,1.2,"Mühlhausen, Kr. Schweinfurt",Bayern                                  ,58.4
5490,12,1.5,Wernigerode,Sachsen-Anhalt                          ,54.0
5498,12,2.1,Wertheim-Eichel,Baden-Württemberg                       ,71.2
5514,12,3.1,Westerland,Schleswig-Holstein                      ,77.2
5516,12,2.6,Fehmarn,Schleswig-Holstein                      ,44.0
5538,12,0.4,Wielenbach (Demollstr.),Bayern                                  ,64.0
5540,12,2.9,Wiesbaden (Süd),Hessen                                  ,60.1
5541,12,1.5,Wiesbaden-Auringen,Hessen                                  ,71.0
5543,12,1.8,Wiesbaden-Dotzheim,Hessen                                  ,76.4
5546,12,0.8,Wiesenburg,Brandenburg                             ,60.0
5559,12,1.1,"Wildbad, Bad-Calmbach",Baden-Württemberg                       ,108.0
5562,12,0.8,Neubulach-Oberhaugstett,Baden-Württemberg                       ,92.7
5568,12,1.0,"Wildungen, Bad",Hessen                                  ,60.2
5575,12,2.9,Wilhelmshaven,Niedersachsen                           ,77.9
5582,12,0.3,Willingen/Upland,Hessen                                  ,128.0
5609,12,2.0,"Winterbach, Rems-Murr-Kreis",Baden-Württemberg                       ,74.3
5610,12,-0.2,Winterberg,Nordrhein-Westfalen                     ,147.0
5624,12,2.0,Wismar,Mecklenburg-Vorpommern                  ,54.1
5629,12,1.1,Wittenberg,Sachsen-Anhalt                          ,51.8
5640,12,2.8,Wittmundhafen,Niedersachsen                           ,
5642,12,1.0,Wittstock,Brandenburg                             ,
5643,12,1.0,Wittstock-Rote Mühle,Brandenburg                             ,52.6
5644,12,2.0,Witzenhausen,Hessen                                  ,66.7
5654,12,0.4,Wörnitz-Bottenweiler,Bayern                                  ,78.3
5663,12,0.6,Woldegk,Mecklenburg-Vorpommern                  ,45.1
5664,12,2.1,Wolfach,Baden-Württemberg                       ,131.1
5675,12,1.9,Wolfsburg,Niedersachsen                           ,51.9
5676,12,1.9,Wolfsburg (Südwest),Niedersachsen                           ,60.3
5681,12,2.4,Wolfstein/Pfalz,Rheinland-Pfalz                         ,77.6
5688,12,-0.6,Dachsberg-Wolpadingen,Baden-Württemberg                       ,199.9
5692,12,2.6,Worms,Rheinland-Pfalz                         ,47.2
5703,12,1.8,Würzburg/Main,Bayern                                  ,64.5
5705,12,1.4,Würzburg,Bayern                                  ,53.5
5707,12,1.7,Würzburg (Physikalisches-Institut),Bayern                                  ,58.9
5715,12,2.4,Wunstorf,Niedersachsen                           ,58.1
5717,12,3.3,Wuppertal-Buchenhofen,Nordrhein-Westfalen                     ,121.0
5719,12,2.5,Remscheid,Nordrhein-Westfalen                     ,140.0
5728,12,1.3,Wustrau-Ziethenhorst,Brandenburg                             ,48.4
5731,12,0.8,Wutöschingen-Ofteringen,Baden-Württemberg                       ,107.1
5732,12,2.9,Wrixum/Föhr,Schleswig-Holstein                      ,76.3
5745,12,0.7,Zehdenick,Brandenburg                             ,46.6
5750,12,1.4,Zeitz,Sachsen-Anhalt                          ,46.8
5761,12,1.6,Zerbst,Sachsen-Anhalt                          ,59.0
5778,12,1.3,Zinnowitz,Mecklenburg-Vorpommern                  ,50.2
5779,12,-3.0,Zinnwald-Georgenfeld,Sachsen                                 ,82.3
5792,12,-9.8,Zugspitze,Bayern                                  ,187.5
5797,12,0.7,Lichtentanne,Sachsen                                 ,55.0
5800,12,-1.4,Zwiesel,Bayern                                  ,129.0
5802,12,-1.5,Zwieselberg,Bayern                                  ,106.8
5821,12,2.4,Bassum (A),Niedersachsen                           ,65.4
5822,12,2.3,Bassum,Niedersachsen                           ,70.0
5825,12,1.3,Berge,Brandenburg                             ,40.7
5832,12,1.7,Dannenberg,Niedersachsen                           ,53.9
5839,12,2.9,Emden,Niedersachsen                           ,71.0
5856,12,-0.7,Fürstenzell,Bayern                                  ,85.0
5871,12,0.7,Hahn,Rheinland-Pfalz                         ,84.0
5885,12,1.8,Kirchheim/Teck-Ötlingen,Baden-Württemberg                       ,59.0
5890,12,-0.5,"Kohlgrub, Bad (A)",Bayern                                  ,89.6
5898,12,2.2,Ludwigsburg,Baden-Württemberg                       ,
5904,12,0.2,Mainburg,Bayern                                  ,63.7
5906,12,2.8,Mannheim,Baden-Württemberg                       ,54.2
5912,12,1.5,Malsfeld,Hessen                                  ,59.0
5920,12,3.0,Neuwied,Rheinland-Pfalz                         ,50.3
5930,12,2.4,Schönhagen (Ostseebad),Schleswig-Holstein                      ,63.0
5941,12,-2.4,Reit im Winkl,Bayern                                  ,138.8
5971,12,0.8,Welzheim (A),Baden-Württemberg                       ,105.9
6086,12,1.0,Melchow-Schönholz,Brandenburg                             ,51.1
6093,12,1.8,Wendisch Evern,Niedersachsen                           ,62.0
6095,12,0.7,Taubenheim-Seeligstadt,Sachsen                                 ,62.8
6105,12,2.0,Ostenfeld (Rendsburg),Schleswig-Holstein                      ,75.0
6109,12,0.8,Grambow-Schwennenz,Mecklenburg-Vorpommern                  ,40.0
6110,12,1.1,Medow-Wussentin,Mecklenburg-Vorpommern                  ,46.0
6129,12,0.1,Sohland/Spree,Sachsen                                 ,73.0
6157,12,3.0,Wangerland-Hooksiel,Niedersachsen                           ,76.0
6158,12,0.3,Weidenbach-Weiherschneidbach,Bayern                                  ,64.0
6159,12,2.8,Dörpen,Niedersachsen                           ,70.8
6163,12,2.1,Dörnick,Schleswig-Holstein                      ,63.0
6170,12,1.0,Coschen,Brandenburg                             ,52.0
6182,12,0.0,Mallersdorf-Pfaffenberg,Bayern                                  ,60.0
6184,12,2.9,Wilhelmshaven (Flugplatz),Niedersachsen                           ,
6186,12,1.9,Nastätten,Rheinland-Pfalz                         ,62.0
6196,12,-1.0,Selb-Spielberg,Bayern                                  ,78.7
6197,12,1.4,Lügde-Paenbruch,Nordrhein-Westfalen                     ,92.0
6199,12,1.4,Steinhagen-Negast,Mecklenburg-Vorpommern                  ,54.0
6217,12,3.0,Saarbrücken-Burbach,Saarland                                ,90.0
6219,12,0.5,Dollnstein-Breitenfurt,Bayern                                  ,59.8
6258,12,1.1,Friedrichshafen-Unterraderach,Baden-Württemberg                       ,78.0
6259,12,0.6,Großerlach-Mannenweiler,Baden-Württemberg                       ,110.0
6260,12,1.0,Ingelfingen-Stachenhausen,Baden-Württemberg                       ,94.0
6262,12,1.3,Schwäbisch Gmünd-Weiler,Baden-Württemberg                       ,83.0
6263,12,1.2,Singen,Baden-Württemberg                       ,68.0
6264,12,0.9,Brilon-Thülen,Nordrhein-Westfalen                     ,100.0
6265,12,1.4,Wusterwitz,Brandenburg                             ,48.0
6266,12,1.8,Huy-Pabstorf,Sachsen-Anhalt                          ,51.0
6272,12,0.8,"Salzungen, Bad-Gräfen-Nitzendorf",Thüringen                               ,64.0
6273,12,1.5,Demker,Sachsen-Anhalt                          ,45.0
6275,12,1.7,Notzingen,Baden-Württemberg                       ,66.0
6304,12,-0.6,Pilsach-Litzlohe,Bayern                                  ,96.0
6305,12,1.3,Mühlhausen/Thüringen-Görmar,Thüringen                               ,52.0
6310,12,1.4,Karlshagen,Mecklenburg-Vorpommern                  ,49.0
6312,12,0.8,Markt Erlbach-Mosbach,Bayern                                  ,64.0
6314,12,0.7,Nossen,Sachsen                                 ,63.0
6336,12,1.2,Lohr/Main-Halsbach,Bayern                                  ,94.0
6337,12,3.3,Lüdinghausen-Brochtrup,Nordrhein-Westfalen                     ,80.0
6344,12,2.1,Runkel-Ennerich,Hessen                                  ,63.0
6346,12,0.3,Maisach-Galgen,Bayern                                  ,71.0
6347,12,0.9,Schonungen-Mainberg,Bayern                                  ,67.0
7075,12,0.2,Elsendorf-Horneck,Bayern                                  ,60.0
7099,12,1.6,Liebenburg-Othfresen,Niedersachsen                           ,69.0
7105,12,-0.3,Siegsdorf-Höll,Bayern                                  ,125.0
7106,12,2.6,Bielefeld-Deppendorf,Nordrhein-Westfalen                     ,90.0
7135,12,0.2,Aulendorf-Haslach,Baden-Württemberg                       ,63.0
7187,12,1.8,Freudenberg/Main-Boxtal,Baden-Württemberg                       ,70.0
7244,12,0.8,Neuglobsow (HM),Brandenburg                             ,51.1
7298,12,2.1,Hattstedt,Schleswig-Holstein                      ,75.0
7319,12,0.4,Donauwörth-Osterweiler,Bayern                                  ,56.0
7321,12,1.2,Olbersleben,Thüringen                               ,44.0
7325,12,-9.2,,,181.0
7329,12,-0.1,Treuen,Sachsen                                 ,62.0
7330,12,2.5,Arnsberg-Neheim,Nordrhein-Westfalen                     ,81.0
7331,12,0.4,Hermaringen-Allewind,Baden-Württemberg                       ,66.0
7341,12,2.6,Offenbach-Wetterpark,Hessen                                  ,62.0
7343,12,-1.7,Deutschneudorf-Brüderwiese,Sachsen                                 ,88.0
7350,12,-1.1,Prackenbach-Neuhäusl,Bayern                                  ,80.0
7351,12,0.6,Feldberg/Mecklenburg,Mecklenburg-Vorpommern                  ,52.0
7364,12,1.8,Jeßnitz,Sachsen-Anhalt                          ,47.0
7367,12,1.9,Alfeld,Niedersachsen                           ,86.0
7368,12,0.7,Eisenach,Thüringen                               ,70.0
7369,12,0.3,Feuchtwangen-Heilbronn,Bayern                                  ,73.0
7370,12,-0.9,Waldmünchen,Bayern                                  ,81.0
7373,12,3.6,Borkum-Flugplatz,Niedersachsen                           ,75.0
7374,12,3.2,Ahaus,Nordrhein-Westfalen                     ,81.0
7389,12,0.9,Heckelberg,Brandenburg                             ,52.0
7393,12,1.1,Hoyerswerda,Sachsen                                 ,51.0
7394,12,-1.1,Wunsiedel-Schönbrunn,Bayern                                  ,92.0
7395,12,0.0,Gottfrieding,Bayern                                  ,62.0
7396,12,-1.1,Hoherodskopf/Vogelsberg,Hessen                                  ,147.0
7403,12,-0.3,Leutkirch-Herlazhofen,Baden-Württemberg                       ,113.8
7410,12,0.7,Neu-Ulrichstein,Hessen                                  ,82.0
7412,12,1.0,Neuhütten/Spessart,Bayern                                  ,110.0
7419,12,0.2,Langenwetzendorf-Göttendorf,Thüringen                               ,53.0
7420,12,1.0,Naumburg/Saale-Kreipitzsch,Sachsen-Anhalt                          ,55.0
7424,12,0.3,Piding,Bayern                                  ,105.0
7427,12,2.0,Padenstedt (Pony-Park),Schleswig-Holstein                      ,80.0
7428,12,0.1,Veilsdorf,Thüringen                               ,85.0
7431,12,0.1,Oberhaching-Laufzorn,Bayern                                  ,78.0
7432,12,1.8,Wittingen-Vorhop,Niedersachsen                           ,62.0
13670,12,4.0,Duisburg-Baerl,Nordrhein-Westfalen                     ,75.0
13674,12,2.2,Waibstadt,Baden-Württemberg                       ,87.0
13675,12,2.5,Hameln-Hastenbeck,Niedersachsen                           ,75.0
13696,12,3.4,Waltrop-Abdinghof,Nordrhein-Westfalen                     ,80.0
13700,12,2.7,Gevelsberg-Oberbröking,Nordrhein-Westfalen                     ,104.0
13710,12,0.0,Landshut-Reithof,Bayern                                  ,69.0
13711,12,0.7,Krölpa-Rockendorf,Thüringen                               ,34.0
13713,12,1.3,Meinerzhagen-Redlendorf,Nordrhein-Westfalen                     ,157.0
13776,12,2.3,Hildesheim-Drispenstedt,Niedersachsen                           ,59.9
13777,12,1.7,Helmstedt-Emmerstedt,Niedersachsen                           ,54.0
13965,12,0.5,Balingen-Bronnhaupten,Baden-Württemberg                       ,70.0
14138,12,0.9,,,50.0
14311,12,0.7,Hersdorf-Weißenseifen,Rheinland-Pfalz                         ,108.8
15000,12,3.3,Aachen-Orsbach,Nordrhein-Westfalen                     ,84.0
15207,12,1.1,Schauenburg-Elgershausen,Hessen                                  ,66.0
15444,12,0.1,Ulm-Mähringen,Baden-Württemberg                       ,70.0
15555,12,-0.4,Kaufbeuren-Oberbeuren,Bayern                                  ,96.1
15926,12,-0.1,Fronberg (Schwandorf),Bayern                                  ,57.7
15951,12,1.9,Pirmasens (Kläranlage),Rheinland-Pfalz                         ,95.5
15963,12,3.7,St. Tönis,Nordrhein-Westfalen                     ,72.0
15965,12,0.9,"Brückenau, Bad (Elisabethenhof)",Bayern                                  ,93.2
15979,12,1.3,Sargenroth,Rheinland-Pfalz                         ,67.5
16085,12,2.7,Leherheide,Bremen                                  ,69.2
19087,12,-1.3,Freyung vorm Wald,Bayern                                  ,109.5
19171,12,2.1,Hasenkrug-Hardebek,Schleswig-Holstein                      ,82.6
19172,12,2.1,Wacken,Schleswig-Holstein                      ,86.4
19580,12,1.5,"Urach, Bad/Erms",Baden-Württemberg                       ,75.0
19607,12,-1.2,Cämmerswalde-Rauschenbach,Sachsen                                 ,
19617,12,0.9,Burghaslach,Bayern                                  ,67.4
19647,12,2.2,Eberbach/Neckar,Baden-Württemberg                       ,
19781,12,0.3,Ingolstadt,Bayern                                  ,58.5
